clause_id,policy_id,page_start,page_end,section,subsection,clause_text,label
POL001_HDFC_ERGO_EQUICOVE_C0073,POL001_HDFC_ERGO_EQUICOVE,9,9,4. Coverage,Inpatient Care,"Room Rent, Boarding, Nursing Expenses as provided by the Hospital / Nursing Home up to maximum of 1% of the Sum Insured per day.",Coverage
POL001_HDFC_ERGO_EQUICOVE_C0075,POL001_HDFC_ERGO_EQUICOVE,9,9,4. Coverage,Inpatient Care,"Surgeon, Anesthetist, Medical Practitioner, Consultants, Specialist Fees whether paid directly to the treating Medical Practitioner/ surgeon or to the hospital",Coverage
POL001_HDFC_ERGO_EQUICOVE_C0076,POL001_HDFC_ERGO_EQUICOVE,9,9,4. Coverage,Inpatient Care,"Anaesthesia, blood, oxygen, operation theatre charges, surgical appliances, medicines and drugs, costs towards diagnostics, diagnostic imaging modalities and such similar other expenses. Other expenses",Coverage
POL001_HDFC_ERGO_EQUICOVE_C0077,POL001_HDFC_ERGO_EQUICOVE,9,9,4. Coverage,Inpatient Care,Expenses incurred on treatment of cataract subject to the sub limits.,Coverage
POL001_HDFC_ERGO_EQUICOVE_C0078,POL001_HDFC_ERGO_EQUICOVE,9,9,4. Coverage,Inpatient Care,Dental treatment necessitated due to disease or injury (for inpatient care only).,Coverage
POL001_HDFC_ERGO_EQUICOVE_C0079,POL001_HDFC_ERGO_EQUICOVE,9,9,4. Coverage,Inpatient Care,Plastic surgery necessitated due to disease or injury.,Coverage
POL001_HDFC_ERGO_EQUICOVE_C0081,POL001_HDFC_ERGO_EQUICOVE,9,9,4. Coverage,Note,"Expenses of Hospitalization for a minimum period of 24 consecutive hours only shall be admissible. However, the time limit shall not apply in respect of Day Care Treatment",Coverage
POL001_HDFC_ERGO_EQUICOVE_C0082,POL001_HDFC_ERGO_EQUICOVE,9,10,4. Coverage,Note,"The above-mentioned Medical Expenses shall be payable only after the first commencement of the Policy with the Company 4.2 AYUSH Treatment HDFC ERGO General Insurance Company Limited Policy Wording HDFC ERGO EquiCover Health HDFC ERGO General Insurance Company Limited. IRDAI Reg. No.146 CIN: U66030MH2007PLC177117. Registered & Corporate Office: 6th Floor, Leela Business Park, Andheri-Kurla Road, Andheri (East), Mumbai – 400 059. UIN: HDFC ERGO EquiCover Health - HDFHLIP23192V012223 10 Expenses incurred for inpatient care treatment under Ayurveda, Yoga and Naturopathy, Unani, Siddha and Homeopathy systems of medicines are covered up to 100% of sum insured, during each policy year as specified in the policy schedule. 4.3",Coverage
POL001_HDFC_ERGO_EQUICOVE_C0083,POL001_HDFC_ERGO_EQUICOVE,10,10,4. Coverage,Pre-Hospitalization Medical Expenses,"The Company shall indemnify Pre-Hospitalization Medical Expenses incurred, related to an admissible Hospitalization requiring Inpatient care, for a fixed period of 30 days prior to the date of admissible Hospitalization covered under the Policy during the policy period.",Coverage
POL001_HDFC_ERGO_EQUICOVE_C0084,POL001_HDFC_ERGO_EQUICOVE,10,10,4. Coverage,Conditions,The claim is accepted under Section 4.1 (Inpatient Care) or Section 4.2(AYUSH Treatment) or Section 4.7 (Modern Treatments) in respect of that Insured Person.,Coverage
POL001_HDFC_ERGO_EQUICOVE_C0085,POL001_HDFC_ERGO_EQUICOVE,10,10,4. Coverage,Conditions,Pre-hospitalization Medical Expenses can be claimed under this Section on a Reimbursement basis only. 4.4,Coverage
POL001_HDFC_ERGO_EQUICOVE_C0086,POL001_HDFC_ERGO_EQUICOVE,10,10,4. Coverage,Post-Hospitalization Medical Expenses,"The Company shall indemnify Post Hospitalization Medical Expenses incurred, related to an admissible Hospitalization requiring Inpatient Care, for a fixed period of 60 days from the date of discharge from the Hospital, following an admissible hospitalization covered under the Policy during the policy period.",Coverage
POL001_HDFC_ERGO_EQUICOVE_C0087,POL001_HDFC_ERGO_EQUICOVE,10,10,4. Coverage,Conditions,The claim is accepted under Section 4.1 (Inpatient Care) or Section 4.2(AYUSH Treatment) or Section 4.7 (Modern Treatments) in respect of that Insured Person.,Coverage
POL001_HDFC_ERGO_EQUICOVE_C0088,POL001_HDFC_ERGO_EQUICOVE,10,10,4. Coverage,Conditions,"Post-hospitalization Medical Expenses can be claimed under this Section on a Reimbursement basis only. 4.5 Emergency Ground Ambulance The Company will reimburse Reasonable and Customary Charges for expenses incurred towards ambulance charges for transportation of an Insured person, per hospitalization as per the limit mentioned in Policy 1 Schedule.",Coverage
POL001_HDFC_ERGO_EQUICOVE_C0089,POL001_HDFC_ERGO_EQUICOVE,10,10,4. Coverage,Specific Conditions,The Company will reimburse payments under this Benefit provided that.,Coverage
POL001_HDFC_ERGO_EQUICOVE_C0090,POL001_HDFC_ERGO_EQUICOVE,10,10,4. Coverage,Specific Conditions,The medical condition of the Insured Person requires immediate ambulance services from the place where the Insured Person is Injured or is suffering from an Illness to a Hospital where appropriate medical treatment can be obtained or from the existing Hospital to another Hospital as advised by the treating Medical Practitioner in writing for management of the current Hospitalization.,Coverage
POL001_HDFC_ERGO_EQUICOVE_C0091,POL001_HDFC_ERGO_EQUICOVE,10,10,4. Coverage,Specific Conditions,Expenses incurred on road Ambulance subject to a maximum of Rs.2000/- per hospitalisation.,Coverage
POL001_HDFC_ERGO_EQUICOVE_C0092,POL001_HDFC_ERGO_EQUICOVE,10,10,4. Coverage,Specific Conditions,The ambulance service is offered by a healthcare or Registered Ambulance Service Provider.,Coverage
POL001_HDFC_ERGO_EQUICOVE_C0093,POL001_HDFC_ERGO_EQUICOVE,10,10,4. Coverage,Specific Conditions,The original Ambulance bills and payment receipt is submitted to the Company.,Coverage
POL001_HDFC_ERGO_EQUICOVE_C0094,POL001_HDFC_ERGO_EQUICOVE,10,10,4. Coverage,Specific Conditions,The Company has accepted a claim under Section 4.1 (Inpatient Care) above in respect of the same period of Hospitalization or Section 4.2(AYUSH Treatment) or Section 4.7 (Modern Treatments).,Coverage
POL001_HDFC_ERGO_EQUICOVE_C0095,POL001_HDFC_ERGO_EQUICOVE,10,11,4. Coverage,Specific Conditions,"Any payment under this Benefit will be excluded if the Insured Person is transferred to any Hospital or diagnostic center for evaluation purposes only 4.6 Cataract Treatment HDFC ERGO General Insurance Company Limited Policy Wording HDFC ERGO EquiCover Health HDFC ERGO General Insurance Company Limited. IRDAI Reg. No.146 CIN: U66030MH2007PLC177117. Registered & Corporate Office: 6th Floor, Leela Business Park, Andheri-Kurla Road, Andheri (East), Mumbai – 400 059. UIN: HDFC ERGO EquiCover Health - HDFHLIP23192V012223 11 The company shall indemnify medical expenses incurred for treatment of Cataract, subject to a limit of Rs.40,000/-, per each eye in one policy year. 4.7",Coverage
POL001_HDFC_ERGO_EQUICOVE_C0097,POL001_HDFC_ERGO_EQUICOVE,11,11,4. Coverage,Modern Treatment,Uterine Artery Embolization and HIFU (High intensity focused ultrasound),Coverage
POL001_HDFC_ERGO_EQUICOVE_C0099,POL001_HDFC_ERGO_EQUICOVE,11,11,4. Coverage,Modern Treatment,Deep Brain stimulation,Coverage
POL001_HDFC_ERGO_EQUICOVE_C0104,POL001_HDFC_ERGO_EQUICOVE,11,11,4. Coverage,Modern Treatment,Stereotactic radio Surgeries,Coverage
POL001_HDFC_ERGO_EQUICOVE_C0106,POL001_HDFC_ERGO_EQUICOVE,11,11,4. Coverage,Modern Treatment,Vaporisation of the prostrate (Green laser treatment or holmium laser treatment),Coverage
POL001_HDFC_ERGO_EQUICOVE_C0108,POL001_HDFC_ERGO_EQUICOVE,11,11,4. Coverage,Modern Treatment,Stem cell therapy: Hematopoietic stem cells for bone marrow transplant for haematological conditions to be covered.,Coverage
POL001_HDFC_ERGO_EQUICOVE_C0109,POL001_HDFC_ERGO_EQUICOVE,11,11,5. Waiting Period,,"The Company is not liable to make any payment under the Policy in connection with or in respect of the following expenses till the expiry of the waiting period and any claim in respect of any Insured Person directly or indirectly for, caused by, arising from or any way attributable to any of the following unless expressly stated to the contrary in this Policy. A. Waiting Periods",Waiting Period
POL001_HDFC_ERGO_EQUICOVE_C0110,POL001_HDFC_ERGO_EQUICOVE,11,11,5. Waiting Period,,Pre-Existing Diseases (Code- Excl01),Waiting Period
POL001_HDFC_ERGO_EQUICOVE_C0111,POL001_HDFC_ERGO_EQUICOVE,11,11,5. Waiting Period,,Expenses related to the treatment of a pre-existing Disease (PED) and its direct complications shall be excluded until the expiry of 24months for pre-existing disability/ 36 months for all pre-existing conditions other than HIV/AIDS and Disability(as mentioned in Policy Schedule) of continuous coverage after the date of inception of the first policy with insurer.,Waiting Period
POL001_HDFC_ERGO_EQUICOVE_C0113,POL001_HDFC_ERGO_EQUICOVE,11,11,5. Waiting Period,,"If the Insured Person is continuously covered without any break as defined under the portability norms of the extant IRDAI (Health Insurance) Regulations, then waiting period for the same would be reduced to the extent of prior coverage.",Waiting Period
POL001_HDFC_ERGO_EQUICOVE_C0114,POL001_HDFC_ERGO_EQUICOVE,11,11,5. Waiting Period,,Coverage under the policy after the expiry of number of months (as mentioned in Policy Schedule) for any pre-existing disease is subject to the same being declared at the time of application and accepted by Us,Waiting Period
POL001_HDFC_ERGO_EQUICOVE_C0116,POL001_HDFC_ERGO_EQUICOVE,11,12,5. Waiting Period,,"Expenses related to the treatment of any illness within 30 days from the first policy HDFC ERGO General Insurance Company Limited Policy Wording HDFC ERGO EquiCover Health HDFC ERGO General Insurance Company Limited. IRDAI Reg. No.146 CIN: U66030MH2007PLC177117. Registered & Corporate Office: 6th Floor, Leela Business Park, Andheri-Kurla Road, Andheri (East), Mumbai – 400 059. UIN: HDFC ERGO EquiCover Health - HDFHLIP23192V012223 12 commencement date shall be excluded except claims arising due to an accident, provided the same are covered.",Waiting Period
POL001_HDFC_ERGO_EQUICOVE_C0118,POL001_HDFC_ERGO_EQUICOVE,12,12,5. Waiting Period,,The within referred waiting period is made applicable to the enhanced sum insured in the event of granting higher sum insured subsequently.,Waiting Period
POL001_HDFC_ERGO_EQUICOVE_C0119,POL001_HDFC_ERGO_EQUICOVE,12,12,5. Waiting Period,,Specified disease/procedure waiting period- Code- Excl02,Waiting Period
POL001_HDFC_ERGO_EQUICOVE_C0120,POL001_HDFC_ERGO_EQUICOVE,12,12,5. Waiting Period,,Expenses related to the treatment of the listed Conditions; surgeries/treatments shall be excluded until the expiry of 24monthsas (mentioned in Policy Schedule)of continuous coverage after the date of inception of the first policy with us. This exclusion shall not be applicable for claims arising due to an accident.,Waiting Period
POL001_HDFC_ERGO_EQUICOVE_C0123,POL001_HDFC_ERGO_EQUICOVE,12,12,5. Waiting Period,,The waiting period for listed conditions shall apply even if contracted after the policy or declared and accepted without a specific exclusion.,Waiting Period
POL001_HDFC_ERGO_EQUICOVE_C0124,POL001_HDFC_ERGO_EQUICOVE,12,12,5. Waiting Period,,"If the Insured Person is continuously covered without any break as defined under the applicable norms on portability stipulated by IRDAI, then waiting period for the same would be reduced to the extent of prior coverage. 24 Months waiting period.",Waiting Period
POL001_HDFC_ERGO_EQUICOVE_C0125,POL001_HDFC_ERGO_EQUICOVE,12,12,5. Waiting Period,,Benign ENT disorders,Waiting Period
POL001_HDFC_ERGO_EQUICOVE_C0131,POL001_HDFC_ERGO_EQUICOVE,12,12,5. Waiting Period,,"All internal and external benign tumors, cysts, polyps of any kind, including benign breast lumps.",Waiting Period
POL001_HDFC_ERGO_EQUICOVE_C0132,POL001_HDFC_ERGO_EQUICOVE,12,12,5. Waiting Period,,Benign prostate hypertrophy,Waiting Period
POL001_HDFC_ERGO_EQUICOVE_C0133,POL001_HDFC_ERGO_EQUICOVE,12,12,5. Waiting Period,,Cataract and age-related eye ailments,Waiting Period
POL001_HDFC_ERGO_EQUICOVE_C0134,POL001_HDFC_ERGO_EQUICOVE,12,12,5. Waiting Period,,Gastric/ Duodenal Ulcer,Waiting Period
POL001_HDFC_ERGO_EQUICOVE_C0138,POL001_HDFC_ERGO_EQUICOVE,12,12,5. Waiting Period,,Non-Infective Arthritis,Waiting Period
POL001_HDFC_ERGO_EQUICOVE_C0139,POL001_HDFC_ERGO_EQUICOVE,12,12,5. Waiting Period,,"Piles, Fissures and Fistula in anus",Waiting Period
POL001_HDFC_ERGO_EQUICOVE_C0140,POL001_HDFC_ERGO_EQUICOVE,12,12,5. Waiting Period,,"Pilonidal sinus, Sinusitis and related disorders",Waiting Period
POL001_HDFC_ERGO_EQUICOVE_C0143,POL001_HDFC_ERGO_EQUICOVE,13,13,6. Specific Conditions Applicable for Persons with Disability,,"The Company will indemnify reasonable and customary charges for medical expenses incurred towards Inpatient Hospitalisation arising due to the pre-existing disability covered, or condition as listed under The Rights of Persons With Disabilities Act, 2016 subject to the terms and limits mentioned below.",Condition
POL001_HDFC_ERGO_EQUICOVE_C0145,POL001_HDFC_ERGO_EQUICOVE,13,13,6. Specific Conditions Applicable for Persons with Disability,,Any reconstructive / Cosmetic / prosthesis / external or internal device implanted/ used at home for the purpose of treatment of existing disability or used for activities of daily living are/is excluded from the policy,Condition
POL001_HDFC_ERGO_EQUICOVE_C0147,POL001_HDFC_ERGO_EQUICOVE,13,13,7. Specific Conditions Applicable for Persons with HIV - AIDS,,This cover will exclude cost for any Anti-Retroviral Treatment.,Condition
POL001_HDFC_ERGO_EQUICOVE_C0148,POL001_HDFC_ERGO_EQUICOVE,13,13,8. Exclusions,,Investigation & Evaluation: Code - Excl04:,Exclusion
POL001_HDFC_ERGO_EQUICOVE_C0149,POL001_HDFC_ERGO_EQUICOVE,13,13,8. Exclusions,,Expenses related to any admission primarily for diagnostics and evaluation purposes only are excluded.,Exclusion
POL001_HDFC_ERGO_EQUICOVE_C0151,POL001_HDFC_ERGO_EQUICOVE,13,13,8. Exclusions,,"Rest Cure, rehabilitation and respite care: Code – Excl05: Expenses related to any admission primarily for enforced bed rest and not for receiving treatment. This also includes:",Exclusion
POL001_HDFC_ERGO_EQUICOVE_C0152,POL001_HDFC_ERGO_EQUICOVE,13,13,8. Exclusions,,"Custodial care either at home or in a nursing facility for personal care such as help with activities of daily living such as bathing, dressing, moving around either by skilled nurses or assistant or non-skilled persons.",Exclusion
POL001_HDFC_ERGO_EQUICOVE_C0153,POL001_HDFC_ERGO_EQUICOVE,13,13,8. Exclusions,,"Any services for people who are terminally ill to address physical, social, emotional and spiritual needs.",Exclusion
POL001_HDFC_ERGO_EQUICOVE_C0156,POL001_HDFC_ERGO_EQUICOVE,13,13,8. Exclusions,,The surgery/Procedure conducted should be supported by clinical protocols,Exclusion
POL001_HDFC_ERGO_EQUICOVE_C0157,POL001_HDFC_ERGO_EQUICOVE,13,13,8. Exclusions,,The member has to be 18 years of age or older and,Exclusion
POL001_HDFC_ERGO_EQUICOVE_C0158,POL001_HDFC_ERGO_EQUICOVE,13,13,8. Exclusions,,Body Mass Index (BMI),Exclusion
POL001_HDFC_ERGO_EQUICOVE_C0160,POL001_HDFC_ERGO_EQUICOVE,13,14,8. Exclusions,,"greater than or equal to 35 in conjunction with any of the following severe co- HDFC ERGO General Insurance Company Limited Policy Wording HDFC ERGO EquiCover Health HDFC ERGO General Insurance Company Limited. IRDAI Reg. No.146 CIN: U66030MH2007PLC177117. Registered & Corporate Office: 6th Floor, Leela Business Park, Andheri-Kurla Road, Andheri (East), Mumbai – 400 059. UIN: HDFC ERGO EquiCover Health - HDFHLIP23192V012223 14 morbidities following failure of less invasive methods of weight loss:",Exclusion
POL001_HDFC_ERGO_EQUICOVE_C0162,POL001_HDFC_ERGO_EQUICOVE,14,14,8. Exclusions,,Coronary heart disease,Exclusion
POL001_HDFC_ERGO_EQUICOVE_C0164,POL001_HDFC_ERGO_EQUICOVE,14,14,8. Exclusions,,Uncontrolled type2 diabetes,Exclusion
POL001_HDFC_ERGO_EQUICOVE_C0166,POL001_HDFC_ERGO_EQUICOVE,14,14,8. Exclusions,,"Cosmetic or plastic Surgery: Code – Excl08: Expenses for cosmetic or plastic surgery or any treatment to change appearance unless for reconstruction following an Accident, Burn(s) or Cancer or as part of Medically Necessary Treatment to remove a direct and immediate health risk to the insured. For this to be considered a medical necessity, it must be certified by the attending Medical Practitioner.",Exclusion
POL001_HDFC_ERGO_EQUICOVE_C0167,POL001_HDFC_ERGO_EQUICOVE,14,14,8. Exclusions,,"Hazardous or Adventure Sports: Code – Excl09: Expenses related to any treatment necessitated due to participation as a professional in Hazardous or Adventure sports, including but not limited to, para-jumping, rock climbing, mountaineering, rafting, motor racing, horse racing or scuba diving, hand gliding, sky diving, deep-sea diving.",Exclusion
POL001_HDFC_ERGO_EQUICOVE_C0171,POL001_HDFC_ERGO_EQUICOVE,14,14,8. Exclusions,,"Treatments received in health hydros, nature cure clinics, spas or similar establishments or private beds registered as a nursing home attached to such establishments or where admission is arranged wholly or partly for domestic reasons. Code – Excl13.",Exclusion
POL001_HDFC_ERGO_EQUICOVE_C0172,POL001_HDFC_ERGO_EQUICOVE,14,14,8. Exclusions,,"Dietary supplements and substances that can be purchased without prescription, including but not limited to Vitamins, minerals and organic substances unless prescribed by a Medical Practitioner as part of Hospitalization claim or Day Care procedure. Code – Excl14.",Exclusion
POL001_HDFC_ERGO_EQUICOVE_C0173,POL001_HDFC_ERGO_EQUICOVE,14,14,8. Exclusions,,Refractive Error: Code – Excl15: Expenses related to the treatment for correction of eye sight due to refractive error less than 7.5 dioptres.,Exclusion
POL001_HDFC_ERGO_EQUICOVE_C0174,POL001_HDFC_ERGO_EQUICOVE,14,14,8. Exclusions,,"Unproven Treatments: Code – Excl16: Expenses related to any unproven treatment, services and supplies for or in connection with any treatment. Unproven treatments are treatments, procedures or supplies that lack significant medical documentation to support their effectiveness.",Exclusion
POL001_HDFC_ERGO_EQUICOVE_C0175,POL001_HDFC_ERGO_EQUICOVE,14,14,8. Exclusions,,Sterility and Infertility: Code – Excl17: Expenses related to sterility and infertility. This includes:,Exclusion
POL001_HDFC_ERGO_EQUICOVE_C0176,POL001_HDFC_ERGO_EQUICOVE,14,14,8. Exclusions,,"Any type of contraception, sterilization",Exclusion
POL001_HDFC_ERGO_EQUICOVE_C0177,POL001_HDFC_ERGO_EQUICOVE,14,15,8. Exclusions,,"Assisted Reproduction services including artificial insemination and advanced reproductive technologies such as IVF, ZIFT, GIFT, ICSI HDFC ERGO General Insurance Company Limited Policy Wording HDFC ERGO EquiCover Health HDFC ERGO General Insurance Company Limited. IRDAI Reg. No.146 CIN: U66030MH2007PLC177117. Registered & Corporate Office: 6th Floor, Leela Business Park, Andheri-Kurla Road, Andheri (East), Mumbai – 400 059. UIN: HDFC ERGO EquiCover Health - HDFHLIP23192V012223 15 iii. Gestational Surrogacy",Exclusion
POL001_HDFC_ERGO_EQUICOVE_C0179,POL001_HDFC_ERGO_EQUICOVE,15,15,8. Exclusions,,Maternity: Code – Excl18,Exclusion
POL001_HDFC_ERGO_EQUICOVE_C0180,POL001_HDFC_ERGO_EQUICOVE,15,15,8. Exclusions,,Medical treatment expenses traceable to childbirth (including complicated deliveries and caesarean sections incurred during hospitalization) except ectopic pregnancy; Expenses towards miscarriage (unless due to an accident) and lawful medical termination of pregnancy during the Policy Period 8.2 Specific Exclusions,Exclusion
POL001_HDFC_ERGO_EQUICOVE_C0182,POL001_HDFC_ERGO_EQUICOVE,15,15,8. Exclusions,,Hospitalization for donation of any body organs by an Insured including complications arising from the donation of organs.,Exclusion
POL001_HDFC_ERGO_EQUICOVE_C0183,POL001_HDFC_ERGO_EQUICOVE,15,15,8. Exclusions,,"Nuclear damage caused by, contributed to, by or arising from ionising radiation or contamination by radioactivity from: 3.1 any nuclear fuel or from any nuclear waste; or 3.2 from the combustion of nuclear fuel (including any self-sustaining process of nuclear fission); 3.3 nuclear weapons material. 3.4 nuclear equipment or any part of that equipment.",Exclusion
POL001_HDFC_ERGO_EQUICOVE_C0184,POL001_HDFC_ERGO_EQUICOVE,15,15,8. Exclusions,,"War, invasion, acts of foreign enemies, hostilities (whether war be declared or not), civil war, commotion, unrest, rebellion, revolution, insurrection, military or usurped power or confiscation or nationalisation or requisition of or damage by or under the order of any government or public local authority.",Exclusion
POL001_HDFC_ERGO_EQUICOVE_C0185,POL001_HDFC_ERGO_EQUICOVE,15,15,8. Exclusions,,Injury or Disease caused by or contributed to by nuclear weapons/materials.,Exclusion
POL001_HDFC_ERGO_EQUICOVE_C0186,POL001_HDFC_ERGO_EQUICOVE,15,15,8. Exclusions,,"Circumcision unless necessary for treatment of a disease, illness or injury not excluded hereunder, or as may be necessitated due to an accident.",Exclusion
POL001_HDFC_ERGO_EQUICOVE_C0187,POL001_HDFC_ERGO_EQUICOVE,15,15,8. Exclusions,,"Treatment with alternative medicines or Treatment, experimental or any other treatment such as acupuncture, acupressure, magnetic, osteopath, naturopathy, chiropractic, reflexology and aromatherapy.",Exclusion
POL001_HDFC_ERGO_EQUICOVE_C0188,POL001_HDFC_ERGO_EQUICOVE,15,15,8. Exclusions,,"Suicide, intentional self-injury (including but not limited to the use or misuse of any intoxicating drugs or alcohol) and any violation of law or participation in an event / activity that is against law with a criminal intent.",Exclusion
POL001_HDFC_ERGO_EQUICOVE_C0190,POL001_HDFC_ERGO_EQUICOVE,15,15,8. Exclusions,,"Convalescence, general debility, ""Run-down"" condition, rest cure, Congenital external illness/disease/defect.",Exclusion
POL001_HDFC_ERGO_EQUICOVE_C0191,POL001_HDFC_ERGO_EQUICOVE,15,15,8. Exclusions,,"Outpatient diagnostic, medical and surgical procedures or treatments, non-prescribed drugs and medical supplies, hormone replacement therapy and expenses related to Domiciliary hospitalization shall not be covered.",Exclusion
POL001_HDFC_ERGO_EQUICOVE_C0192,POL001_HDFC_ERGO_EQUICOVE,15,15,8. Exclusions,,Dental treatment or Surgery of any kind unless requiring Hospitalisation as a result of accidental Bodily Injury.,Exclusion
POL001_HDFC_ERGO_EQUICOVE_C0193,POL001_HDFC_ERGO_EQUICOVE,15,15,8. Exclusions,,Venereal/ Sexually Transmitted disease,Exclusion
POL001_HDFC_ERGO_EQUICOVE_C0196,POL001_HDFC_ERGO_EQUICOVE,16,16,8. Exclusions,,Non-Payable items: The expenses that are not covered in this Policy are placed under List-I of Annexure-11,Exclusion
POL001_HDFC_ERGO_EQUICOVE_C0199,POL001_HDFC_ERGO_EQUICOVE,16,16,9. General Terms & Conditions,Disclosure of Information,"The policy shall be void and all premium paid thereon shall be forfeited to the Company in the event of misrepresentation, mis-description or non-disclosure of any material fact by the Policyholder.",Condition
POL001_HDFC_ERGO_EQUICOVE_C0200,POL001_HDFC_ERGO_EQUICOVE,16,16,9. General Terms & Conditions,Condition Precedent to Admission of Liability,The terms and conditions of the policy must be fulfilled by the insured person for the Company to make any payment for claim(s) arising under the policy.,Condition
POL001_HDFC_ERGO_EQUICOVE_C0201,POL001_HDFC_ERGO_EQUICOVE,16,16,9. General Terms & Conditions,Claim Settlement (provision for Penal Interest),"The Company shall settle or reject a claim, as the case may be, within 15 days from the date of receipt of receipt of intimation.",Condition
POL001_HDFC_ERGO_EQUICOVE_C0202,POL001_HDFC_ERGO_EQUICOVE,16,16,9. General Terms & Conditions,Claim Settlement (provision for Penal Interest),"In the case of delay in the payment of a claim, the Company shall be liable to pay interest to the Policyholder from the date of receipt of intimation to the date of payment of claim at a rate 2% above the bank rate.",Condition
POL001_HDFC_ERGO_EQUICOVE_C0203,POL001_HDFC_ERGO_EQUICOVE,16,16,9. General Terms & Conditions,Complete Discharge,"Any payment to the Policyholder, Insured Person or his/ her nominees or his/ her legal representative or assignee or to the Hospital, as the case may be, for any benefit under the Policy shall be a valid discharge towards payment of claim by the Company to the extent of that amount for the particular claim.",Condition
POL001_HDFC_ERGO_EQUICOVE_C0204,POL001_HDFC_ERGO_EQUICOVE,16,16,9. General Terms & Conditions,Multiple Policies,"In case of multiple policies taken by an Insured Person during a period from one or more insurers to indemnify treatment costs, the Insured Person shall have the right to require a settlement of his/her claim in terms of any of his/her policies. In all such cases the Insurer chosen by the Insured Person shall be obliged to settle the claim as long as the claim is within the limits of and according to the terms of the chosen Policy.",Condition
POL001_HDFC_ERGO_EQUICOVE_C0205,POL001_HDFC_ERGO_EQUICOVE,16,16,9. General Terms & Conditions,Multiple Policies,Insured Person having multiple policies shall also have the right to prefer claims under this Policy for the amounts disallowed under any other policy / policies even if the Sum Insured is not exhausted. Then the insurer shall independently settle the claim subject to the terms and conditions of this Policy.,Condition
POL001_HDFC_ERGO_EQUICOVE_C0208,POL001_HDFC_ERGO_EQUICOVE,17,17,9. General Terms & Conditions,Multiple Policies,"the suggestion, as a fact of that which is not true and which the Insured Person does not believe to be true;",Condition
POL001_HDFC_ERGO_EQUICOVE_C0209,POL001_HDFC_ERGO_EQUICOVE,17,17,9. General Terms & Conditions,Multiple Policies,the active concealment of a fact by the Insured Person having knowledge or belief of the fact;,Condition
POL001_HDFC_ERGO_EQUICOVE_C0211,POL001_HDFC_ERGO_EQUICOVE,17,17,9. General Terms & Conditions,Multiple Policies,"any such act or omission as the law specially declares to be fraudulent. The Company shall not repudiate the claim and / or forfeit the Policy benefits on the ground of Fraud, if the Insured Person / beneficiary can prove that the mis-statement was true to the best of his knowledge and there was no deliberate intention to suppress the fact or that such mis-statement of or suppression of material fact are within the knowledge of the Insurer.",Condition
POL001_HDFC_ERGO_EQUICOVE_C0212,POL001_HDFC_ERGO_EQUICOVE,17,17,9. General Terms & Conditions,Cancellation,"The Policyholder may cancel this policy by giving 7 days’ written notice and in such an event, the Company shall refund to the Insured a pro-rata premium for the unexpired Policy Period. Note: For Policies where premium is paid by instalment: In case of admissible claim under the Policy, future instalment for the current Policy Year will be adjusted in the claim amount and no refund of any premium will be applicable during the Policy Year.",Condition
POL001_HDFC_ERGO_EQUICOVE_C0213,POL001_HDFC_ERGO_EQUICOVE,17,17,9. General Terms & Conditions,Cancellation,The Company may cancel the Policy at any time on grounds of established fraud or non-disclosure or misrepresentation by the Insured Person by giving 15 days’ written notice. There would be no refund of premium on cancellation on grounds of established fraud or non-disclosure or misrepresentation,Condition
POL001_HDFC_ERGO_EQUICOVE_C0214,POL001_HDFC_ERGO_EQUICOVE,17,17,9. General Terms & Conditions,Cancellation,"Refund of Policy premium in case of death of Insured Person/s: Policy premium shall be refunded proportionately for the deceased Insured Person, for the unexpired Policy Period in case of death of any Insured Person/s",Condition
POL001_HDFC_ERGO_EQUICOVE_C0215,POL001_HDFC_ERGO_EQUICOVE,17,17,9. General Terms & Conditions,Cancellation,"Notwithstanding anything contained herein or otherwise, no refunds of premium shall be made in respect of Cancellation where any claim has been admitted or any benefit has been availed by the Insured Person under the Policy. b.",Condition
POL001_HDFC_ERGO_EQUICOVE_C0217,POL001_HDFC_ERGO_EQUICOVE,18,18,9. General Terms & Conditions,Migration,The waiting periods specified in Section 5 shall be reduced by the number of continuous preceding years of coverage of the Insured Person under the previous health insurance Policy.,Condition
POL001_HDFC_ERGO_EQUICOVE_C0218,POL001_HDFC_ERGO_EQUICOVE,18,18,9. General Terms & Conditions,Migration,"Migration benefit will be offered to the extent of sum of previous insured and accrued bonus(as part of the sum insured), migration benefit shall not apply to any other additional increased Sum Insured.",Condition
POL001_HDFC_ERGO_EQUICOVE_C0219,POL001_HDFC_ERGO_EQUICOVE,18,18,9. General Terms & Conditions,Migration,Migration under this product shall be allowed only due to withdrawal of the product subject to IRDAI Regulations,Condition
POL001_HDFC_ERGO_EQUICOVE_C0220,POL001_HDFC_ERGO_EQUICOVE,18,18,9. General Terms & Conditions,Portability,"The Insured Person will have the option to port the Policy to same product of other insurers as per extant Guidelines related to portability, If such person is presently covered and has been continuously covered without any lapses under this health insurance plan with an Indian General/Health insurer as per Guidelines on portability, the proposed Insured Person will get all the accrued continuity benefits in waiting periods as under:",Condition
POL001_HDFC_ERGO_EQUICOVE_C0221,POL001_HDFC_ERGO_EQUICOVE,18,18,9. General Terms & Conditions,Portability,The waiting periods specified in Section 5 shall be reduced by the number of continuous preceding years of coverage of the Insured Person under the previous health insurance Policy.,Condition
POL001_HDFC_ERGO_EQUICOVE_C0222,POL001_HDFC_ERGO_EQUICOVE,18,18,9. General Terms & Conditions,Portability,"Portability benefit will be offered to the extent of sum of previous sum insured and accrued bonus (as part of the sum insured), portability benefit shall not apply to any other additional increased Sum Insured.",Condition
POL001_HDFC_ERGO_EQUICOVE_C0223,POL001_HDFC_ERGO_EQUICOVE,18,18,9. General Terms & Conditions,Renewal of Policy,"A health insurance policy shall be renewable except on grounds of established fraud or nondisclosure or misrepresentation by the insured, provided the policy is not withdrawn and also subject to conditions stated under Moratorium clause.",Condition
POL001_HDFC_ERGO_EQUICOVE_C0224,POL001_HDFC_ERGO_EQUICOVE,18,18,9. General Terms & Conditions,Renewal of Policy,"Renewal of a health insurance policy shall not be denied on the ground that the insured had made a claim or claims in the preceding policy years, except for benefit based policies where the policy terminates following payment of the benefit covered under the policy like critical illness policies.",Condition
POL001_HDFC_ERGO_EQUICOVE_C0225,POL001_HDFC_ERGO_EQUICOVE,18,18,9. General Terms & Conditions,Renewal of Policy,The company shall condone a delay in renewal up to the grace period from the due date of renewal without considering such condonation as a break in policy.,Condition
POL001_HDFC_ERGO_EQUICOVE_C0226,POL001_HDFC_ERGO_EQUICOVE,18,18,9. General Terms & Conditions,Renewal of Policy,No loading shall apply on renewals based on individual claims experience,Condition
POL001_HDFC_ERGO_EQUICOVE_C0230,POL001_HDFC_ERGO_EQUICOVE,18,19,9. General Terms & Conditions,Premium Payment in Instalments,"Half Yearly, Quarterly or Monthly, as mentioned in Your Policy Schedule/Certificate of Insurance, the following HDFC ERGO General Insurance Company Limited Policy Wording HDFC ERGO EquiCover Health HDFC ERGO General Insurance Company Limited. IRDAI Reg. No.146 CIN: U66030MH2007PLC177117. Registered & Corporate Office: 6th Floor, Leela Business Park, Andheri-Kurla Road, Andheri (East), Mumbai – 400 059. UIN: HDFC ERGO EquiCover Health - HDFHLIP23192V012223 19 Conditions shall apply (notwithstanding any terms contrary elsewhere in the Policy)",Condition
POL001_HDFC_ERGO_EQUICOVE_C0231,POL001_HDFC_ERGO_EQUICOVE,19,19,9. General Terms & Conditions,Premium Payment in Instalments,Grace Period of 15 days would be given to pay the installment premium due for the Policy.,Condition
POL001_HDFC_ERGO_EQUICOVE_C0232,POL001_HDFC_ERGO_EQUICOVE,19,19,9. General Terms & Conditions,Premium Payment in Instalments,"If premium is paid in instalments then coverage will be available during the grace period also. (Note: In case of non-instalment premium payment, coverage shall not be available for the period for which no premium is received).",Condition
POL001_HDFC_ERGO_EQUICOVE_C0234,POL001_HDFC_ERGO_EQUICOVE,19,19,9. General Terms & Conditions,Premium Payment in Instalments,No interest will be charged If the installment premium is not paid on due date.,Condition
POL001_HDFC_ERGO_EQUICOVE_C0235,POL001_HDFC_ERGO_EQUICOVE,19,19,9. General Terms & Conditions,Premium Payment in Instalments,"In case of installment premium due not received within the grace Period, the Policy will get cancelled.",Condition
POL001_HDFC_ERGO_EQUICOVE_C0236,POL001_HDFC_ERGO_EQUICOVE,19,19,9. General Terms & Conditions,Moratorium Period,"After completion of sixty continuous months of coverage (including portability and migration) in health insurance policy, no policy and claim shall be contestable by the insurer on grounds of non-disclosure, misrepresentation, except on grounds of established fraud. This period of sixty continuous months is called as moratorium period. The moratorium would be applicable for the sums insured of the first policy. Wherever, the sum insured is enhanced, completion of sixty continuous months would be applicable from the date of enhancement of sums insured only on the enhanced limits.",Condition
POL001_HDFC_ERGO_EQUICOVE_C0238,POL001_HDFC_ERGO_EQUICOVE,19,19,9. General Terms & Conditions,Free Look Period,"The Free Look Period shall be applicable on new individual health insurance policies and not on renewals of the Policy. The insured person shall be allowed free look period of 30 days from date of receipt of the policy document to review the terms and conditions of the policy, and to return the same if not acceptable. If the insured has not made any claim during the Free Look Period, the insured shall be entitled to",Condition
POL001_HDFC_ERGO_EQUICOVE_C0239,POL001_HDFC_ERGO_EQUICOVE,19,19,9. General Terms & Conditions,Free Look Period,a refund of the premium paid less any expenses incurred by the Company on medical examination of the insured person and the stamp duty charges or,Condition
POL001_HDFC_ERGO_EQUICOVE_C0242,POL001_HDFC_ERGO_EQUICOVE,19,19,9. General Terms & Conditions,Withdrawal of Policy,"In the likelihood of this product being withdrawn in future, the Company will intimate the Insured Person about the same 90 days prior to expiry of the policy.",Condition
POL001_HDFC_ERGO_EQUICOVE_C0244,POL001_HDFC_ERGO_EQUICOVE,20,20,9. General Terms & Conditions,Grievance Redressal Procedure,"HDFC ERGO General Insurance Company Limited Policy Wording HDFC ERGO EquiCover Health HDFC ERGO General Insurance Company Limited. IRDAI Reg. No.146 CIN: U66030MH2007PLC177117. Registered & Corporate Office: 6th Floor, Leela Business Park, Andheri-Kurla Road, Andheri (East), Mumbai – 400 059. UIN: HDFC ERGO EquiCover Health - HDFHLIP23192V012223 20 In case of any grievance the insured person may contact the company through: First Point of Contact Call us at 022 6158 2020 / 022 6234 6234/www.hdfcergo.com Level 1 For lack of a response or if the response provided does not meet your expectation, you can:",Condition
POL001_HDFC_ERGO_EQUICOVE_C0245,POL001_HDFC_ERGO_EQUICOVE,20,20,9. General Terms & Conditions,Grievance Redressal Procedure,"Write to The Complaints & Grievance Cell (C&G Cell) HDFC ERGO General Insurance Company Limited, D-301, 3rd Floor, Eastern Business District (Magnet Mall), LBS Marg, Bhandup (West), Mumbai – 400078, Maharashtra",Condition
POL001_HDFC_ERGO_EQUICOVE_C0248,POL001_HDFC_ERGO_EQUICOVE,20,20,9. General Terms & Conditions,Grievance Redressal Procedure,"Write to the Chief Grievance Officer HDFC ERGO General Insurance Company Limited, D-301, 3rd Floor, Eastern Business District (Magnet Mall), LBS Marg, Bhandup (West), Mumbai – 400078, Maharashtra",Condition
POL001_HDFC_ERGO_EQUICOVE_C0249,POL001_HDFC_ERGO_EQUICOVE,20,20,9. General Terms & Conditions,Grievance Redressal Procedure,"You can also write an email to cgo@hdfcergo.com Level 3 In case grievance is not resolved at the above escalation levels, you can also lodge an online complaint through the website of Council for Insurance Ombudsmen (CIO) Dedicated Helpline For Email ID Contact Number Senior Citizen seniorcitizen@hdfcergo.com 022 6158 2026 Women - 022 6158 2055 You may also refer the Grievance Redressal Escalation matrix on our website https://www.hdfcergo.com/customer-voice/grievances If Insured Person is not satisfied with the redressal of grievance through above methods, the Insured Person may also approach the office of Insurance Ombudsman of the respective area/region for redressal of grievance as per Insurance Ombudsman Rules 2017. Grievance may also be lodged at IRDAI Integrated Grievance Management System - https://bimabharosa.irdai.gov.in",Condition
POL001_HDFC_ERGO_EQUICOVE_C0250,POL001_HDFC_ERGO_EQUICOVE,20,21,9. General Terms & Conditions,Nomination,"The policy holder is required at the inception of the policy to make a nomination for the purpose of payment of claims under the policy in the event of death of the policy holder. Any change of nomination shall be communicated to the Company in writing and such change HDFC ERGO General Insurance Company Limited Policy Wording HDFC ERGO EquiCover Health HDFC ERGO General Insurance Company Limited. IRDAI Reg. No.146 CIN: U66030MH2007PLC177117. Registered & Corporate Office: 6th Floor, Leela Business Park, Andheri-Kurla Road, Andheri (East), Mumbai – 400 059. UIN: HDFC ERGO EquiCover Health - HDFHLIP23192V012223 21 shall be effective only when an endorsement on the policy is made. In the event of death of the Insured Person, the Company will pay the nominee (as named in the Policy Schedule/endorsement (if any)) and in case there is no subsisting nominee, to the legal heirs or legal representatives of the Insured Person whose discharge shall be treated as full and final discharge of its liability under the Policy 9.2 Specific Conditions I. Condition Precedent to the contract",Condition
POL001_HDFC_ERGO_EQUICOVE_C0252,POL001_HDFC_ERGO_EQUICOVE,21,21,9. General Terms & Conditions,Nomination,"If any dispute or difference shall arise as to the quantum to be paid under this Policy (liability being otherwise admitted) such difference shall independent of all other questions be referred to the decision of a sole arbitrator to be appointed in writing by the parties thereto, or if they cannot agree upon a single arbitrator within 30 days of any party invoking arbitration, the same shall be referred to a panel of three arbitrators, comprising of two arbitrators, one t be appointed by each of the parties to the dispute/difference and the third arbitrator to be appointed by such two Arbitrators who shall act as the presiding arbitrator and Arbitration shall be conducted under and in accordance with the provisions of the Arbitration and Conciliation Act, 1996) as amended by Arbitration and Conciliation (Amendment) Act, 2015 (No. 3 of 2016).",Condition
POL001_HDFC_ERGO_EQUICOVE_C0253,POL001_HDFC_ERGO_EQUICOVE,21,21,9. General Terms & Conditions,Nomination,"It is clearly agreed and understood that no difference or dispute shall be referable to arbitration, as hereinbefore provided, if the Company has disputed or not accepted liability under or in respect of this Policy.",Condition
POL001_HDFC_ERGO_EQUICOVE_C0254,POL001_HDFC_ERGO_EQUICOVE,21,21,9. General Terms & Conditions,Nomination,lt is here by expressly stipulated and declared that it shall be a condition precedent to any right of action or suit upon this Policy that the award by such arbitrator/ arbitrators of the amount of expenses shall be first obtained,Condition
POL001_HDFC_ERGO_EQUICOVE_C0255,POL001_HDFC_ERGO_EQUICOVE,21,21,9. General Terms & Conditions,Nomination,"Change of Sum Insured Sum Insured can be changed (increase / decrease) only at the time of Renewal or at any time, subject to underwriting by the Company. For any increase in Sum Insured, the waiting period shall start afresh only for the enhance portion of the Sum Insured.",Condition
POL001_HDFC_ERGO_EQUICOVE_C0258,POL001_HDFC_ERGO_EQUICOVE,21,21,9. General Terms & Conditions,Nomination,"Any notice, direction, instruction, or any other communication related to the Policy should be made in writing.",Condition
POL001_HDFC_ERGO_EQUICOVE_C0259,POL001_HDFC_ERGO_EQUICOVE,21,21,9. General Terms & Conditions,Nomination,Such communication shall be sent to the address of the Company or through any other electronic modes specified in the Policy Schedule.,Condition
POL001_HDFC_ERGO_EQUICOVE_C0260,POL001_HDFC_ERGO_EQUICOVE,21,21,9. General Terms & Conditions,Nomination,The Company shall communicate to the Insured at the address or through any other electronic mode mentioned in the schedule/certificate of insurance.,Condition
POL001_HDFC_ERGO_EQUICOVE_C0261,POL001_HDFC_ERGO_EQUICOVE,21,22,9. General Terms & Conditions,Nomination,"Records to be Maintained. The Insured Person shall keep an accurate record containing all relevant medical records and shall allow the Company or its representatives to inspect such records. The Insured Person shall furnish such information as the Company may require for settlement of any claim under the Policy, within reasonable time limit and within the time limit specified in the Policy. HDFC ERGO General Insurance Company Limited Policy Wording HDFC ERGO EquiCover Health HDFC ERGO General Insurance Company Limited. IRDAI Reg. No.146 CIN: U66030MH2007PLC177117. Registered & Corporate Office: 6th Floor, Leela Business Park, Andheri-Kurla Road, Andheri (East), Mumbai – 400 059. UIN: HDFC ERGO EquiCover Health - HDFHLIP23192V012223",Condition
POL001_HDFC_ERGO_EQUICOVE_C0262,POL001_HDFC_ERGO_EQUICOVE,22,22,9. General Terms & Conditions,Nomination,"Territorial Jurisdiction All disputes or differences under or in relation to the interpretation of the terms, conditions, validity, construct, limitations and/or exclusions contained in the Policy shall be determined by the Indian court and according to Indian law.",Condition
POL001_HDFC_ERGO_EQUICOVE_C0263,POL001_HDFC_ERGO_EQUICOVE,22,22,9. General Terms & Conditions,Nomination,"Eligibility Criteria All Persons with Disability who have at least one of the disabilities as defined under Specified Disability under The Rights Of Persons With Disabilities Act, 2016 with valid disability certificate are eligible to enroll this product. II. Conditions applicable during the contract",Condition
POL001_HDFC_ERGO_EQUICOVE_C0264,POL001_HDFC_ERGO_EQUICOVE,22,22,9. General Terms & Conditions,Nomination,"Alterations in the Policy The Proposal Form, Policy Schedule constitute the complete contract of insurance. This Policy constitutes the complete contract of insurance between the Policyholder and the Company. No change or alteration will be effective or valid unless approved in writing which will be evidenced by a written endorsement, signed, and stamped by Company. All endorsement requests will be made by the Insured Person only. This Policy cannot be changed by anyone (including an insurance agent or broker) except the Company.",Condition
POL001_HDFC_ERGO_EQUICOVE_C0265,POL001_HDFC_ERGO_EQUICOVE,22,22,9. General Terms & Conditions,Nomination,Revision and Modification of the Policy Producti. Any revision or modification will be done with the approval of the Authority. We shall notify You about revision /modification in the Policy including premium payable thereunder. Such information shall be given to You at least ninety (90} days prior to the effective date of modification or revision coming into effect.,Condition
POL001_HDFC_ERGO_EQUICOVE_C0267,POL001_HDFC_ERGO_EQUICOVE,22,22,9. General Terms & Conditions,Nomination,Terms and conditions of the Policy The terms and conditions contained herein and in the Policy Schedule be deemed to form part of the Policy and shall be read together as one document.,Condition
POL001_HDFC_ERGO_EQUICOVE_C0268,POL001_HDFC_ERGO_EQUICOVE,22,22,10. Claim Procedure,Procedure for Cashless claims,"Treatment may be taken in a network provider and is subject to preauthorization by the Company or its authorized TPA,",Claim Requirement
POL001_HDFC_ERGO_EQUICOVE_C0271,POL001_HDFC_ERGO_EQUICOVE,22,22,10. Claim Procedure,Procedure for Cashless claims,"At the time of discharge, the insured person has to verify and sign the discharge papers, pay for non-medical and inadmissible expenses.",Claim Requirement
POL001_HDFC_ERGO_EQUICOVE_C0272,POL001_HDFC_ERGO_EQUICOVE,22,22,10. Claim Procedure,Procedure for Cashless claims,"The Company/ TPA reserves the right to deny pre-authorization in case the insured person is unable to provide the relevant medical details,",Claim Requirement
POL001_HDFC_ERGO_EQUICOVE_C0273,POL001_HDFC_ERGO_EQUICOVE,22,23,10. Claim Procedure,Procedure for Cashless claims,"In case of denial of cashless access, the insured person may obtain the treatment as per treating doctor's advice and submit the claim documents to the Company I TPA for reimbursement. HDFC ERGO General Insurance Company Limited Policy Wording HDFC ERGO EquiCover Health HDFC ERGO General Insurance Company Limited. IRDAI Reg. No.146 CIN: U66030MH2007PLC177117. Registered & Corporate Office: 6th Floor, Leela Business Park, Andheri-Kurla Road, Andheri (East), Mumbai – 400 059. UIN: HDFC ERGO EquiCover Health - HDFHLIP23192V012223 23 9.1",Claim Requirement
POL001_HDFC_ERGO_EQUICOVE_C0274,POL001_HDFC_ERGO_EQUICOVE,23,23,10. Claim Procedure,Procedure for reimbursement of claims,For reimbursement of claims the insured person may submit the necessary documents to Company within the prescribed time limit as specified hereunder. S.No Type of Claim Prescribed Time limit,Claim Requirement
POL001_HDFC_ERGO_EQUICOVE_C0276,POL001_HDFC_ERGO_EQUICOVE,23,23,10. Claim Procedure,Procedure for reimbursement of claims,Reimbursement of post hospitalization expenses Within fifteen days from completion of post hospitalization treatment 10.2 Notification of Claim Notice with full particulars shall be sent to the Company /TPA (if applicable} as under:,Claim Requirement
POL001_HDFC_ERGO_EQUICOVE_C0277,POL001_HDFC_ERGO_EQUICOVE,23,23,10. Claim Procedure,Procedure for reimbursement of claims,"Within 24 hours from the date of emergency hospitalization required or before the Insured Person's discharge from Hospital, whichever is earlier.",Claim Requirement
POL001_HDFC_ERGO_EQUICOVE_C0279,POL001_HDFC_ERGO_EQUICOVE,23,23,10. Claim Procedure,Procedure for reimbursement of claims,Dully filled Claim form,Claim Requirement
POL001_HDFC_ERGO_EQUICOVE_C0280,POL001_HDFC_ERGO_EQUICOVE,23,23,10. Claim Procedure,Procedure for reimbursement of claims,Identity proof of the claimant,Claim Requirement
POL001_HDFC_ERGO_EQUICOVE_C0281,POL001_HDFC_ERGO_EQUICOVE,23,23,10. Claim Procedure,Procedure for reimbursement of claims,Medical practitioner's prescription advising admission.,Claim Requirement
POL001_HDFC_ERGO_EQUICOVE_C0284,POL001_HDFC_ERGO_EQUICOVE,23,23,10. Claim Procedure,Procedure for reimbursement of claims,Discharge summary including complete medical history of the patient along with other details.,Claim Requirement
POL001_HDFC_ERGO_EQUICOVE_C0285,POL001_HDFC_ERGO_EQUICOVE,23,23,10. Claim Procedure,Procedure for reimbursement of claims,Investigation/ Diagnostic test reports etc. supported by the prescription from attending medical practitioner,Claim Requirement
POL001_HDFC_ERGO_EQUICOVE_C0286,POL001_HDFC_ERGO_EQUICOVE,23,23,10. Claim Procedure,Procedure for reimbursement of claims,OT notes or Surgeon's certificate giving details of the operation performed (for surgical cases).,Claim Requirement
POL001_HDFC_ERGO_EQUICOVE_C0288,POL001_HDFC_ERGO_EQUICOVE,23,23,10. Claim Procedure,Procedure for reimbursement of claims,"MLR (Medico Legal Report copy if carried out and FIR (First information report) if registered, wherever applicable.",Claim Requirement
POL001_HDFC_ERGO_EQUICOVE_C0293,POL001_HDFC_ERGO_EQUICOVE,23,23,10. Claim Procedure,Procedure for reimbursement of claims,The company shall only accept bills/invoices/medical treatment related documents only in the Insured Person's name for whom the claim is submitted.,Claim Requirement
POL001_HDFC_ERGO_EQUICOVE_C0294,POL001_HDFC_ERGO_EQUICOVE,23,24,10. Claim Procedure,Procedure for reimbursement of claims,"In the event of a claim lodged under the Policy and the original documents having been submitted to any other insurer, the Company shall accept the copy of the documents and claim settlement advice, duly certified by the other insurer subject to satisfaction of the HDFC ERGO General Insurance Company Limited Policy Wording HDFC ERGO EquiCover Health HDFC ERGO General Insurance Company Limited. IRDAI Reg. No.146 CIN: U66030MH2007PLC177117. Registered & Corporate Office: 6th Floor, Leela Business Park, Andheri-Kurla Road, Andheri (East), Mumbai – 400 059. UIN: HDFC ERGO EquiCover Health - HDFHLIP23192V012223 24 Company",Claim Requirement
POL001_HDFC_ERGO_EQUICOVE_C0295,POL001_HDFC_ERGO_EQUICOVE,24,24,10. Claim Procedure,Procedure for reimbursement of claims,Any delay in notification or submission may be condoned on merit where delay is proved to be for reasons beyond the control of the Insured Person,Claim Requirement
POL001_HDFC_ERGO_EQUICOVE_C0296,POL001_HDFC_ERGO_EQUICOVE,24,24,10. Claim Procedure,Procedure for reimbursement of claims,"In case of payment for HIV/AIDS, Insured will need to submit the below mentioned documents for the processing of Claim:",Claim Requirement
POL001_HDFC_ERGO_EQUICOVE_C0297,POL001_HDFC_ERGO_EQUICOVE,24,24,10. Claim Procedure,Procedure for reimbursement of claims,Identity proof of the claimant,Claim Requirement
POL001_HDFC_ERGO_EQUICOVE_C0298,POL001_HDFC_ERGO_EQUICOVE,24,24,10. Claim Procedure,Procedure for reimbursement of claims,Dully filled Claim form,Claim Requirement
POL001_HDFC_ERGO_EQUICOVE_C0300,POL001_HDFC_ERGO_EQUICOVE,24,24,10. Claim Procedure,Procedure for reimbursement of claims,Copy of Medical reports/records,Claim Requirement
POL001_HDFC_ERGO_EQUICOVE_C0301,POL001_HDFC_ERGO_EQUICOVE,24,24,10. Claim Procedure,Procedure for reimbursement of claims,Copy of Investigation reports,Claim Requirement
POL001_HDFC_ERGO_EQUICOVE_C0302,POL001_HDFC_ERGO_EQUICOVE,24,24,10. Claim Procedure,Procedure for reimbursement of claims,Medical Practitioner's certificate g..Any other relevant document as requested by the Insurer_,Claim Requirement
POL001_HDFC_ERGO_EQUICOVE_C0303,POL001_HDFC_ERGO_EQUICOVE,24,24,10. Claim Procedure,Procedure for reimbursement of claims,"On receipt of claim documents from Insured Insurer shall assess the admissibility of claim as per Policy terms and conditions. Upon satisfactory completion of assessment and admission of claim, the Insurer will make the payment of benefit as per the contract. In case if the claim is repudiated Insurer will inform the Insured about the same in writing with reason for repudiation 10.4 Co-payment Each and every claim under the Policy shall be subject to a Co-payment of 20% applicable to claim amount admissible and payable as per the terms and conditions of the Policy. The amount payable shall be after deduction of the co-payment. This co-payment can be waived off by paying an additional premium(optional). 10.5 Services Offered by TPA Servicing of claims, i.e., claim admissions and assessments, under this Policy by way of preauthorization of cashless treatment or processing of claims other than cashless claims or both, as per the underlying terms and conditions of the policy. The services offered by a TPA shall not include:",Claim Requirement
POL001_HDFC_ERGO_EQUICOVE_C0304,POL001_HDFC_ERGO_EQUICOVE,24,24,10. Claim Procedure,Procedure for reimbursement of claims,Claim settlement and claim rejection.,Claim Requirement
POL001_HDFC_ERGO_EQUICOVE_C0305,POL001_HDFC_ERGO_EQUICOVE,24,24,10. Claim Procedure,Procedure for reimbursement of claims,Any services directly to any insured person or to any other person unless such service is in accordance with the terms and conditions of the Agreement entered into with the Company. 10.6 Payment of Claim All claims under the Policy shall be payable in Indian currency only.,Claim Requirement
POL001_HDFC_ERGO_EQUICOVE_C0306,POL001_HDFC_ERGO_EQUICOVE,24,25,11. Table of Benefits,,"Name HDFC ERGO EquiCover Health Coverage Basis Individual basis only Category of Cover Indemnity Sum insured On Individual basis — SI shall apply to each individual member Sum insured available(in INR) 4 lacs and 5 lacs Policy Period 1 Year Eligibility Policy can be availed by availed on Individual basis. Age eligibility for adults: 18 years to 65 years HDFC ERGO General Insurance Company Limited Policy Wording HDFC ERGO EquiCover Health HDFC ERGO General Insurance Company Limited. IRDAI Reg. No.146 CIN: U66030MH2007PLC177117. Registered & Corporate Office: 6th Floor, Leela Business Park, Andheri-Kurla Road, Andheri (East), Mumbai – 400 059. UIN: HDFC ERGO EquiCover Health - HDFHLIP23192V012223",Coverage
POL001_HDFC_ERGO_EQUICOVE_C0307,POL001_HDFC_ERGO_EQUICOVE,25,25,11. Table of Benefits,,"Age eligibility for Children: Newborn to 17 years Grace Period For Yearly payment of mode, a fixed period of 30 days is to be allowed as Grace. Period and for all other modes of payment a fixed period of 15 days be allowed as grace period. Hospitalisation Expenses Expenses of Hospitalization for a minimum period of 24 consecutive hours only shall be admissible. Time limit of 24 hrs shall not apply in respect of daycare treatment Pre Hospitalisation For 30 days prior to the date of hospitalization Post Hospitalisation For 60 days from the date of discharge from the hospital Sublimit for Room/ Medical practitioner’s fee",Coverage
POL001_HDFC_ERGO_EQUICOVE_C0308,POL001_HDFC_ERGO_EQUICOVE,25,25,11. Table of Benefits,,"Room Rent, Boarding, Nursing Expenses all-inclusive as provided by the Hospital / Nursing Home up to 1% of the sum insured per day. 2.1ntensive Care Unit (ICU) charges/ Intensive Cardiac Care Unit (ICCU) charges all-inclusive as provided by the Hospital / Nursing Home up to 2% of the sum insured per day. Cataract Treatment Up Rs.40,000/ per each eye in one policy year. Modern Treatment Covered for listed procedures up to 50% of sum insured available for Inpatient Hospitalisation Care Emergency Ground Ambulance Expenses covered up to Rs. 2000 per hospitalisation AYUSH Expenses incurred for Inpatient Care treatment under Ayurveda, Yoga and Naturopathy, Unani, Siddha and Homeopathy systems of medicines shall be covered up to 100% of suminsured, during each Policy year as specified in the policy schedule Pre-Existing Disease Only PEDs declared in the Proposal Form and accepted for coverage by the company shall be covered. Initial Waiting period 30 days for all claims except resulting from Accident PED waiting period 36 months (For pre existing diseases other than the pre-existing Disability and HIV/AIDS covered) Specific Disease/ illness Waiting Period 24 months Waiting Period and specific Sublimits for HIV AIDS Cover",Coverage
POL001_HDFC_ERGO_EQUICOVE_C0310,POL001_HDFC_ERGO_EQUICOVE,25,25,11. Table of Benefits,For HIV/AIDS cover,Sum Insured would be available for Hospitalisation Expenses as per terms and conditions of the policy. Waiting Period and specific Sublimits for Disability Cover,Coverage
POL001_HDFC_ERGO_EQUICOVE_C0311,POL001_HDFC_ERGO_EQUICOVE,25,27,11. Table of Benefits,For Disability Cover,"a. 24 months initial waiting period is applicable for the pre-existing Disability covered under the policy Co-Pay 20% on all claims made under the policy unless waiver for copay is opted and premium is paid for the same. Annexure 1 The contact details of the Insurance Ombudsman offices are as below: Office Details Jurisdiction of Office Union Territory, District) AHMEDABAD Office of the Insurance Ombudsman, Jeevan Prakash Building, 6th floor, Gujarat, Dadra & Nagar Haveli, Daman and Diu. HDFC ERGO General Insurance Company Limited Policy Wording HDFC ERGO EquiCover Health HDFC ERGO General Insurance Company Limited. IRDAI Reg. No.146 CIN: U66030MH2007PLC177117. Registered & Corporate Office: 6th Floor, Leela Business Park, Andheri-Kurla Road, Andheri (East), Mumbai – 400 059. UIN: HDFC ERGO EquiCover Health - HDFHLIP23192V012223 26 Office Details Jurisdiction of Office Union Territory, District) Tilak Marg, Relief Road, Ahmedabad – 380 001. Tel.: 079 - 25501201/02 Email: bimalokpal.ahmedabad@cioins.co.in BENGALURU Office of the Insurance Ombudsman, Jeevan Soudha Building, PID No. 57-27-N-19 Ground Floor, 19/19, 24th Main Road, JP Nagar, Ist Phase, Bengaluru – 560 078. Tel.: 080 - 26652048 / 26652049 Email: bimalokpal.bengaluru@cioins.co.in Karnataka. BHOPAL Office of the Insurance Ombudsman, 1st floor,""Jeevan Shikha"", 60-B,Hoshangabad Road, Opp. Gayatri Mandir, Arera Hills Bhopal – 462 011. Tel.: 0755 - 2769201 / 2769202 / 2769203 Email: bimalokpal.bhopal@cioins.co.in Madhya Pradesh, Chhattisgarh. BHUBANESWAR Office of the Insurance Ombudsman, 62, Forest park, Bhubaneswar – 751 009. Tel.: 0674 - 2596461 /2596455/2596429/2596003 Email: bimalokpal.bhubaneswar@cioins.co.in Odisha. CHANDIGARH Office Of The Insurance Ombudsman, Jeevan Deep Building SCO 20-27, Ground Floor Sector- 17 A, Chandigarh – 160 017. Tel.: 0172-2706468 Email: bimalokpal.chandigarh@cioins.co.in Punjab, Haryana (excluding Gurugram, Faridabad, Sonepat and Bahadurgarh), Himachal Pradesh, Union Territories of Jammu & Kashmir,Ladakh & Chandigarh. CHENNAI Office of the Insurance Ombudsman, Fatima Akhtar Court, 4th Floor, 453, Anna Salai, Teynampet, Chennai – 600 018. Tel.: 044 - 24333668 / 24333678 Email: bimalokpal.chennai@cioins.co.in Tamil Nadu, PuducherryTown and Karaikal (which are part of Puducherry). DELHI Office of the Insurance Ombudsman, 2/2 A, Universal Insurance Building, Delhi & following Districts of Haryana - Gurugram, Faridabad, Sonepat & Bahadurgarh. HDFC ERGO General Insurance Company Limited Policy Wording HDFC ERGO EquiCover Health HDFC ERGO General Insurance Company Limited. IRDAI Reg. No.146 CIN: U66030MH2007PLC177117. Registered & Corporate Office: 6th Floor, Leela Business Park, Andheri-Kurla Road, Andheri (East), Mumbai – 400 059. UIN: HDFC ERGO EquiCover Health - HDFHLIP23192V012223 27 Office Details Jurisdiction of Office Union Territory, District) Asaf Ali Road, New Delhi – 110 002. Tel.: 011 - 46013992/23213504/23232481 Email: bimalokpal.delhi@cioins.co.in GUWAHATI Office of the Insurance Ombudsman, Jeevan Nivesh, 5th Floor, Near Pan Bazar, S.",Coverage
POL001_HDFC_ERGO_EQUICOVE_C0312,POL001_HDFC_ERGO_EQUICOVE,27,27,11. Table of Benefits,For Disability Cover,"Road, Guwahati – 781001(ASSAM). Tel.: 0361 - 2632204 / 2602205 / 2631307 Email: bimalokpal.guwahati@cioins.co.in Assam, Meghalaya, Manipur, Mizoram, Arunachal Pradesh, Nagaland and Tripura. HYDERABAD Office of the Insurance Ombudsman, 6-2-46, 1st floor, ""Moin Court"", Lane Opp.Hyundai Showroom, A.",Coverage
POL001_HDFC_ERGO_EQUICOVE_C0313,POL001_HDFC_ERGO_EQUICOVE,27,27,11. Table of Benefits,For Disability Cover,"Guards, Lakdi-Ka-Pool, Hyderabad - 500 004. Tel.: 040 - 23312122 / 23376991 / 23376599 / 23328709 / 23325325 Email: bimalokpal.hyderabad@cioins.co.in Andhra Pradesh, Telangana, Yanam and part of Union Territory of Puducherry. JAIPUR Office of the Insurance Ombudsman, Jeevan Nidhi – II Bldg., Gr. Floor, Bhawani Singh Marg, Jaipur - 302 005. Tel.: 0141- 2740363 Email: bimalokpal.jaipur@cioins.co.in Rajasthan. KOCHI Office of the Insurance Ombudsman, 10th Floor, Jeevan Prakash, LIC Building, Opp to Maharaja's College Ground, M.",Coverage
POL001_HDFC_ERGO_EQUICOVE_C0314,POL001_HDFC_ERGO_EQUICOVE,27,27,11. Table of Benefits,For Disability Cover,"Road, Kochi - 682 011. Tel.: 0484 - 2358759 Email: bimalokpal.ernakulam@cioins.co.in Kerala, Lakshadweep, Mahe-a part of Union Territory of Puducherry. KOLKATA Office of the Insurance Ombudsman, Hindustan Bldg. Annexe, 7th Floor, C.",Coverage
POL001_HDFC_ERGO_EQUICOVE_C0315,POL001_HDFC_ERGO_EQUICOVE,27,28,11. Table of Benefits,For Disability Cover,"Avenue, Kolkata - 700 072. Tel.: 033 - 22124339 / 22124341 Email: bimalokpal.kolkata@cioins.co.in West Bengal, Sikkim, Andaman & Nicobar Islands. LUCKNOW Office of the Insurance Ombudsman, 6th Floor, Jeevan Bhawan, Phase-II, Districts of Uttar Pradesh: Lalitpur, Jhansi, Mahoba, Hamirpur, Banda, Chitrakoot, Allahabad, Mirzapur, Sonbhabdra, Fatehpur, Pratapgarh, Jaunpur,Varanasi, HDFC ERGO General Insurance Company Limited Policy Wording HDFC ERGO EquiCover Health HDFC ERGO General Insurance Company Limited. IRDAI Reg. No.146 CIN: U66030MH2007PLC177117. Registered & Corporate Office: 6th Floor, Leela Business Park, Andheri-Kurla Road, Andheri (East), Mumbai – 400 059. UIN: HDFC ERGO EquiCover Health - HDFHLIP23192V012223 28 Office Details Jurisdiction of Office Union Territory, District) Nawal Kishore Road, Hazratganj, Lucknow - 226 001. Tel.: 0522 - 4002082 / 3500613 Email: bimalokpal.lucknow@cioins.co.in Gazipur, Jalaun, Kanpur, Lucknow, Unnao, Sitapur, Lakhimpur, Bahraich, Barabanki, Raebareli, Sravasti, Gonda, Faizabad, Amethi, Kaushambi, Balrampur, Basti, Ambedkarnagar, Sultanpur, Maharajgang, Santkabirnagar, Azamgarh, Kushinagar, Gorkhpur, Deoria, Mau, Ghazipur, Chandauli, Ballia, Sidharathnagar. MUMBAI Office of the Insurance Ombudsman, 3rd Floor, Jeevan Seva Annexe, S.",Coverage
POL001_HDFC_ERGO_EQUICOVE_C0317,POL001_HDFC_ERGO_EQUICOVE,28,28,11. Table of Benefits,For Disability Cover,"e M/E, M/W, N, S and T covered under Office of Insurance Ombudsman Thane and areas of Navi Mumbai. NOIDA Office of the Insurance Ombudsman, Bhagwan Sahai Palace 4th Floor, Main Road, Naya Bans, Sector 15, Distt: Gautam Buddh Nagar, U.P-201301. Tel.: 0120-2514252 / 2514253 Email: bimalokpal.noida@cioins.co.in State of Uttarakhand and the following Districts of Uttar Pradesh: Agra, Aligarh, Bagpat, Bareilly, Bijnor, Budaun, Bulandshehar, Etah, Kannauj, Mainpuri, Mathura, Meerut, Moradabad, Muzaffarnagar, Oraiyya, Pilibhit, Etawah, Farrukhabad, Firozbad, Gautam Buddh nagar, Ghaziabad, Hardoi, Shahjahanpur, Hapur, Shamli, Rampur, Kashganj, Sambhal, Amroha, Hathras, Kanshiramnagar, Saharanpur. PATNA Office of the Insurance Ombudsman, 2nd Floor, Lalit Bhawan, Bailey Road, Patna 800 001. Tel.: 0612-2547068 Email: bimalokpal.patna@cioins.co.in Bihar, Jharkhand. PUNE Office of the Insurance Ombudsman, Jeevan Darshan Bldg., 3rd Floor, C. T.",Coverage
POL001_HDFC_ERGO_EQUICOVE_C0318,POL001_HDFC_ERGO_EQUICOVE,28,28,11. Table of Benefits,For Disability Cover,"No. s. 195 to 198, N.",Coverage
POL001_HDFC_ERGO_EQUICOVE_C0319,POL001_HDFC_ERGO_EQUICOVE,28,29,11. Table of Benefits,For Disability Cover,"Kelkar Road, Narayan Peth, Pune – 411 030. Tel.: 020-24471175 Email: bimalokpal.pune@cioins.co.in State of Goa and State of Maharashtra excluding areas of Navi Mumbai, Thane district, Palghar District, Raigad district & Mumbai Metropolitan Region THANE Office of the Insurance Ombudsman, 2nd Floor,Jeevan Chintamani Building, Vasantrao Naik Mahamarg, Thane (West)- 400604 Tel.: 022-20812868/69 Email: bimalokpal.thane@cioins.co.in Area of Navi Mumbai, Thane District, Raigad District, Palghar District and wards of Mumbai, M/East, M/West, N, S and T."" Annexure II: Non-Medical Expenses HDFC ERGO General Insurance Company Limited Policy Wording HDFC ERGO EquiCover Health HDFC ERGO General Insurance Company Limited. IRDAI Reg. No.146 CIN: U66030MH2007PLC177117. Registered & Corporate Office: 6th Floor, Leela Business Park, Andheri-Kurla Road, Andheri (East), Mumbai – 400 059. UIN: HDFC ERGO EquiCover Health - HDFHLIP23192V012223 29 List I - Items for which coverage is not available in the policy",Coverage
POL001_HDFC_ERGO_EQUICOVE_C0321,POL001_HDFC_ERGO_EQUICOVE,29,29,11. Table of Benefits,For Disability Cover,NO. ITEM 1 BABY FOOD 35 OXYGEN CYLINDER (FOR USAGE OUTSIDE HOSPITAL) 2 BABY UTILITIES CHARGES 36 SPACER 3 BEAUTY SERVICES 37 SPIROMETRE 4 BELTS/ BRACES 38 NEBULIZER KIT 5 BUDS 39 STEAM INHALER 6 COLD PACK/HOT PACK 40 ARMSLING 7 CARRY BAGS 41 THERMOMETER 8 EMAIL / INTERNET CHARGES 42 CERVICAL COLLAR 9 FOOD CHARGES (OTHER THAN PATIENT'S DIET PROVIDED BY HOSPITAL) 43 SPLINT 10 LEGGINGS 44 DIABETIC FOOT WEAR 11 LAUNDRY CHARGES 45 KNEE BRACES (LONG/ SHORT/ HINGED) 12 MINERAL WATER 46 KNEE IMMOBILIZER/SHOULDER IMMOBILIZER 13 SANITARY PAD 47 LUMBO SACRAL BELT 14 TELEPHONE CHARGES 48 NIMBUS BED OR WATER OR AIR BED CHARGES 15 GUEST SERVICES 49 AMBULANCE COLLAR 16 CREPE BANDAGE 50 AMBULANCE EQUIPMENT 17 DIAPER OF ANY TYPE 51 ABDOMINAL BINDER 18 EYELET COLLAR 52 PRIVATE NURSES CHARGES- SPECIAL NURSING CHARGES 19 SLINGS,Coverage
POL001_HDFC_ERGO_EQUICOVE_C0322,POL001_HDFC_ERGO_EQUICOVE,29,30,11. Table of Benefits,For Disability Cover,"SUGAR FREE TABLETS 20 BLOOD GROUPING AND CROSS MATCHING OF DONORS SAMPLES 54 CREAMS POWDERS LOTIONS (TOILETRIES ARE NOT PAYABLE, ONLY PRESCRIBED MEDICAL PHARMACEUTICALS PAYABLE) 21 SERVICE CHARGES WHERE NURSING CHARGE ALSO CHARGED 55 ECG ELECTRODES 22 TELEVISION CHARGES 56 GLOVES 23 SURCHARGES 57 NEBULISATION KIT 24 ATTENDANT CHARGES 58 ANY KIT WITH NO DETAILS MENTIONED [DELIVERY KIT, ORTHO KIT, RECOVERY KIT, ETC.] 25 EXTRA DIET OF PATIENT (OTHER THAN THAT WHICH FORMS PART OF BED CHARGE) 59 KIDNEY TRAY 26 BIRTH CERTIFICATE 60 MASK 27 CERTIFICATE CHARGES 61 OUNCE GLASS 28 COURIER CHARGES 62 OXYGEN MASK 29 CONVEYANCE CHARGES 63 PELVIC TRACTION BELT 30 MEDICAL CERTIFICATE 64 PAN CAN 31 MEDICAL RECORDS 65 TROLLY COVER 32 PHOTOCOPIES CHARGES 66 UROMETER, URINE JUG 33 MORTUARY CHARGES 67 AMBULANCE 34 WALKING AIDS CHARGES 68 VASOFIX SAFETY HDFC ERGO General Insurance Company Limited Policy Wording HDFC ERGO EquiCover Health HDFC ERGO General Insurance Company Limited. IRDAI Reg. No.146 CIN: U66030MH2007PLC177117. Registered & Corporate Office: 6th Floor, Leela Business Park, Andheri-Kurla Road, Andheri (East), Mumbai – 400 059. UIN: HDFC ERGO EquiCover Health - HDFHLIP23192V012223 30 List II- Items that are to be subsumed into Room charges Sr No Item 1 BABY CHARGES UNLESS SPECIFIED/INDICATED 2 HAND WASH 3 SHOE COVER 4 CAPS 5 CRADLE CHARGES 6 COMB 7 EAU-DE-COLOGNE / ROOM FRESHNERS 8 FOOT COVER 9 GOWN 10 SLIPPERS 11 TISSUE PAPER 12 TOOTH-PASTE 13 TOOTH-BRUSH 14 BED PAN 15 FACE MASK 16 FLEXI MASK 17 HAND HOLDER 18 SPUTUM CUP 19 DISINFECTANT LOTIONS 20 LUXURY TAX 21 HVAC 22 HOUSEKEE NGCHARGES 23 AIR CONDITIONER CHARGES 24 1M IV INJECTION CHARGES 25 CLEAN SHEET 26 BLANKET/VVARMER BLANKET 27 ADMISSION KIT 28 DIABETIC CHART CHARGES 29 DOCUMENTATION CHARGES/ ADMINISTRATIVE EXPENSES",Coverage
POL001_HDFC_ERGO_EQUICOVE_C0323,POL001_HDFC_ERGO_EQUICOVE,30,30,11. Table of Benefits,For Disability Cover,DISCHARGE PROCEDURE CHARGES 31 DAILY CHART CHARGES 32 ENTRANCE PASS/ VISITORS PASS CHARGES,Coverage
POL002_LIC_JEEVAN_AROGYA_C0028,POL002_LIC_JEEVAN_AROGYA,8,9,6. Eligibility Condi ons And Other Restric ons,,"Minimum Ini al Daily Benefit (in a ward other than Intensive Care Unit) ` 1,000/- ` 1,000/- ` 1,000/- Ini al Daily Benefit shall be in mul ples of 1000/-. `",Condition
POL002_LIC_JEEVAN_AROGYA_C0029,POL002_LIC_JEEVAN_AROGYA,9,9,6. Eligibility Condi ons And Other Restric ons,,"Maximum ini al daily amount ` 4,000/- Insured Spouse- Less than or equal to that of PI Insured Parents / Parents-in-law- Less than or equal to that of Insured Spouse (PI, if there is no Insured Spouse). Further, included parents / parents-in-law shall be covered for equal benefits. Less than or equal to that of Insured Spouse (PI, if there is no Insured Spouse). Further, included children shall be covered for equal benefits.",Condition
POL002_LIC_JEEVAN_AROGYA_C0030,POL002_LIC_JEEVAN_AROGYA,9,9,6. Eligibility Condi ons And Other Restric ons,,"Maximum annual benefit period, applicable to each insured 30 days in year 1, 90 days per year therea er, inclusive of stay in ICU. Maximum number of days in ICU is restricted to 15 days inyear1andto45daystherea er.",Condition
POL002_LIC_JEEVAN_AROGYA_C0032,POL002_LIC_JEEVAN_AROGYA,9,9,6. Eligibility Condi ons And Other Restric ons,,Major Surgical Benefit Sum Assured (MSB SA) 100 mes of Applicable Daily Benefit (ADB) of PI (as specified in Para 1A) above). Insured Spouse- 100 mes of ADB of Insured Spouse Insured Parents / 100 parents-in-lawmes of ADB of each parent 100 mes of ADB of each child,Condition
POL002_LIC_JEEVAN_AROGYA_C0036,POL002_LIC_JEEVAN_AROGYA,10,10,6. Eligibility Condi ons And Other Restric ons,,"Maximum annual benefit, applicable to each insured 3 Surgical Procedures",Condition
POL002_LIC_JEEVAN_AROGYA_C0037,POL002_LIC_JEEVAN_AROGYA,10,10,6. Eligibility Condi ons And Other Restric ons,,"Maximum Life me Benefit, applicable to each insured 24 Surgical Procedures (iv) For Other Surgical Benefit (OSB) (under Base Policy) Feature Principal Insured (PI) Insured Spouse (if any) & Insured Parents / Parents-in-law (if any) Insured Dependent Children (if any)",Condition
POL002_LIC_JEEVAN_AROGYA_C0039,POL002_LIC_JEEVAN_AROGYA,10,10,6. Eligibility Condi ons And Other Restric ons,,"Maximum annual benefit, applicable to each insured 15 days in first policy year and 45 days per year therea er",Condition
POL002_LIC_JEEVAN_AROGYA_C0060,POL002_LIC_JEEVAN_AROGYA,13,13,11. Benefit Limits and Condi ons,B) MajorSurgicalBenefit,"If more one Surgery is performed on the Insured, through the same than incision or by making different incisions, during the same surgical session, the Corpora on shall only pay for that Surgery performed in respect of which the largestamountshallbecomepayable.",Coverage
POL002_LIC_JEEVAN_AROGYA_C0061,POL002_LIC_JEEVAN_AROGYA,13,13,11. Benefit Limits and Condi ons,B) MajorSurgicalBenefit,The Major Surgical Benefit shall be paid as a lump sum as specified for the benefit concerned and is subject to providing proof of Surgery to the sa sfac onoftheCorpora on.,Coverage
POL002_LIC_JEEVAN_AROGYA_C0062,POL002_LIC_JEEVAN_AROGYA,13,13,11. Benefit Limits and Condi ons,B) MajorSurgicalBenefit,"AllSurgicalProceduresclaimedshouldbeconfirmedasessen alandrequired, byaqualifiedPhysicianorSurgeon,tothesa sfac onoftheCorpora on.",Coverage
POL002_LIC_JEEVAN_AROGYA_C0063,POL002_LIC_JEEVAN_AROGYA,13,13,11. Benefit Limits and Condi ons,B) MajorSurgicalBenefit,The Major Surgical Benefit will be payable only a er the Corpora on is sa sfied on the basis of medical evidence that the specified Surgery covered underthePolicyhasbeenperformed.,Coverage
POL002_LIC_JEEVAN_AROGYA_C0064,POL002_LIC_JEEVAN_AROGYA,13,13,11. Benefit Limits and Condi ons,B) MajorSurgicalBenefit,The Major Surgical Benefit shall be payable only if the Surgery has been performedwithinIndia.,Coverage
POL002_LIC_JEEVAN_AROGYA_C0067,POL002_LIC_JEEVAN_AROGYA,13,13,11. Benefit Limits and Condi ons,B) MajorSurgicalBenefit,"The total amount payable in respect of each Insured during the Cover Period under the Major Surgical Benefit shall not exceed a maximum limit of 800% of the Major Surgical Benefit Sum Assured. If the total amount paid in respect of an Insured equals this life me maximum limit, the Major Surgical Benefit in respectofthatInsuredwillceaseimmediately.",Coverage
POL002_LIC_JEEVAN_AROGYA_C0068,POL002_LIC_JEEVAN_AROGYA,13,13,11. Benefit Limits and Condi ons,B) MajorSurgicalBenefit,"TheBenefitLimitsspecifiedintheaboveclausesinrespectofanInsuredunder this Policy, shall solely and exclusively apply to that Insured. Any unclaimed Major Surgical Benefit of any one Insured is not transferable to any other Insured.",Coverage
POL002_LIC_JEEVAN_AROGYA_C0070,POL002_LIC_JEEVAN_AROGYA,13,13,11. Benefit Limits and Condi ons,DayCareProcedureBenefit,"IfmorethanoneDayCareProcedureisperformedontheInsured,throughthe same incision or by making different incisions, during the same surgical session,theCorpora onshallonlypayforoneDayCareSurgicalProcedure.",Coverage
POL002_LIC_JEEVAN_AROGYA_C0071,POL002_LIC_JEEVAN_AROGYA,13,13,11. Benefit Limits and Condi ons,DayCareProcedureBenefit,The Day Care Procedure Benefit shall be paid as a lump sum and is subject to providingproofofSurgerytothesa sfac onoftheCorpora on.,Coverage
POL002_LIC_JEEVAN_AROGYA_C0072,POL002_LIC_JEEVAN_AROGYA,13,13,11. Benefit Limits and Condi ons,DayCareProcedureBenefit,"All Surgical Procedures claimed should be confirmed as essen al and required, by a qualified Physician or Surgeon, to the sa sfac on of the Corpora on.",Coverage
POL002_LIC_JEEVAN_AROGYA_C0073,POL002_LIC_JEEVAN_AROGYA,14,14,11. Benefit Limits and Condi ons,DayCareProcedureBenefit,The Day Care Procedure Benefit will be payable only a er the Corpora on is sa sfied on the basis of medical evidence that the specified Surgical Procedurecoveredunderthepolicyhasbeenperformed.,Coverage
POL002_LIC_JEEVAN_AROGYA_C0074,POL002_LIC_JEEVAN_AROGYA,14,14,11. Benefit Limits and Condi ons,DayCareProcedureBenefit,TheDayCareProcedureBenefitshallbepayableonlyiftheSurgicalProcedure hasbeenperformedwithinIndia.,Coverage
POL002_LIC_JEEVAN_AROGYA_C0075,POL002_LIC_JEEVAN_AROGYA,14,14,11. Benefit Limits and Condi ons,DayCareProcedureBenefit,"In respect of each Insured, the Day Care Procedure Benefit will be payable only up to a maximum of 3 (three) Surgical Procedures in any Policy Year duringtheCoverPeriod.",Coverage
POL002_LIC_JEEVAN_AROGYA_C0076,POL002_LIC_JEEVAN_AROGYA,14,14,11. Benefit Limits and Condi ons,DayCareProcedureBenefit,"In respect of each Insured during the Cover Period, the Day Care Procedure Benefit will be payable only up to a maximum of 24 (twenty four) Surgical Procedures. If the number of Surgical Procedures eligible for the Day Care ProcedureBenefitinrespect of an Insured equals this life memaximumlimit, the Day Care Procedure Benefit in respect of that Insured will cease immediately.",Coverage
POL002_LIC_JEEVAN_AROGYA_C0078,POL002_LIC_JEEVAN_AROGYA,14,14,11. Benefit Limits and Condi ons,DayCareProcedureBenefit,IfaDayCareProcedureBenefitisperformednoHospitalCashBenefitshallbepaid.,Coverage
POL002_LIC_JEEVAN_AROGYA_C0080,POL002_LIC_JEEVAN_AROGYA,14,14,11. Benefit Limits and Condi ons,D) OtherSurgicalBenefit,The Other Surgical Benefit shall be paid as a Daily Benefit and is subject to providingproofofSurgerytothesa sfac onoftheCorpora on.,Coverage
POL002_LIC_JEEVAN_AROGYA_C0081,POL002_LIC_JEEVAN_AROGYA,14,14,11. Benefit Limits and Condi ons,D) OtherSurgicalBenefit,"All Surgical Procedures claimed should be confirmed as essen al and required, by a qualified Physician or Surgeon, to the sa sfac on of the Corpora on.",Coverage
POL002_LIC_JEEVAN_AROGYA_C0082,POL002_LIC_JEEVAN_AROGYA,14,14,11. Benefit Limits and Condi ons,D) OtherSurgicalBenefit,The Other Surgical Benefit will be payable only a er the Corpora on is sa sfied on the basis of medical evidence that the specified Surgical Procedurecoveredunderthepolicyhasbeenperformed.,Coverage
POL002_LIC_JEEVAN_AROGYA_C0084,POL002_LIC_JEEVAN_AROGYA,14,14,11. Benefit Limits and Condi ons,D) OtherSurgicalBenefit,The total number of days of Hospitaliza on for which the Other Surgical Benefit is payable during a Policy Year in respect of each and every Insured covered under the Policy shall not exceed 15 (fi een) days in the first Policy Year following the date of commencement of cover in respect of that Insured and 45 (forty five) days for the second and subsequent Policy Years following thedateofcommencementofcoverinrespectofthatInsured.,Coverage
POL002_LIC_JEEVAN_AROGYA_C0086,POL002_LIC_JEEVAN_AROGYA,14,14,11. Benefit Limits and Condi ons,D) OtherSurgicalBenefit,"The Benefit Limits specified in the above clauses in respect of an Insured under this Policy, shall solely and exclusively apply to that Insured. Any unclaimedOtherSurgicalBenefit on any one Insured is not transferabletoany otherInsured.",Coverage
POL002_LIC_JEEVAN_AROGYA_C0088,POL002_LIC_JEEVAN_AROGYA,15,15,11. Benefit Limits and Condi ons,Thepolicyshallterminateattheearliestofthefollowing,Nonofpremiumswithintherevivalperiod; payment,Coverage
POL002_LIC_JEEVAN_AROGYA_C0091,POL002_LIC_JEEVAN_AROGYA,15,15,11. Benefit Limits and Condi ons,Thepolicyshallterminateattheearliestofthefollowing,On exhaus ng all the life me maximum Benefit Limits as specified in Para 11 above.,Coverage
POL002_LIC_JEEVAN_AROGYA_C0092,POL002_LIC_JEEVAN_AROGYA,15,15,11. Benefit Limits and Condi ons,Thepolicyshallterminateattheearliestofthefollowing,Ifpolicyisissuedonmorethanonelife:,Coverage
POL002_LIC_JEEVAN_AROGYA_C0093,POL002_LIC_JEEVAN_AROGYA,15,15,11. Benefit Limits and Condi ons,Thepolicyshallterminateattheearliestofthefollowing,Non-paymentofpremiumswithintherevivalperiod;,Coverage
POL002_LIC_JEEVAN_AROGYA_C0095,POL002_LIC_JEEVAN_AROGYA,15,15,11. Benefit Limits and Condi ons,Thepolicyshallterminateattheearliestofthefollowing,"On the death or Date of Cover Expiry, of Insured Spouse a er the Policy con nues with the Insured Spouse as the Principal Insured a er the PI dies or reacheshis/herDateofCoverExpiry. The Hospital Cash Benefit, Major Surgical Benefit, Day Care Procedure Benefit and Other Surgical Benefit cover in respect of each Insured covered under your policy shall commence on the Date of Cover Commencement individually stated in the PolicySchedule. The Hospital Cash Benefit, Major Surgical Benefit, Day Care Procedure Benefit and Other Surgical Benefit cover in respect of each Insured shall terminate at the earliestofthefollowing:",Coverage
POL002_LIC_JEEVAN_AROGYA_C0097,POL002_LIC_JEEVAN_AROGYA,15,15,11. Benefit Limits and Condi ons,Thepolicyshallterminateattheearliestofthefollowing,On exhaus ng all the life me maximum Benefit Limits as specified in Para 11 above;,Coverage
POL002_LIC_JEEVAN_AROGYA_C0098,POL002_LIC_JEEVAN_AROGYA,15,15,11. Benefit Limits and Condi ons,Thepolicyshallterminateattheearliestofthefollowing,On death or Date of Cover Expiry of the Principal Insured and if the Policy does notcon nuewiththeInsuredSpouseasthePrincipalInsured;,Coverage
POL002_LIC_JEEVAN_AROGYA_C0101,POL002_LIC_JEEVAN_AROGYA,15,15,11. Benefit Limits and Condi ons,Thepolicyshallterminateattheearliestofthefollowing,"In respect of the Insured Spouse, on divorce or legal separa on from the PrincipalInsured;",Coverage
POL002_LIC_JEEVAN_AROGYA_C0102,POL002_LIC_JEEVAN_AROGYA,15,15,11. Benefit Limits and Condi ons,Thepolicyshallterminateattheearliestofthefollowing,On termina on of the Policy due to non-payment of premium or any other reason.,Coverage
POL002_LIC_JEEVAN_AROGYA_C0142,POL002_LIC_JEEVAN_AROGYA,18,18,15. Exclusions,,"War, invasion, act of foreign enemy, hos li es (whether war be declared or not), civil war, rebellion, revolu on, insurrec on military or usurped power of civilcommo onorlootorpillageinconnec onherewith.",Exclusion
POL002_LIC_JEEVAN_AROGYA_C0143,POL002_LIC_JEEVAN_AROGYA,18,18,15. Exclusions,,"Naval military or opera ons(including du es of peace me) of the armed forces or air force and par cipa on in opera ons requiring the use of arms or which are ordered by military authori es for comba ng terrorists, rebels and thelike.",Exclusion
POL002_LIC_JEEVAN_AROGYA_C0145,POL002_LIC_JEEVAN_AROGYA,18,18,15. Exclusions,,"Par cipa on in any hazardous ac vity or sports including but not limited to racing, scuba diving, aerial sports, bungee jumping and mountaineering or in anycriminalorillegalac vi es.",Exclusion
POL002_LIC_JEEVAN_AROGYA_C0146,POL002_LIC_JEEVAN_AROGYA,18,18,15. Exclusions,,"To any loss, damage or expense due to or arising out of, directly or indirectly, nuclear reac on, radia on or regardless of how it radioac ve contamina on wascaused.",Exclusion
POL002_LIC_JEEVAN_AROGYA_C0147,POL002_LIC_JEEVAN_AROGYA,18,18,15. Exclusions,,Hospitalisa on expenses related to Non allopathic - methods of treatment or surgery.,Exclusion
POL003_NIVA_BUPA_AROGYA_S_C0056,POL003_NIVA_BUPA_AROGYA_S,6,6,4. COVERAGE,,"Room Rent, Boarding, Nursing Expenses as provided by the Hospital/ Nursing Home up to 2% of the sum insured subject to maximum of Rs.5000/- per day.",Coverage
POL003_NIVA_BUPA_AROGYA_S_C0057,POL003_NIVA_BUPA_AROGYA_S,6,6,4. COVERAGE,,"Intensive Care Unit (ICU) / Intensive Cardiac Care Unit (ICCU) expenses up to 5% of sum insured subject to maximum of Rs. 10,000/- per day.",Coverage
POL003_NIVA_BUPA_AROGYA_S_C0058,POL003_NIVA_BUPA_AROGYA_S,6,6,4. COVERAGE,,"Surgeon, Anesthetist, Medical Practitioner, Consultants, Specialist Fees whether paid directly to the treating doctor / surgeon or to the hospital",Coverage
POL003_NIVA_BUPA_AROGYA_S_C0061,POL003_NIVA_BUPA_AROGYA_S,6,6,4. COVERAGE,,"Dental treatment, necessitated due to disease or injury",Coverage
POL003_NIVA_BUPA_AROGYA_S_C0062,POL003_NIVA_BUPA_AROGYA_S,6,6,4. COVERAGE,,Plastic surgery necessitated due to disease or injury,Coverage
POL003_NIVA_BUPA_AROGYA_S_C0063,POL003_NIVA_BUPA_AROGYA_S,6,6,4. COVERAGE,,All the day care treatments,Coverage
POL003_NIVA_BUPA_AROGYA_S_C0064,POL003_NIVA_BUPA_AROGYA_S,6,6,4. COVERAGE,,Expenses incurred on road Ambulance subject to a maximum of Rs.2000/- per hospitalisation.,Coverage
POL003_NIVA_BUPA_AROGYA_S_C0065,POL003_NIVA_BUPA_AROGYA_S,6,6,4. COVERAGE,Note,"Expenses of Hospitalization for a minimum period of 24 consecutive hours only shall be admissible. However, the time limit shall not apply in respect of Day Care Treatment.",Coverage
POL003_NIVA_BUPA_AROGYA_S_C0066,POL003_NIVA_BUPA_AROGYA_S,6,7,4. COVERAGE,Note,"If the Insured Person is admitted in a room / ICU / ICCU at rates exceeding the aforesaid limits, then We shall be liable to pay only a pro-rated portion of the total Associated Medical Expenses (including surcharge or taxes thereon) as per the following formula: (eligible Room limit / Room Rent actually incurred) * total Associated Medical Expenses Associated Medical Expenses shall include Room Rent, nursing charges, Medical Practitioners’ fees and operation theatre charges 4.2. AYUSH Treatment The Company shall indemnify medical expenses incurred for inpatient care treatment under Ayurveda, Yoga and Naturopathy, Unani, Siddha and Homeopathy systems of medicines during each Policy Year up to the Iimit of sum insured as specified in the policy schedule in any AYUSH Hospital. 4.3. Cataract Treatment The Company shall indemnify medical expenses incurred for treatment of Cataract, subject to a limit of 25% of Sum Insured or Rs. 40,000/-, whichever is lower, per each eye in one policy year. 4.4. Pre Hospitalization The company shall indemnify pre-hospitalization medical expenses incurred, related to an admissible hospitalization requiring in patient care, for a fixed period of 30 days prior to the date of admissible hospitalization covered under the policy. Product Name: Arogya Sanjeevani, Niva Bupa Health Insurance Co. Ltd. Product UIN: NBHHLIP27056V042627 4.5. Post Hospitalisation The company shall indemnify post-hospitalization medical expenses incurred, related to an admissible hospitalization requiring in patient care, for a fixed period of 60 days from the date of discharge from the hospital, following an admissible hospitalization covered under the policy. 4.6. The following procedures will be covered (wherever medically indicated) either as inpatient or as part of day care treatment in a hospital up to 50% of Sum Insured, specified in the policy schedule, during the policy period: A. Uterine Artery Embolization and HIFU (High Intensity Focused Ultrasound) B. Balloon Sinuplasty C. Deep Brain Stimulation D. Oral Chemotherapy E. lmmunotherapy- Monoclonal Antibody to be given as injection F. Intra Vitreal Injections G. Robotic Surgeries H. Stereotactic Radio Surgeries I. Bronchical Thermoplasty J. Vaporisation of the Prostrate (Green Laser treatment or Holmium Laser Treatment) K. IONM (Intra Operative Neuro Monitoring) L. Stem Cell Therapy: Hematopoietic stem cells for bone marrow transplant for haematological conditions to be covered. 4.7. The expenses that are not covered in this policy are placed under List-I of Annexure-A. The list of expenses that are to be subsumed into room charges, or procedure charges or costs of treatment are placed under List-II, List-III and List-IV of Annexure-A respectively.",Coverage
POL003_NIVA_BUPA_AROGYA_S_C0068,POL003_NIVA_BUPA_AROGYA_S,7,7,4. COVERAGE,Notes,"In case where the policy is on individual basis, the CB shall be added and available individually to the insured person if no claim has been reported. CB shall reduce only in case of claim from the same Insured Person.",Coverage
POL003_NIVA_BUPA_AROGYA_S_C0070,POL003_NIVA_BUPA_AROGYA_S,7,7,4. COVERAGE,Notes,CB shall be available only if the Policy is renewed / premium paid within the Grace Period.,Coverage
POL003_NIVA_BUPA_AROGYA_S_C0073,POL003_NIVA_BUPA_AROGYA_S,8,8,4. COVERAGE,Notes,"If the Sum Insured has been reduced at the time of Renewal, the applicable CB shall be reduced in the same proportion to the Sum Insured in current Policy.",Coverage
POL003_NIVA_BUPA_AROGYA_S_C0074,POL003_NIVA_BUPA_AROGYA_S,8,8,4. COVERAGE,Notes,If the Sum Insured under the Policy has been increased at the time of Renewal the CB shall be calculated on the Sum Insured of the last completed Policy Year.,Coverage
POL003_NIVA_BUPA_AROGYA_S_C0075,POL003_NIVA_BUPA_AROGYA_S,8,8,4. COVERAGE,Notes,"If a claim is made in the expiring Policy Year,and is notified to Us after the acceptance of Renewal premium any awarded CB shall be withdrawn.",Coverage
POL003_NIVA_BUPA_AROGYA_S_C0077,POL003_NIVA_BUPA_AROGYA_S,8,8,6. WAITING PERIOD,,Expenses related to the treatment of a pre-existing Disease (PED) and its direct complications shall be excluded until the expiry of 36 months of continuous coverage after the date of inception of the first policy.,Waiting Period
POL003_NIVA_BUPA_AROGYA_S_C0079,POL003_NIVA_BUPA_AROGYA_S,8,8,6. WAITING PERIOD,,"If the Insured Person is continuously covered without any break as defined under the portability norms of the extant IRDAI (Insurance Products) Regulations 2024, then waiting period for the same would be reduced to the extent of prior coverage.",Waiting Period
POL003_NIVA_BUPA_AROGYA_S_C0081,POL003_NIVA_BUPA_AROGYA_S,8,8,6. WAITING PERIOD,,"Expenses related to the treatment of any illness within 30 days from the first policy commencement date shall be excluded except claims arising due to an accident, provided the same are covered.",Waiting Period
POL003_NIVA_BUPA_AROGYA_S_C0083,POL003_NIVA_BUPA_AROGYA_S,8,8,6. WAITING PERIOD,,The within referred waiting period is made applicable to the enhanced sum insured in the event of granting higher sum insured subsequently. 6.3. Specific Waiting Period (Code- Excl 02),Waiting Period
POL003_NIVA_BUPA_AROGYA_S_C0084,POL003_NIVA_BUPA_AROGYA_S,8,8,6. WAITING PERIOD,,"Expenses related to the treatment of the following listed conditions, surgeries/treatments shall be excluded until the expiry of 24/36 months of continuous coverage, as may be the case after the date of inception of the first policy with the insurer. This exclusion shall not be applicable for claims arising due to an accident.",Waiting Period
POL003_NIVA_BUPA_AROGYA_S_C0087,POL003_NIVA_BUPA_AROGYA_S,8,8,6. WAITING PERIOD,,The waiting period for listed conditions shall apply even if contracted after the policy or declared and accepted without a specific exclusion.,Waiting Period
POL003_NIVA_BUPA_AROGYA_S_C0088,POL003_NIVA_BUPA_AROGYA_S,8,8,6. WAITING PERIOD,,"If the Insured Person is continuously covered without any break as defined under the applicable norms on portability stipulated by IRDAI, then waiting period for the same would be reduced to the extent of prior coverage. i) 24 Months waiting period",Waiting Period
POL003_NIVA_BUPA_AROGYA_S_C0089,POL003_NIVA_BUPA_AROGYA_S,8,8,6. WAITING PERIOD,,Benign ENT disorders,Waiting Period
POL003_NIVA_BUPA_AROGYA_S_C0096,POL003_NIVA_BUPA_AROGYA_S,9,9,6. WAITING PERIOD,,Benign prostate hypertrophy,Waiting Period
POL003_NIVA_BUPA_AROGYA_S_C0097,POL003_NIVA_BUPA_AROGYA_S,9,9,6. WAITING PERIOD,,Cataract and age related eye ailments,Waiting Period
POL003_NIVA_BUPA_AROGYA_S_C0098,POL003_NIVA_BUPA_AROGYA_S,9,9,6. WAITING PERIOD,,Gastric/ Duodenal Ulcer,Waiting Period
POL003_NIVA_BUPA_AROGYA_S_C0102,POL003_NIVA_BUPA_AROGYA_S,9,9,6. WAITING PERIOD,,Non Infective Arthritis,Waiting Period
POL003_NIVA_BUPA_AROGYA_S_C0103,POL003_NIVA_BUPA_AROGYA_S,9,9,6. WAITING PERIOD,,"Piles, Fissures and Fistula in anus",Waiting Period
POL003_NIVA_BUPA_AROGYA_S_C0104,POL003_NIVA_BUPA_AROGYA_S,9,9,6. WAITING PERIOD,,"Pilonidal sinus, Sinusitis and related disorders",Waiting Period
POL003_NIVA_BUPA_AROGYA_S_C0107,POL003_NIVA_BUPA_AROGYA_S,9,9,6. WAITING PERIOD,,Varicose Veins and Varicose Ulcers,Waiting Period
POL003_NIVA_BUPA_AROGYA_S_C0108,POL003_NIVA_BUPA_AROGYA_S,9,9,6. WAITING PERIOD,,Internal Congenital Anomalies ii) 36 Months waiting period,Waiting Period
POL003_NIVA_BUPA_AROGYA_S_C0109,POL003_NIVA_BUPA_AROGYA_S,9,9,6. WAITING PERIOD,A) Treatment for joint replacement unless arising from accident,Age-related Osteoarthritis & Osteoporosis,Waiting Period
POL003_NIVA_BUPA_AROGYA_S_C0110,POL003_NIVA_BUPA_AROGYA_S,9,9,7. EXCLUSIONS,,"The Company shall not be liable to make any payment under the policy, in respect of any expenses incurred in connection with or in respect of: 7.1. Investigation & Evaluation (Code- Excl04)",Exclusion
POL003_NIVA_BUPA_AROGYA_S_C0111,POL003_NIVA_BUPA_AROGYA_S,9,9,7. EXCLUSIONS,,Expenses related to any admission primarily for diagnostics and evaluation purposes.,Exclusion
POL003_NIVA_BUPA_AROGYA_S_C0112,POL003_NIVA_BUPA_AROGYA_S,9,9,7. EXCLUSIONS,,Any diagnostic expenses which are not related or not incidental to the current diagnosis and treatment.,Exclusion
POL003_NIVA_BUPA_AROGYA_S_C0113,POL003_NIVA_BUPA_AROGYA_S,9,9,7. EXCLUSIONS,,"Expenses towards any treatment which are not Medically Necessary Treatment, shall not be payable 7.2. Rest Cure, rehabilitation and respite care (Code- Excl05)",Exclusion
POL003_NIVA_BUPA_AROGYA_S_C0115,POL003_NIVA_BUPA_AROGYA_S,9,9,7. EXCLUSIONS,,"Custodial care either at home or in a nursing facility for personal care such as help with activities of daily living such as bathing, dressing, moving around either by skilled nurses or assistant or non-skilled persons.",Exclusion
POL003_NIVA_BUPA_AROGYA_S_C0116,POL003_NIVA_BUPA_AROGYA_S,9,9,7. EXCLUSIONS,,"Any services for people who are terminally ill to address physical, social, emotional and spiritual needs. 7.3. Obesity/ Weight Control (Code- Excl06) Expenses related to the surgical treatment of obesity that does not fulfil all the below conditions:",Exclusion
POL003_NIVA_BUPA_AROGYA_S_C0117,POL003_NIVA_BUPA_AROGYA_S,9,9,7. EXCLUSIONS,,Surgery to be conducted is upon the advice of the Doctor.,Exclusion
POL003_NIVA_BUPA_AROGYA_S_C0118,POL003_NIVA_BUPA_AROGYA_S,9,9,7. EXCLUSIONS,,The surgery/ Procedure conducted should be supported by clinical protocols.,Exclusion
POL003_NIVA_BUPA_AROGYA_S_C0119,POL003_NIVA_BUPA_AROGYA_S,9,10,7. EXCLUSIONS,,"The member has to be 18 years of age or older and Product Name: Arogya Sanjeevani, Niva Bupa Health Insurance Co. Ltd. Product UIN: NBHHLIP27056V042627",Exclusion
POL003_NIVA_BUPA_AROGYA_S_C0122,POL003_NIVA_BUPA_AROGYA_S,10,10,7. EXCLUSIONS,,greater than or equal to 35 in conjunction with any of the following severe co-morbidities following failure of less invasive methods of weight loss:,Exclusion
POL003_NIVA_BUPA_AROGYA_S_C0124,POL003_NIVA_BUPA_AROGYA_S,10,10,7. EXCLUSIONS,,Coronary heart disease,Exclusion
POL003_NIVA_BUPA_AROGYA_S_C0128,POL003_NIVA_BUPA_AROGYA_S,11,11,7. EXCLUSIONS,,"Expenses towards miscarriage (unless due to an accident) and lawful medical termination of pregnancy during the policy period. 7.16. War (whether declared or not) and war like occurrence or invasion, acts of foreign enemies, hostilities, civil war, rebellion, revolutions, insurrections, mutiny, military or usurped power, seizure, capture, arrest, restraints and detainment of all kinds. 7.17. Nuclear, chemical or biological attack or weapons, contributed to, caused by, resulting from or from any other cause or event contributing concurrently or in any other sequence to the loss, claim or expense. For the purpose of this exclusion",Exclusion
POL003_NIVA_BUPA_AROGYA_S_C0130,POL003_NIVA_BUPA_AROGYA_S,11,11,7. EXCLUSIONS,,"Chemical attack or weapons means the emission, discharge, dispersal, release or escape of any solid, liquid or gaseous chemical compound which, when suitably distributed, is capable of causing any Illness, incapacitating disablement or death.",Exclusion
POL003_NIVA_BUPA_AROGYA_S_C0131,POL003_NIVA_BUPA_AROGYA_S,11,11,7. EXCLUSIONS,,"Biological attack or weapons means the emission, discharge, dispersal, release or escape of any pathogenic (disease producing) micro-organisms and/or biologically produced toxins (including genetically modified organisms and chemically synthesized toxins) which are capable of causing any Illness, incapacitating disablement or death. 7.18. Any expenses incurred on Domiciliary Hospitalization and OPD treatment 7.19. Treatment taken outside the geographical limits of India. 7.20. In respect of the existing diseases, disclosed by the insured and mentioned in the policy schedule (based on insured’s consent), policyholder is not entitled to get the coverage for specified ICD codes.",Exclusion
POL003_NIVA_BUPA_AROGYA_S_C0134,POL003_NIVA_BUPA_AROGYA_S,12,12,9. CLAIM PROCEDURE,Procedure for reimbursement of claims,We shall be provided with the following necessary information and documentation in respect of all claims at Your/Insured Person’s expense at the earliest possible time 9.3. Notification of Claim Notice with full particulars shall be sent to the Company/ TPA (if applicable) as under:,Claim Requirement
POL003_NIVA_BUPA_AROGYA_S_C0135,POL003_NIVA_BUPA_AROGYA_S,12,12,9. CLAIM PROCEDURE,Procedure for reimbursement of claims,"Within 24hours from the date of emergency hospitalization required or before the Insured Person’s discharge from Hospital, whichever is earlier.",Claim Requirement
POL003_NIVA_BUPA_AROGYA_S_C0138,POL003_NIVA_BUPA_AROGYA_S,12,12,9. CLAIM PROCEDURE,Documents to be submitted,Duly Completed claim form,Claim Requirement
POL003_NIVA_BUPA_AROGYA_S_C0139,POL003_NIVA_BUPA_AROGYA_S,12,12,9. CLAIM PROCEDURE,Documents to be submitted,Photo Identity proof of the patient,Claim Requirement
POL003_NIVA_BUPA_AROGYA_S_C0142,POL003_NIVA_BUPA_AROGYA_S,12,12,9. CLAIM PROCEDURE,Documents to be submitted,"Details of past medical history record, first and subsequent consultation",Claim Requirement
POL003_NIVA_BUPA_AROGYA_S_C0144,POL003_NIVA_BUPA_AROGYA_S,12,12,9. CLAIM PROCEDURE,Documents to be submitted,Discharge summary (original) including complete medical history of the patient along with other details.,Claim Requirement
POL003_NIVA_BUPA_AROGYA_S_C0145,POL003_NIVA_BUPA_AROGYA_S,12,12,9. CLAIM PROCEDURE,Documents to be submitted,Investigation/ Diagnostic test reports etc. supported by the prescription from attending medical practitioner.,Claim Requirement
POL003_NIVA_BUPA_AROGYA_S_C0146,POL003_NIVA_BUPA_AROGYA_S,12,12,9. CLAIM PROCEDURE,Documents to be submitted,OT notes or Surgeon’s certificate giving details of the operation performed (for surgical cases).,Claim Requirement
POL003_NIVA_BUPA_AROGYA_S_C0147,POL003_NIVA_BUPA_AROGYA_S,12,13,9. CLAIM PROCEDURE,Documents to be submitted,"Sticker/ Invoice of the Implants (original), wherever applicable. Product Name: Arogya Sanjeevani, Niva Bupa Health Insurance Co. Ltd. Product UIN: NBHHLIP27056V042627",Claim Requirement
POL003_NIVA_BUPA_AROGYA_S_C0148,POL003_NIVA_BUPA_AROGYA_S,13,13,9. CLAIM PROCEDURE,Documents to be submitted,NEFT Details (to enable direct credit of claim amount in bank account) and cancelled cheque,Claim Requirement
POL003_NIVA_BUPA_AROGYA_S_C0150,POL003_NIVA_BUPA_AROGYA_S,13,13,9. CLAIM PROCEDURE,Documents to be submitted,"Legal heir/succession certificate, wherever applicable.",Claim Requirement
POL003_NIVA_BUPA_AROGYA_S_C0153,POL003_NIVA_BUPA_AROGYA_S,13,13,9. CLAIM PROCEDURE,Documents to be submitted,Self attested copy of valid age proof (passport / driving license / PAN card / class X certificate / birth certificate),Claim Requirement
POL003_NIVA_BUPA_AROGYA_S_C0155,POL003_NIVA_BUPA_AROGYA_S,13,13,9. CLAIM PROCEDURE,Documents to be submitted,Recent passport size photograph,Claim Requirement
POL003_NIVA_BUPA_AROGYA_S_C0156,POL003_NIVA_BUPA_AROGYA_S,13,13,9. CLAIM PROCEDURE,Documents to be submitted,For Medico-legal cases (,Claim Requirement
POL003_NIVA_BUPA_AROGYA_S_C0158,POL003_NIVA_BUPA_AROGYA_S,13,13,9. CLAIM PROCEDURE,Documents to be submitted,MLC/ Panchnama / First Information Report (FIR) copy attested by the concerned Hospital / police station (if applicable).,Claim Requirement
POL003_NIVA_BUPA_AROGYA_S_C0159,POL003_NIVA_BUPA_AROGYA_S,13,13,9. CLAIM PROCEDURE,Documents to be submitted,Original self-narration of incident in absence of MLC / FIR.,Claim Requirement
POL003_NIVA_BUPA_AROGYA_S_C0160,POL003_NIVA_BUPA_AROGYA_S,13,13,9. CLAIM PROCEDURE,Note,The company shall only accept bills/invoices/medical treatment related documents only in the Insured Person’s name for whom the claim is submitted.,Claim Requirement
POL003_NIVA_BUPA_AROGYA_S_C0161,POL003_NIVA_BUPA_AROGYA_S,13,13,9. CLAIM PROCEDURE,Note,"In the event of a claim lodged under the Policy and the original documents having been submitted to any other insurer, the Company shall accept the copy of the documents and claim settlement advice, duly certified by the other insurer subject to satisfaction of the Company.",Claim Requirement
POL003_NIVA_BUPA_AROGYA_S_C0162,POL003_NIVA_BUPA_AROGYA_S,13,13,9. CLAIM PROCEDURE,Note,Any delay in notification or submission may be condoned on merit where delay is proved to be for reasons beyond the control of the Insured Person. 9.5. Co-payment Each and every claim under the Policy shall be subject to a Copayment of 5% applicable to claim amount admissible and payable as per the terms and conditions of the Policy. The amount payable shall be after deduction of the copayment. 9.6. Claim Settlement (provision for Penal Interest),Claim Requirement
POL003_NIVA_BUPA_AROGYA_S_C0163,POL003_NIVA_BUPA_AROGYA_S,13,13,9. CLAIM PROCEDURE,Note,"The Company shall settle or reject a claim, as the case may be, within 15 days from the claim submission date.",Claim Requirement
POL003_NIVA_BUPA_AROGYA_S_C0164,POL003_NIVA_BUPA_AROGYA_S,13,13,9. CLAIM PROCEDURE,Note,"ln the case of delay in the payment of a claim, the Company shall be liable to pay interest from the date of receipt of claim intimation till the date of payment of claim at a rate of 2% above the bank rate. (Explanation: “Bank rate” shall mean the rate fixed by the Reserve Bank of lndia (RBl) at the beginning of the financial year in which claim has fallen due) 9.7. Payment of Claim All claims under the policy shall be paid in Indian currency only.",Claim Requirement
POL003_NIVA_BUPA_AROGYA_S_C0165,POL003_NIVA_BUPA_AROGYA_S,13,14,10. GENERAL TERMS AND CONDITIONS,,"10.1. Disclosure of Information The Policy shall be void and all premium paid thereon shall be forfeited to the Company in the event of misrepresentation, misdescription or non-disclosure of any material fact by the policyholder (Explanation: “Material facts” for the purpose of this policy shall mean all relevant information sought by the company in the proposal form and other connected documents to enable it to take informed decision in the context of underwriting the risk). Product Name: Arogya Sanjeevani, Niva Bupa Health Insurance Co. Ltd. Product UIN: NBHHLIP27056V042627 10.2. Condition Precedent to Admission of Liability The terms and conditions of the policy must be fulfilled by the insured person for the Company to make any payment for claim(s) arising under the policy. 10.3. Material Change The Insured shall notify the Company in writing of any material change in the risk in relation to the declaration made in the proposal form or medical examination report at each Renewal and the Company may, adjust the scope of cover and /or premium, if necessary, accordingly. 10.4. Records to be Maintained The Insured person shall keep an accurate record containing all relevant medical records and shall allow the Company or its representatives to inspect such records. The Policyholder or Insured Person shall furnish such information as the Company may require for settlement of any claim under the Policy, within reasonable time limit and within the time limit specified in the Policy. 10.5. Complete Discharge Any payment to the policyholder, insured person or his/ her nominees or his/ her legal representative or assignee or to the Hospital, as the case may be, for any benefit under the policy shall be a valid discharge towards payment of claim by the Company to the extent of that amount for the particular claim. 10.6. Notice and Communication",Condition
POL003_NIVA_BUPA_AROGYA_S_C0166,POL003_NIVA_BUPA_AROGYA_S,14,14,10. GENERAL TERMS AND CONDITIONS,,"Any notice, direction, instruction or any other communication related to the Policy should be made in writing.",Condition
POL003_NIVA_BUPA_AROGYA_S_C0167,POL003_NIVA_BUPA_AROGYA_S,14,14,10. GENERAL TERMS AND CONDITIONS,,Such communication shall be sent to the address of the Company or through any other electronic modes specified in the Policy Schedule.,Condition
POL003_NIVA_BUPA_AROGYA_S_C0169,POL003_NIVA_BUPA_AROGYA_S,14,14,10. GENERAL TERMS AND CONDITIONS,Indemnity Based Policies,"In case of multiple policies taken by an Insured Person during a period from one or more insurers to indemnify treatment costs, the Insured Person shall have the right to require a settlement of his / her claim in terms of any of his / her policies. In all such cases the insurer chosen by the Policyholder shall be considered as the Primary Insurer and will be obliged to settle the claim as long as the claim is within the limits of and according to the terms of the chosen Policy.",Condition
POL003_NIVA_BUPA_AROGYA_S_C0170,POL003_NIVA_BUPA_AROGYA_S,14,14,10. GENERAL TERMS AND CONDITIONS,Indemnity Based Policies,"If the amount to be claimed exceeds the available coverage of the said policy, then the primary insurer shall seek the details of other available policies of the policyholder and shall coordinate with other insurers to ensure settlement pf the balance amount as per the policy conditions, without causing any hassles to the policy holder. B.",Condition
POL003_NIVA_BUPA_AROGYA_S_C0172,POL003_NIVA_BUPA_AROGYA_S,15,15,10. GENERAL TERMS AND CONDITIONS,Benefit Based Policies,the active concealment of a fact by the insured person having knowledge or belief of the fact;,Condition
POL003_NIVA_BUPA_AROGYA_S_C0173,POL003_NIVA_BUPA_AROGYA_S,15,15,10. GENERAL TERMS AND CONDITIONS,Benefit Based Policies,"any other act fitted to deceive; and d) any such act or omission as the law specially declares to be fraudulent The Company shall not repudiate the claim and / or forfeit the policy benefits on the ground of Fraud, if the insured person / beneficiary can prove that the misstatement was true to the best of his knowledge and there was no deliberate intention to suppress the fact or that such misstatement of or suppression of material fact are within the knowledge of the insurer. 10.10. Cancellation The policy holder may cancel his/her policy at any time during the term, by giving 7 days’ notice in writing. The insurer shall:",Condition
POL003_NIVA_BUPA_AROGYA_S_C0174,POL003_NIVA_BUPA_AROGYA_S,15,15,10. GENERAL TERMS AND CONDITIONS,Benefit Based Policies,"Refund proportionate premium for unexpired policy period, if the term of the policy upto one year and there is no claim(s) made during the policy period.",Condition
POL003_NIVA_BUPA_AROGYA_S_C0176,POL003_NIVA_BUPA_AROGYA_S,15,15,10. GENERAL TERMS AND CONDITIONS,Benefit Based Policies,In the case of his/her (Insured Person’,Condition
POL003_NIVA_BUPA_AROGYA_S_C0177,POL003_NIVA_BUPA_AROGYA_S,15,15,10. GENERAL TERMS AND CONDITIONS,Benefit Based Policies,"demise: However the cover shall continue for the remaining Insured Persons till the end of the Policy Period. The other Insured Persons may also apply to renew the policy. In case, the other insured person is minor, the policy shall be renewed only through any one of his/her natural guardian or guardian appointed by court. All relevant particulars in respect of such person (including his/her relationship with the insured person) must be submitted to the company along with the application. Provided no claim has been made, and termination takes place on account of death of the insured person, pro-rata refund of premium of the deceased insured person for the balance period of the policy will be effective.",Condition
POL003_NIVA_BUPA_AROGYA_S_C0178,POL003_NIVA_BUPA_AROGYA_S,15,15,10. GENERAL TERMS AND CONDITIONS,Benefit Based Policies,"Upon exhaustion of sum insured and cumulative bonus, for the policy year. However, the policy is subject to renewal on the due date as per the applicable terms and conditions. 10.12. Territorial Jurisdiction All disputes or differences under or in relation to the interpretation of terms, conditions, validity, construct, limitations and/or exclusions contained in the Policy shall be determined by the Indian Court and according to Indian law. 10.13. Arbitration",Condition
POL003_NIVA_BUPA_AROGYA_S_C0179,POL003_NIVA_BUPA_AROGYA_S,15,15,10. GENERAL TERMS AND CONDITIONS,Benefit Based Policies,"If any dispute or difference shall arise as to the quantum to be paid by the Policy, (liability being otherwise admitted) such difference shall independently of all other questions, be referred to the decision of a sole arbitrator to be appointed in writing by the parties here to or if they cannot agree upon a single arbitrator within thirty days of any party invoking arbitration, the same shall be referred to a panel of three arbitrators, comprising two arbitrators, one to be appointed by each of the parties to the dispute/difference and the third arbitrator to be appointed by such two arbitrators and arbitration shall be conducted under and in accordance with the provisions of the Arbitration and Conciliation Act 1996, as amended by Arbitration and Conciliation (Amendment) Act, 2015 (No. 3 of 2016).",Condition
POL003_NIVA_BUPA_AROGYA_S_C0180,POL003_NIVA_BUPA_AROGYA_S,15,15,10. GENERAL TERMS AND CONDITIONS,Benefit Based Policies,"It is clearly agreed and understood that no difference or dispute shall be preferable to arbitration as herein before provided, if the Company has disputed or not accepted liability under or in respect of the Policy.",Condition
POL003_NIVA_BUPA_AROGYA_S_C0181,POL003_NIVA_BUPA_AROGYA_S,15,16,10. GENERAL TERMS AND CONDITIONS,Benefit Based Policies,"It is hereby expressly stipulated and declared that it shall be a condition precedent to any right of action or suit upon the policy that award by such arbitrator/ arbitrators of the amount of expenses shall be first obtained. Product Name: Arogya Sanjeevani, Niva Bupa Health Insurance Co. Ltd. Product UIN: NBHHLIP27056V042627 10.14. Migration In case of migration of one policy to another with the same Insurer, the policyholder (including all members under family cover and group insurance policies) can transfer the credits gained to the extent of the Sum Insured, No Claim Bonus, Specific Waiting periods, waiting period for pre-existing diseases, Moratorium period etc. in the previous policy to the migrated policy. The insurer may underwrite the proposal in case of migration, if the insured is not continuously covered for 36 months. 10.15. Portability A Policyholder has the choice to port his/ her policies from one Insurer to another irrespective of individual or group policy subject to the Board approved underwriting policy of the insurers. The policyholder is entitled to transfer the credits gained to the extent of the Sum Insured, No Claim Bonus, specific waiting periods, waiting period for pre-existing disease, Moratorium period etc. from the Existing Insurer to the Acquiring Insurer in the previous policy. 10.16. Renewal of Policy A health insurance policy shall be renewable except on grounds of established fraud or non-disclosure or misrepresentation by the insured. An insurer shall not deny the renewal of a health insurance policy on the ground that the insured had made a claim or claims in the preceding policy years, except for benefit based policies where the policy terminates following payment of the benefit covered under the policy.",Condition
POL003_NIVA_BUPA_AROGYA_S_C0182,POL003_NIVA_BUPA_AROGYA_S,16,16,10. GENERAL TERMS AND CONDITIONS,Benefit Based Policies,Request for renewal along with requisite premium shall be received by the Company before the end of the policy period.,Condition
POL003_NIVA_BUPA_AROGYA_S_C0184,POL003_NIVA_BUPA_AROGYA_S,16,16,10. GENERAL TERMS AND CONDITIONS,Benefit Based Policies,"No loading shall apply on renewals based on individual claims experience. However, discount in premium may be provided by insurers to individual policyholders for good claims experience.",Condition
POL003_NIVA_BUPA_AROGYA_S_C0187,POL003_NIVA_BUPA_AROGYA_S,16,16,10. GENERAL TERMS AND CONDITIONS,Benefit Based Policies,"Grace Period of 30 days in all types of policies, and a period of 15 days in case of monthly instalments.",Condition
POL003_NIVA_BUPA_AROGYA_S_C0188,POL003_NIVA_BUPA_AROGYA_S,16,16,10. GENERAL TERMS AND CONDITIONS,Benefit Based Policies,"For policies where premium is paid in instalments only, the coverage will be given during grace period.",Condition
POL003_NIVA_BUPA_AROGYA_S_C0190,POL003_NIVA_BUPA_AROGYA_S,16,16,10. GENERAL TERMS AND CONDITIONS,Benefit Based Policies,No interest will be charged if the instalment premium is not paid on due date,Condition
POL003_NIVA_BUPA_AROGYA_S_C0191,POL003_NIVA_BUPA_AROGYA_S,16,16,10. GENERAL TERMS AND CONDITIONS,Benefit Based Policies,"In case of instalment premium due not received within the Grace Period, the Policy will get cancelled.",Condition
POL003_NIVA_BUPA_AROGYA_S_C0192,POL003_NIVA_BUPA_AROGYA_S,16,16,10. GENERAL TERMS AND CONDITIONS,Benefit Based Policies,"In the event of a claim, all subsequent premium instalments shall immediately become due and payable.",Condition
POL003_NIVA_BUPA_AROGYA_S_C0193,POL003_NIVA_BUPA_AROGYA_S,16,17,10. GENERAL TERMS AND CONDITIONS,Benefit Based Policies,"The company has the right to recover and deduct all the pending instalments from the claim amount due under the policy. Product Name: Arogya Sanjeevani, Niva Bupa Health Insurance Co. Ltd. Product UIN: NBHHLIP27056V042627 10.18. Possibility of Revision of Terms of the Policy Including the Premium Rates The Company, in accordance with applicable regulations and laws may revise or modify the terms of the Policy including the premium rates. The Insured Person shall be notified prior to the changes are effected. For avoidance of doubt, the renewal premium may vary from one policy period to another on account of Insured Person attaining a higher age band or other factors as may be considered relevant by the Insurance Company. It is clarified that change in premium due to change in higher age band shall not be considered as premium revision. 10.19. Free Look Period The Free Look Period shall be applicable on individual health insurance policies and not on renewals. The insured person shall be allowed free look period of thirty days from date of receipt of the policy document to review the terms and conditions of the policy. If he/she is not satisfied with any of the terms and conditions, he/she has the option to cancel his/her policy. In the event the policyholder disagrees to any of the policy terms or conditions, or otherwise and has not made any claim, he/she shall have the option to return the policy to the insurer for cancellation, stating the reasons for the same. Irrespective of the reasons mentioned, the policyholder shall be entitled to a refund of the premium paid subject only to a deduction of a proportionate risk premium for the period of cover and the expenses, if any, incurred by the insurer on medical examination of the proposer and stamp duty charges. 10.20. Endorsements (Changes in Policy)",Condition
POL003_NIVA_BUPA_AROGYA_S_C0195,POL003_NIVA_BUPA_AROGYA_S,17,17,10. GENERAL TERMS AND CONDITIONS,Benefit Based Policies,The policyholder may be changed only at the time of renewal. The new policyholder must be the legal heir/immediate family member. Such change would be subject to acceptance by the company and payment of premium (if any). The renewed Policy shall be treated as having been renewed without break.,Condition
POL003_NIVA_BUPA_AROGYA_S_C0196,POL003_NIVA_BUPA_AROGYA_S,17,18,10. GENERAL TERMS AND CONDITIONS,Benefit Based Policies,"The policyholder may be changed only at the time of the renewal. The new policyholder must be the legal heir/ immediate family member. Such change would be subject to acceptance by the company and payment of premium (if any). The renewed Policy shall be treated as having been renewed without a break. The policyholder may be changed during the Policy Period only in case of his/her demise or him/her moving out of India. 10.21. Change of Sum Insured Sum insured can be changed (increased/ decreased) only at the time of renewal or at any time, subject to underwriting by the Company. For any increase in SI, the waiting period shall start afresh only for the enhanced portion of the sum insured. 10.22. Terms and conditions of the Policy The terms and conditions contained herein and in the Policy Schedule shall be deemed to form part of the Policy and shall be read together as one document. 10.23. Nomination The policyholder is required at the inception of the policy to make a nomination for the purpose of payment of claims under the policy in the event of death of the policyholder. Any change of nomination shall be communicated to the company in writing and such change shall be effective only when an endorsement on the policy is made. ln the event of death of the policyholder, the Company will pay the nominee {as named in the Policy Schedule/Policy Certificate/Endorsement (if any)} and in case there is no subsisting nominee, to the legal heirs or legal representatives of the policyholder whose discharge shall be treated as full and final discharge of its liability under the policy. The insurer shall obtain nomination at the time of new business and at the time of renewal for existing policies. Product Name: Arogya Sanjeevani, Niva Bupa Health Insurance Co. Ltd. Product UIN: NBHHLIP27056V042627 10.24. Withdrawal of Policy ln the likelihood of this product being withdrawn in future, the Company will intimate the insured person about the same 90 days prior to expiry of the policy. lnsured Person will have the option to either renew (up to 90 days from renewal date) same product or to migrate to a suitable health insurance product, any other existing product or modified version of the withdrawn product available with the Company at the time of renewal with all the accrued continuity benefits such as cumulative bonus, waiver of waiting period as per IRDAI guidelines, provided the policy has been maintained without a break.",Condition
POL003_NIVA_BUPA_AROGYA_S_C0201,POL003_NIVA_BUPA_AROGYA_S,19,19,12. TABLE OF BENEFITS,,"Name Arogya Sanjeevani Policy, Niva Bupa Health Insurance Co. Ltd. Product Type Individual/Floater Category of Cover Indemnity Sum Insured INR 50,000 to 10 Lacs (in multiples of INR 50,000) On Individual basis- SI shall apply to each individual family member On Floater basis- SI shall apply to the entire family Policy Period 1 year Eligibility Policy can be availed by persons between the age of 18 years to 65 years, as Proposer. Proposer with higher age can obtain policy for family, without covering self. Policy can be availed for Self and the following family members",Coverage
POL003_NIVA_BUPA_AROGYA_S_C0202,POL003_NIVA_BUPA_AROGYA_S,19,19,12. TABLE OF BENEFITS,,Legally wedded spouse,Coverage
POL003_NIVA_BUPA_AROGYA_S_C0203,POL003_NIVA_BUPA_AROGYA_S,19,19,12. TABLE OF BENEFITS,,Parents and Parents-in-law,Coverage
POL003_NIVA_BUPA_AROGYA_S_C0204,POL003_NIVA_BUPA_AROGYA_S,19,19,12. TABLE OF BENEFITS,,Dependent Children (i.,Coverage
POL003_NIVA_BUPA_AROGYA_S_C0212,POL003_NIVA_BUPA_AROGYA_S,25,25,12. TABLE OF BENEFITS,,"Road, Guwahati – 781001(ASSAM). Tel.: 0361 - 2632204 / 2602205 Email: bimalokpal.guwahati@cioins.co.in Assam, Meghalaya, Manipur, Mizoram, Arunachal Pradesh, Nagaland and Tripura HYDERABAD - Shri I. Suresh Babu Office of the Insurance Ombudsman, 6-2-46, 1st floor, “Moin Court”, Lane Opp. Saleem Function Palace, A.",Coverage
POL003_NIVA_BUPA_AROGYA_S_C0213,POL003_NIVA_BUPA_AROGYA_S,25,26,12. TABLE OF BENEFITS,,"Guards, Lakdi-Ka-Pool, Hyderabad - 500 004. Tel.: 040 - 23312122 Fax: 040 - 23376599 Email: bimalokpal.hyderabad@cioins.co.in Andhra Pradesh, Telangana, UT of Yanam and part of UT of Pondicherry. JAIPUR - Smt. Sandhya Baliga Office of the Insurance Ombudsman, Jeevan Nidhi – II Bldg., Gr. Floor, Bhawani Singh Marg, Jaipur - 302 005. Tel.: 0141 - 2740363 Email: bimalokpal.jaipur@cioins.co.in Rajasthan. Product Name: Arogya Sanjeevani, Niva Bupa Health Insurance Co. Ltd. Product UIN: NBHHLIP27056V042627 Office Details Jurisdiction of Office Union Territory, District) ERNAKULAM - Ms. Poonam Bodra Office of the Insurance Ombudsman, 2nd Floor, Pulinat Bldg., Opp. Cochin Shipyard, M.",Coverage
POL003_NIVA_BUPA_AROGYA_S_C0214,POL003_NIVA_BUPA_AROGYA_S,26,26,12. TABLE OF BENEFITS,,"Road, Ernakulam - 682 015. Tel.: 0484 - 2358759 / 2359338 Fax: 0484 - 2359336 Email: bimalokpal.ernakulam@cioins.co.in Kerala, UT of Lakshadweep, Mahe-a part of UT of Pondicherry. KOLKATA - Shri P.",Coverage
POL003_NIVA_BUPA_AROGYA_S_C0216,POL003_NIVA_BUPA_AROGYA_S,26,26,12. TABLE OF BENEFITS,,"Avenue, KOLKATA - 700 072. Tel.: 033 - 22124339 / 22124340 Fax: 033 - 22124341 Email: bimalokpal.kolkata@cioins.co.in West Bengal, Sikkim, UT of Andaman & Nicobar Islands. LUCKNOW -Shri Justice Anil Kumar Srivastava Office of the Insurance Ombudsman, 6th Floor, Jeevan Bhawan, Phase-II, Nawal Kishore Road, Hazratganj, Lucknow - 226 001. Tel.: 0522 - 2231330 / 2231331 Fax: 0522 - 2231310 Email: bimalokpal.lucknow@cioins.co.in",Coverage
POL003_NIVA_BUPA_AROGYA_S_C0218,POL003_NIVA_BUPA_AROGYA_S,26,27,12. TABLE OF BENEFITS,Districts of Uttar Pradesh,"Road, Santacruz (W), Mumbai - 400 054. Tel.: 022 - 26106552 / 26106960 Fax: 022 - 26106052 Email: bimalokpal.mumbai@cioins.co.in Goa, Mumbai Metropolitan Region excluding Navi Mumbai & Thane. Product Name: Arogya Sanjeevani, Niva Bupa Health Insurance Co. Ltd. Product UIN: NBHHLIP27056V042627 Office Details Jurisdiction of Office Union Territory, District) NOIDA - Shri Chandra Shekhar Prasad Office of the Insurance Ombudsman, Bhagwan Sahai Palace 4th Floor, Main Road, Naya Bans, Sector 15, Distt: Gautam Buddh Nagar, U.P-201301. Tel.: 0120-2514252 / 2514253 Email: bimalokpal.noida@cioins.co.in State of Uttaranchal and the following Districts of Uttar Pradesh: Agra, Aligarh, Bagpat, Bareilly, Bijnor, Budaun, Bulandshehar, Etah, Kanooj, Mainpuri, Mathura, Meerut, Moradabad, Muzaffarnagar, Oraiyya, Pilibhit, Etawah, Farrukhabad, Firozbad, Gautambodhanagar, Ghaziabad, Hardoi, Shahjahanpur, Hapur, Shamli, Rampur, Kashganj, Sambhal, Amroha, Hathras, Kanshiramnagar, Saharanpur. PATNA - Shri N.",Coverage
POL003_NIVA_BUPA_AROGYA_S_C0219,POL003_NIVA_BUPA_AROGYA_S,27,27,12. TABLE OF BENEFITS,Districts of Uttar Pradesh,"Singh Office of the Insurance Ombudsman, 1st Floor,Kalpana Arcade Building,, Bazar Samiti Road, Bahadurpur, Patna 800 006. Tel.: 0612-2680952 Email: bimalokpal.patna@cioins.co.in Bihar, Jharkhand. PUNE - Shri Vinay Sah Office of the Insurance Ombudsman, Jeevan Darshan Bldg., 3rd Floor, C. T.",Coverage
POL003_NIVA_BUPA_AROGYA_S_C0220,POL003_NIVA_BUPA_AROGYA_S,27,27,12. TABLE OF BENEFITS,Districts of Uttar Pradesh,"No. s. 195 to 198, N.",Coverage
POL003_NIVA_BUPA_AROGYA_S_C0222,POL003_NIVA_BUPA_AROGYA_S,27,27,12. TABLE OF BENEFITS,Districts of Uttar Pradesh,"Road, Santacruz (W), Mumbai - 400 054. Tel.: 022 - 69038801/03/04/05/06/07/08/09 Email: inscoun@cioins.co.in Shri B.",Coverage
POL003_NIVA_BUPA_AROGYA_S_C0223,POL003_NIVA_BUPA_AROGYA_S,27,27,12. TABLE OF BENEFITS,Districts of Uttar Pradesh,"Patnaik, Secretary General Smt Poornima Gaitonde, Secretary Ombudsmen details are subject to change. Please refer this link for the updated details: CIO (cioins.co.in)”",Coverage
