clause_id,policy_id,source_file,page_start,page_end,section,subsection,marker,clause_text,category
POL001_HDFC_ERGO_EQUICOVE_C0001,POL001_HDFC_ERGO_EQUICOVE,HDFC_ERGO_EquiCover.pdf,1,1,1. Preamble,,,"This Policy is a contract of insurance issued by HDFC ERGO General Insurance Company Limited (hereinafter called the ‘Company’) to the proposer mentioned in the Policy Schedule (hereinafter called the ‘Policyholder’) to cover the person(s) named in the Policy Schedule (hereinafter called the ‘Insured Person(s)’). The Policy is based on the statements and declaration provided by the Policyholder in the Proposal Form as well as in any welcome or other televerification calls with the Company’s authorized person or based on any medical test conducted and is subject to receipt of the requisite premium. This policy is specially designed for. A. Covering Persons with Disability as per The Rights of Persons with Disabilities Act, 2016 and The Mental Healthcare Act,2017. The cover under this policy is available for persons with the following disability/disabilities as defined under the Rights of Persons with Disabilities Act, 2016 and any subsequent additions/ modifications to the list in the Act.",
POL001_HDFC_ERGO_EQUICOVE_C0002,POL001_HDFC_ERGO_EQUICOVE,HDFC_ERGO_EquiCover.pdf,1,1,1. Preamble,,1.,Blindness,
POL001_HDFC_ERGO_EQUICOVE_C0003,POL001_HDFC_ERGO_EQUICOVE,HDFC_ERGO_EquiCover.pdf,1,1,1. Preamble,,2.,Muscular Dystrophy,
POL001_HDFC_ERGO_EQUICOVE_C0004,POL001_HDFC_ERGO_EQUICOVE,HDFC_ERGO_EquiCover.pdf,1,1,1. Preamble,,3.,Low vision,
POL001_HDFC_ERGO_EQUICOVE_C0005,POL001_HDFC_ERGO_EQUICOVE,HDFC_ERGO_EquiCover.pdf,1,1,4. Chronic Neurological conditions,,5.,Leprosy Cured persons,
POL001_HDFC_ERGO_EQUICOVE_C0006,POL001_HDFC_ERGO_EQUICOVE,HDFC_ERGO_EquiCover.pdf,1,1,4. Chronic Neurological conditions,,6.,Specific Learning Disabilities,
POL001_HDFC_ERGO_EQUICOVE_C0007,POL001_HDFC_ERGO_EQUICOVE,HDFC_ERGO_EquiCover.pdf,1,1,4. Chronic Neurological conditions,,7.,Hearing Impairment (deaf and hard of hearing),
POL001_HDFC_ERGO_EQUICOVE_C0008,POL001_HDFC_ERGO_EQUICOVE,HDFC_ERGO_EquiCover.pdf,1,1,4. Chronic Neurological conditions,,8.,Multiple Sclerosis,
POL001_HDFC_ERGO_EQUICOVE_C0009,POL001_HDFC_ERGO_EQUICOVE,HDFC_ERGO_EquiCover.pdf,1,1,4. Chronic Neurological conditions,,9.,Locomotor Disability,
POL001_HDFC_ERGO_EQUICOVE_C0010,POL001_HDFC_ERGO_EQUICOVE,HDFC_ERGO_EquiCover.pdf,1,1,4. Chronic Neurological conditions,,10.,Speech and Language disability,
POL001_HDFC_ERGO_EQUICOVE_C0011,POL001_HDFC_ERGO_EQUICOVE,HDFC_ERGO_EquiCover.pdf,1,1,4. Chronic Neurological conditions,,11.,Dwarfism,
POL001_HDFC_ERGO_EQUICOVE_C0012,POL001_HDFC_ERGO_EQUICOVE,HDFC_ERGO_EquiCover.pdf,1,1,4. Chronic Neurological conditions,,12.,Thalassemia,
POL001_HDFC_ERGO_EQUICOVE_C0013,POL001_HDFC_ERGO_EQUICOVE,HDFC_ERGO_EquiCover.pdf,1,1,4. Chronic Neurological conditions,,13.,Intellectual Disability,
POL001_HDFC_ERGO_EQUICOVE_C0014,POL001_HDFC_ERGO_EQUICOVE,HDFC_ERGO_EquiCover.pdf,1,1,4. Chronic Neurological conditions,,14.,Haemophilia,
POL001_HDFC_ERGO_EQUICOVE_C0015,POL001_HDFC_ERGO_EQUICOVE,HDFC_ERGO_EquiCover.pdf,1,1,4. Chronic Neurological conditions,,15.,Mental Illness,
POL001_HDFC_ERGO_EQUICOVE_C0016,POL001_HDFC_ERGO_EQUICOVE,HDFC_ERGO_EquiCover.pdf,1,1,4. Chronic Neurological conditions,,16.,Sickle Cell disease,
POL001_HDFC_ERGO_EQUICOVE_C0017,POL001_HDFC_ERGO_EQUICOVE,HDFC_ERGO_EquiCover.pdf,1,1,4. Chronic Neurological conditions,,17.,Autism spectrum disorder,
POL001_HDFC_ERGO_EQUICOVE_C0018,POL001_HDFC_ERGO_EQUICOVE,HDFC_ERGO_EquiCover.pdf,1,1,4. Chronic Neurological conditions,,18.,Multiple Disabilities including deaf/ blindness,
POL001_HDFC_ERGO_EQUICOVE_C0019,POL001_HDFC_ERGO_EQUICOVE,HDFC_ERGO_EquiCover.pdf,1,1,4. Chronic Neurological conditions,,19.,Cerebral Palsy,
POL001_HDFC_ERGO_EQUICOVE_C0020,POL001_HDFC_ERGO_EQUICOVE,HDFC_ERGO_EquiCover.pdf,1,1,4. Chronic Neurological conditions,,20.,Acid Attack victim,
POL001_HDFC_ERGO_EQUICOVE_C0021,POL001_HDFC_ERGO_EQUICOVE,HDFC_ERGO_EquiCover.pdf,1,1,4. Chronic Neurological conditions,,21.,Parkinson's disease,
POL001_HDFC_ERGO_EQUICOVE_C0022,POL001_HDFC_ERGO_EQUICOVE,HDFC_ERGO_EquiCover.pdf,1,1,4. Chronic Neurological conditions,,a),It is Condition Precedent that this cover can be availed only on mandatory submission of Disability certificate issued by the Medical Board appointed by the government for certifying Disability.,
POL001_HDFC_ERGO_EQUICOVE_C0023,POL001_HDFC_ERGO_EQUICOVE,HDFC_ERGO_EquiCover.pdf,1,2,4. Chronic Neurological conditions,,b),"Disability for the purpose of this policy means a person with not less than forty percent of a specified disability as per the Act, where, specified disability has not been defined in measurable terms and includes an Insured Person with disability where specified disability has been defined in measurable terms, as Certified by the Medical Board appointed by the government for certifying Disability. Or/ and B. Individuals with HIV/AIDS as defined under the Human Immunodeficiency Virus and Acquired Immune Deficiency Syndrome (Prevention and Control) Act, 2017. HDFC ERGO General Insurance Company Limited Policy Wording HDFC ERGO EquiCover Health HDFC ERGO General Insurance Company Limited. IRDAI Reg. No.146 CIN: U66030MH2007PLC177117. Registered & Corporate Office: 6th Floor, Leela Business Park, Andheri-Kurla Road, Andheri (East), Mumbai – 400 059. UIN: HDFC ERGO EquiCover Health - HDFHLIP23192V012223",
POL001_HDFC_ERGO_EQUICOVE_C0024,POL001_HDFC_ERGO_EQUICOVE,HDFC_ERGO_EquiCover.pdf,2,2,4. Chronic Neurological conditions,,2.,"Operating Clause If during the Policy Period the Insured Person is required to be Hospitalized for treatment of an Illness or Injury at a Hospital/ Day Care Centre, following Medical Advice of a duly qualified Medical Practitioner, the Company shall indemnify Medical Expenses necessarily incurred towards the Covers in force under the Policy, as specified in the Policy Schedule. Provided further that, any amount payable under the Policy shall be subject to the terms of coverage (including co-pay, sub limits), exclusions, conditions and definitions contained herein. Maximum liability of the Company under all such Claims paid under indemnity, during each Policy Year shall be the Sum Insured opted and specified in the Schedule.",
POL001_HDFC_ERGO_EQUICOVE_C0025,POL001_HDFC_ERGO_EQUICOVE,HDFC_ERGO_EquiCover.pdf,2,2,4. Chronic Neurological conditions,,3.,"Definitions The terms defined below and at other junctures in the Policy have the meanings ascribed to them wherever they appear in this Policy and, where, the context so requires, references to the singular include references to the plural; references to the male includes the female and other gender and references to any statutory enactment includes subsequent changes to the same 3.1 Standard Definitions Def 1. Accident means sudden, unforeseen, and involuntary event caused by external, visible, and violent means. Def 2. Any one Illness means continuous period of illness and includes relapse within 45 days from·the date of last consultation with the Hospital / Nursing Home where treatment was taken. Def 3. AYUSH Treatment refers to the medical and/or hospitalisation treatments given under Ayurveda, Yoga and Naturopathy, Unani, Siddha and Homeopathy systems. Def 4. AYUSH Hospital means an AYUSH Hospital is a healthcare facility wherein medical / surgicaI / para surgical treatment procedures and interventions are carried out by AYUSH Medical",
POL001_HDFC_ERGO_EQUICOVE_C0026,POL001_HDFC_ERGO_EQUICOVE,HDFC_ERGO_EquiCover.pdf,2,2,4. Chronic Neurological conditions,Practitioner(s) comprising of any of the following,i.,Central or State Government AYUSH Hospital; or,
POL001_HDFC_ERGO_EQUICOVE_C0027,POL001_HDFC_ERGO_EQUICOVE,HDFC_ERGO_EquiCover.pdf,2,2,4. Chronic Neurological conditions,Practitioner(s) comprising of any of the following,ii.,Teaching hospital attached to AYUSH College recognized by the Central Government /Central Council of Indian Medicine/ Central Council for Homeopathy; or,
POL001_HDFC_ERGO_EQUICOVE_C0028,POL001_HDFC_ERGO_EQUICOVE,HDFC_ERGO_EquiCover.pdf,2,2,4. Chronic Neurological conditions,Practitioner(s) comprising of any of the following,iii.,"AYUSH Hospital, standalone or co-located with in-patient healthcare facility of any recognized system of medicine, registered with the local authorities, wherever applicable, and is under the supervision of a qualified registered AYUSH Medical Practitioner and must comply with all the following criterion:",
POL001_HDFC_ERGO_EQUICOVE_C0029,POL001_HDFC_ERGO_EQUICOVE,HDFC_ERGO_EquiCover.pdf,2,2,4. Chronic Neurological conditions,Practitioner(s) comprising of any of the following,a.,Having at least 5 in-patient beds.,
POL001_HDFC_ERGO_EQUICOVE_C0030,POL001_HDFC_ERGO_EQUICOVE,HDFC_ERGO_EquiCover.pdf,2,2,4. Chronic Neurological conditions,Practitioner(s) comprising of any of the following,b.,Having qualified AYUSH Medical Practitioner in charge round the clock;,
POL001_HDFC_ERGO_EQUICOVE_C0031,POL001_HDFC_ERGO_EQUICOVE,HDFC_ERGO_EquiCover.pdf,2,2,4. Chronic Neurological conditions,Practitioner(s) comprising of any of the following,c.,Having dedicated AYUSH therapy sections as required and I or has equipped operation theatre where surgical procedures are to be carried out;,
POL001_HDFC_ERGO_EQUICOVE_C0032,POL001_HDFC_ERGO_EQUICOVE,HDFC_ERGO_EquiCover.pdf,2,3,4. Chronic Neurological conditions,Practitioner(s) comprising of any of the following,d.,"Maintaining daily records of the patients and making them accessible to the insurance company's authorized representative. Def 5. AYUSH Day Care Centre means and includes Community Health Centre (CHC), Primary Health Centre (PHC), Dispensary, Clinic, Polyclinic or any such health centre which is registered with the local authorities, wherever applicable and having facilities for carrying out treatment procedures and medical or surgical / para-surgical interventions or both under the supervision of registered /. HDFC ERGO General Insurance Company Limited Policy Wording HDFC ERGO EquiCover Health HDFC ERGO General Insurance Company Limited. IRDAI Reg. No.146 CIN: U66030MH2007PLC177117. Registered & Corporate Office: 6th Floor, Leela Business Park, Andheri-Kurla Road, Andheri (East), Mumbai – 400 059. UIN: HDFC ERGO EquiCover Health - HDFHLIP23192V012223 3 AYUSH Medical Practitioner(s) on day care basis without in-patient services and must comply with all the following criterion:",
POL001_HDFC_ERGO_EQUICOVE_C0033,POL001_HDFC_ERGO_EQUICOVE,HDFC_ERGO_EquiCover.pdf,3,3,4. Chronic Neurological conditions,Practitioner(s) comprising of any of the following,a.,Having qualified registered AYUSH Medical Practitioner in charge round the clock;,
POL001_HDFC_ERGO_EQUICOVE_C0034,POL001_HDFC_ERGO_EQUICOVE,HDFC_ERGO_EquiCover.pdf,3,3,4. Chronic Neurological conditions,Practitioner(s) comprising of any of the following,b.,Having dedicated AYUSH therapy sections as required and/or has equipped operation theatre where surgical procedures are to be carried out;,
POL001_HDFC_ERGO_EQUICOVE_C0035,POL001_HDFC_ERGO_EQUICOVE,HDFC_ERGO_EquiCover.pdf,3,3,4. Chronic Neurological conditions,Practitioner(s) comprising of any of the following,c.,"Maintaining daily records of the patients and making them accessible to the insurance company's authorized representative. Def 6. Break in Policy means the period of gap that occurs at the end of the existing policy term/installment premium due date, when the premium due for renewal on a given policy or installment premium due is not paid on or before the premium renewal date or grace period. Def 7. Cashless Facility means a facility extended by the insurer to the insured where the payments, of the costs of treatment undergone by the insured in accordance with the policy terms and conditions, are directly made to the Network Provider by the insurer to the extent pre-authorization is approved. Def 8. Condition Precedent means a policy term or condition upon which the Insurer's liability under the policy is conditional upon. Def 9. Congenital Anomaly refers to a condition(s) which is present since birth, and which is abnormal with reference to form, structure, or position.",
POL001_HDFC_ERGO_EQUICOVE_C0036,POL001_HDFC_ERGO_EQUICOVE,HDFC_ERGO_EquiCover.pdf,3,3,4. Chronic Neurological conditions,Practitioner(s) comprising of any of the following,i.,Internal Congenital Anomaly- Congenital Anomaly which is not in the visible and accessible parts of the body.,
POL001_HDFC_ERGO_EQUICOVE_C0037,POL001_HDFC_ERGO_EQUICOVE,HDFC_ERGO_EquiCover.pdf,3,3,4. Chronic Neurological conditions,Practitioner(s) comprising of any of the following,ii.,"External Congenital Anomaly- Congenital Anomaly which is in the visible and accessible parts of the body Def 10. Co-payment means a cost sharing requirement under a health insurance policy that provides that the policyholder/insured will bear a specified percentage of the admissible claims amount. A co-payment does not reduce the Sum Insured. Def 11. Day Care Centre means any institution established for day care treatment of illness and/or injuries or a medical setup with a hospital and which has been registered with the local authorities, wherever applicable, and is under supervision of a registered and qualified medical practitioner and must comply with all minimum criterion as under:",
POL001_HDFC_ERGO_EQUICOVE_C0038,POL001_HDFC_ERGO_EQUICOVE,HDFC_ERGO_EquiCover.pdf,3,3,4. Chronic Neurological conditions,Practitioner(s) comprising of any of the following,a.,has qualified nursing staff under its employment.,
POL001_HDFC_ERGO_EQUICOVE_C0039,POL001_HDFC_ERGO_EQUICOVE,HDFC_ERGO_EquiCover.pdf,3,3,4. Chronic Neurological conditions,Practitioner(s) comprising of any of the following,b.,has qualified medical practitioner/s in charge.,
POL001_HDFC_ERGO_EQUICOVE_C0040,POL001_HDFC_ERGO_EQUICOVE,HDFC_ERGO_EquiCover.pdf,3,3,4. Chronic Neurological conditions,Practitioner(s) comprising of any of the following,c.,"has fully equipped operation theatre of its own where surgical procedures are carried out maintains daily records of patients and will make these accessible to the insurance company's authorized personnel Def 12. Day Care Treatment means medical treatment, and/or surgical procedure which is",
POL001_HDFC_ERGO_EQUICOVE_C0041,POL001_HDFC_ERGO_EQUICOVE,HDFC_ERGO_EquiCover.pdf,3,3,4. Chronic Neurological conditions,Practitioner(s) comprising of any of the following,i.,"Undertaken under General or Local Anesthesia in a hospital/day care center in less than 24 hours because of technological advancement, and",
POL001_HDFC_ERGO_EQUICOVE_C0042,POL001_HDFC_ERGO_EQUICOVE,HDFC_ERGO_EquiCover.pdf,3,4,4. Chronic Neurological conditions,Practitioner(s) comprising of any of the following,ii.,"which would have otherwise required hospitalization of more than 24 hours. Treatment normally taken on an out-patient basis is not included in the scope of this definition. Def 13. Dental Treatment means a treatment related to teeth or structures supporting teeth including examinations, fillings (where appropriate), crowns, extractions and surgery. Def 14. Disclosure of information norm means the policy shall be void and all premium paid hereon shall be forfeited to the Company in the event of misrepresentation, mis-description or non- HDFC ERGO General Insurance Company Limited Policy Wording HDFC ERGO EquiCover Health HDFC ERGO General Insurance Company Limited. IRDAI Reg. No.146 CIN: U66030MH2007PLC177117. Registered & Corporate Office: 6th Floor, Leela Business Park, Andheri-Kurla Road, Andheri (East), Mumbai – 400 059. UIN: HDFC ERGO EquiCover Health - HDFHLIP23192V012223 4 disclosure of any material fact. Def 15. Emergency Care means management for an illness or injury which results in symptoms which occur suddenly and unexpectedly, and requires immediate care by a medical practitioner to prevent death or serious long term impairment of the insured person’s health. Def 16. Grace Period means the specified period of time, immediately following the premium due date during which premium payment can be made to renew or continue a policy in force without loss of continuity benefits pertaining to waiting periods and coverage of pre-existing diseases. Coverage need not be available during the period for which no premium is received. The grace period for payment of the premium for all types of insurance policies shall be: fifteen days where premium payment mode is monthly and thirty days in all other cases. Provided the insurers shall offer coverage during the grace period, if the premium is paid in instalments during the policy period (Note: In case of non-instalment premium payment, coverage shall not be available for the period for which no premium is received). Def 17. Hospital means any institution established for in-patient care and day care treatment ofIllness and/or injuries and which has been registered as a hospital with the local authorities under the Clinical Establishments (Registration and Regulation) Act 2010 or under the enactments specified under the Schedule of Section 56(1) of the said act Or complies with all minimum criteria as under:",
POL001_HDFC_ERGO_EQUICOVE_C0043,POL001_HDFC_ERGO_EQUICOVE,HDFC_ERGO_EquiCover.pdf,4,4,4. Chronic Neurological conditions,Practitioner(s) comprising of any of the following,i),has qualified nursing staff under its employment round the clock;,
POL001_HDFC_ERGO_EQUICOVE_C0044,POL001_HDFC_ERGO_EQUICOVE,HDFC_ERGO_EquiCover.pdf,4,4,4. Chronic Neurological conditions,Practitioner(s) comprising of any of the following,ii),"has at least 10 in-patient beds in towns having a population of less than 10,00,000 and at least 15 in-patient beds in all other places;",
POL001_HDFC_ERGO_EQUICOVE_C0045,POL001_HDFC_ERGO_EQUICOVE,HDFC_ERGO_EquiCover.pdf,4,4,4. Chronic Neurological conditions,Practitioner(s) comprising of any of the following,iii),has qualified medical practitioner(,
POL001_HDFC_ERGO_EQUICOVE_C0046,POL001_HDFC_ERGO_EQUICOVE,HDFC_ERGO_EquiCover.pdf,4,4,4. Chronic Neurological conditions,Practitioner(s) comprising of any of the following,s),in charge round the clock;,
POL001_HDFC_ERGO_EQUICOVE_C0047,POL001_HDFC_ERGO_EQUICOVE,HDFC_ERGO_EquiCover.pdf,4,4,4. Chronic Neurological conditions,Practitioner(s) comprising of any of the following,iv),has a fully equipped operation theatre of its own where surgical procedures are carried out;,
POL001_HDFC_ERGO_EQUICOVE_C0048,POL001_HDFC_ERGO_EQUICOVE,HDFC_ERGO_EquiCover.pdf,4,4,4. Chronic Neurological conditions,Practitioner(s) comprising of any of the following,v),"maintains daily records of patients and make these accessible to the insurance company’s authorized personnel; Def 18. Hospitalization means admission in a Hospital for a minimum period of 24consecutive ‘In-patient Care’ hours except for specified procedures/treatments, where such admission could be for a period of less than 24 consecutive hours. Def 19. Illness means a sickness or a disease or pathological condition leading to the impairment of normal physiological function and requires medical treatment. (a) Acute condition –Acute condition means is a disease, illness or injury that is likely to respond quickly to treatment which aims to return the person to his or her state of health immediately before suffering the disease/illness/injury which leads to full recovery (b) Chronic condition –A chronic condition is defined as a disease, illness, or injury that has one or more of the following characteristics:",
POL001_HDFC_ERGO_EQUICOVE_C0049,POL001_HDFC_ERGO_EQUICOVE,HDFC_ERGO_EquiCover.pdf,4,4,4. Chronic Neurological conditions,Practitioner(s) comprising of any of the following,1.,"it needs ongoing or long-term monitoring through consultations, examinations, checkups, and /or tests",
POL001_HDFC_ERGO_EQUICOVE_C0050,POL001_HDFC_ERGO_EQUICOVE,HDFC_ERGO_EquiCover.pdf,4,4,4. Chronic Neurological conditions,Practitioner(s) comprising of any of the following,2.,it needs ongoing or long-term control or relief of symptoms,
POL001_HDFC_ERGO_EQUICOVE_C0051,POL001_HDFC_ERGO_EQUICOVE,HDFC_ERGO_EquiCover.pdf,4,4,4. Chronic Neurological conditions,Practitioner(s) comprising of any of the following,3.,it requires rehabilitation for the patient or for the patient to be specially trained to cope with it,
POL001_HDFC_ERGO_EQUICOVE_C0052,POL001_HDFC_ERGO_EQUICOVE,HDFC_ERGO_EquiCover.pdf,4,4,4. Chronic Neurological conditions,Practitioner(s) comprising of any of the following,4.,it continues indefinitely,
POL001_HDFC_ERGO_EQUICOVE_C0053,POL001_HDFC_ERGO_EQUICOVE,HDFC_ERGO_EquiCover.pdf,4,5,4. Chronic Neurological conditions,Practitioner(s) comprising of any of the following,5.,"it recurs or is likely to recur Def 20. Injury means accidental physical bodily harm excluding illness or disease solely and directly caused by external, violent and visible and evident means which is verified and certified by a Medical Practitioner. HDFC ERGO General Insurance Company Limited Policy Wording HDFC ERGO EquiCover Health HDFC ERGO General Insurance Company Limited. IRDAI Reg. No.146 CIN: U66030MH2007PLC177117. Registered & Corporate Office: 6th Floor, Leela Business Park, Andheri-Kurla Road, Andheri (East), Mumbai – 400 059. UIN: HDFC ERGO EquiCover Health - HDFHLIP23192V012223 5 Def 21. Inpatient Care means treatment for which the insured person has to stay in a hospital for more than 24 hours for a covered event. Def",
POL001_HDFC_ERGO_EQUICOVE_C0054,POL001_HDFC_ERGO_EQUICOVE,HDFC_ERGO_EquiCover.pdf,5,5,4. Chronic Neurological conditions,Practitioner(s) comprising of any of the following,22.,Insured Person means person(,
POL001_HDFC_ERGO_EQUICOVE_C0055,POL001_HDFC_ERGO_EQUICOVE,HDFC_ERGO_EquiCover.pdf,5,5,4. Chronic Neurological conditions,Practitioner(s) comprising of any of the following,s),"named in the schedule of the Policy. Def 23. Intensive Care Unit means an identified section, ward or wing of a hospital which is under the constant supervision of a dedicated medical practitioner(s), and which is specially equipped for the continuous monitoring and treatment of patients who are in a critical condition, or require life support facilities and where the level of care and supervision is considerably more sophisticated and intensive than in the ordinary and other wards. Def 24. ICU (Intensive Care Unit) Charges means the amount charged by a Hospital towards ICU expenses which shall include the expenses for ICU bed, general medical support services provided to any ICU patient including monitoring devices, critical care nursing and intensivist charges Def 25. Medical Advice means any consultation or advice from a Medical Practitioner including the issuance of any prescription or follow-up prescription. Def 26. Medical Expenses means those expenses that an Insured Person has necessarily and actually incurred for medical treatment on account of Illness or Accident on the advice of a Medical Practitioner, as long as these are no more than would have been payable if the Insured Person had not been insured and no more than other hospitals or doctors in the same locality would have charged for the same medical treatment. Def 27. Medical Practitioner means a person who holds a valid registration from the Medical Council of any State or Medical Council of India or Council for Indian Medicine or for Homeopathy set up by the Government of India or a State Government and is thereby entitled to practice medicine within its jurisdiction; and is acting within the scope and jurisdiction of license.Medical Practitioner who is sharing the same residence as the Insured Person and is a Family Member of the Insured Person are not considered as Medical Practitioner under the scope of this Policy. Def 28. Medically Necessary Treatment means any treatment, test, medication, or stay in hospital or part of stay in hospital which:",
POL001_HDFC_ERGO_EQUICOVE_C0056,POL001_HDFC_ERGO_EQUICOVE,HDFC_ERGO_EquiCover.pdf,5,5,4. Chronic Neurological conditions,Practitioner(s) comprising of any of the following,i),is required for the medical management of the illness or injury suffered by the insured;,
POL001_HDFC_ERGO_EQUICOVE_C0057,POL001_HDFC_ERGO_EQUICOVE,HDFC_ERGO_EquiCover.pdf,5,5,4. Chronic Neurological conditions,Practitioner(s) comprising of any of the following,ii),"must not exceed the level of care necessary to provide safe, adequate and appropriate medical care in scope, duration or intensity;",
POL001_HDFC_ERGO_EQUICOVE_C0058,POL001_HDFC_ERGO_EQUICOVE,HDFC_ERGO_EquiCover.pdf,5,5,4. Chronic Neurological conditions,Practitioner(s) comprising of any of the following,iii),must have been prescribed by a medical practitioner;,
POL001_HDFC_ERGO_EQUICOVE_C0059,POL001_HDFC_ERGO_EQUICOVE,HDFC_ERGO_EquiCover.pdf,5,6,4. Chronic Neurological conditions,Practitioner(s) comprising of any of the following,iv),"must conform to the professional standards widely accepted in international medical practice or by the medical community in India. Def 29. Migration means a facility provided to policyholders (including all members under family cover and group policies), to transfer the credits gained for pre-existing diseases and specific waiting periods from one health insurance policy to another with the same insurer. Def 30. Network Provider means hospitals or health care providers enlisted by an insurer, TPA or jointly by an Insurer and TPA to provide medical services to an insured by a cashless facility. Def 31. New born Baby means baby born during the Policy Period and is aged up to 90 days. Def 32. Non-Network Provider means any hospital, day care centre or other provider that is not part of the network. Def 33. Notification of Claim means the process of intimating a claim to the insurer or TPA through any of the recognized modes of communication. Def 34. OPD Treatment means the one in which the Insured visits a clinic / hospital or associated facility like a consultation room for diagnosis and treatment based on the advice of a Medical Practitioner. HDFC ERGO General Insurance Company Limited Policy Wording HDFC ERGO EquiCover Health HDFC ERGO General Insurance Company Limited. IRDAI Reg. No.146 CIN: U66030MH2007PLC177117. Registered & Corporate Office: 6th Floor, Leela Business Park, Andheri-Kurla Road, Andheri (East), Mumbai – 400 059. UIN: HDFC ERGO EquiCover Health - HDFHLIP23192V012223 6 The Insured is not admitted as a day care patient or in-patient. Def 35. Portability means a facility provided to the health insurance policyholders (including all members under family cover), to transfer the credits gained for, pre-existing diseases and specific waiting periods from one insurer to another insurer. Def 36. Pre-Existing Disease means any condition, ailment, injury or disease:",
POL001_HDFC_ERGO_EQUICOVE_C0060,POL001_HDFC_ERGO_EQUICOVE,HDFC_ERGO_EquiCover.pdf,6,6,4. Chronic Neurological conditions,Practitioner(s) comprising of any of the following,a),that is/are diagnosed by a physician not more than 36 months prior to the date of commencement of the policy issued by the insurer; or,
POL001_HDFC_ERGO_EQUICOVE_C0061,POL001_HDFC_ERGO_EQUICOVE,HDFC_ERGO_EquiCover.pdf,6,6,4. Chronic Neurological conditions,Practitioner(s) comprising of any of the following,b),"for which medical advice or treatment was recommended by, or received from, a physician, not more than 36 months prior to the date of commencement of the policy. Def 37. Pre-hospitalization Medical Expenses means Medical Expenses incurred during pre-defined number of days preceding the hospitalization of the Insured Person, provided that:",
POL001_HDFC_ERGO_EQUICOVE_C0062,POL001_HDFC_ERGO_EQUICOVE,HDFC_ERGO_EquiCover.pdf,6,6,4. Chronic Neurological conditions,Practitioner(s) comprising of any of the following,i.,"Such Medical Expenses are incurred for the same condition for which the Insured Person’s Hospitalization was required, and",
POL001_HDFC_ERGO_EQUICOVE_C0063,POL001_HDFC_ERGO_EQUICOVE,HDFC_ERGO_EquiCover.pdf,6,6,4. Chronic Neurological conditions,Practitioner(s) comprising of any of the following,ii.,The In-patient Hospitalization claim for such Hospitalization is admissible by the Insurance Company. Def 38. Post-hospitalization Medical Expenses means Medical Expenses incurred during pre-defined number of days immediately after the insured person is discharged from the hospital provided that:,
POL001_HDFC_ERGO_EQUICOVE_C0064,POL001_HDFC_ERGO_EQUICOVE,HDFC_ERGO_EquiCover.pdf,6,6,4. Chronic Neurological conditions,Practitioner(s) comprising of any of the following,i.,"Such Medical Expenses are for the same condition for which the insured person’s hospitalization was required, and",
POL001_HDFC_ERGO_EQUICOVE_C0065,POL001_HDFC_ERGO_EQUICOVE,HDFC_ERGO_EquiCover.pdf,6,6,4. Chronic Neurological conditions,Practitioner(s) comprising of any of the following,ii.,"The inpatient hospitalization claim for such hospitalization is admissible by the insurance company. Def 39. Qualified Nurse means a person who holds a valid registration from the Nursing Council of India or the Nursing Council of any state in India. Def 40. Reasonable and Customary Charges means the charges for services or supplies, which are the standard charges for a specific provider and consistent with the prevailing charges in the geographical area for identical or similar services, taking into account the nature of illness/ injury involved. Def 41. Renewal means the terms on which the contract of insurance can be renewed on mutual consent with a provision of grace period for treating the renewal continuous for the purpose of gaining credit for pre-existing diseases, time-bound exclusions and for all waiting periods. Def 42. Room Rent means the amount charged by a Hospital towards Room and Boarding expenses and shall include the associated medical expenses. Def",
POL001_HDFC_ERGO_EQUICOVE_C0066,POL001_HDFC_ERGO_EQUICOVE,HDFC_ERGO_EquiCover.pdf,6,6,4. Chronic Neurological conditions,Practitioner(s) comprising of any of the following,43.,Surgery or Surgical Procedure means manual and / or operative procedure (,
POL001_HDFC_ERGO_EQUICOVE_C0067,POL001_HDFC_ERGO_EQUICOVE,HDFC_ERGO_EquiCover.pdf,6,7,4. Chronic Neurological conditions,Practitioner(s) comprising of any of the following,s),"required for treatment of an illness or injury, correction of deformities and defects, diagnosis and cure of diseases, relief from suffering and prolongation of life, performed in a hospital or day care centre by a medical practitioner. Def 44. Unproven/Experimental Treatment means the treatment including drug experimental therapy which is based on established medical practice in India, is a treatment experimental or unproven. 3.2 Specific Definitions Def 1. Adventurous/Hazardous Sports means any sport or activity involving physical exertion and HDFC ERGO General Insurance Company Limited Policy Wording HDFC ERGO EquiCover Health HDFC ERGO General Insurance Company Limited. IRDAI Reg. No.146 CIN: U66030MH2007PLC177117. Registered & Corporate Office: 6th Floor, Leela Business Park, Andheri-Kurla Road, Andheri (East), Mumbai – 400 059. UIN: HDFC ERGO EquiCover Health - HDFHLIP23192V012223 7 skill in which an Insured Person participates or competes for entertainment or as part of his profession whether he/she ist rained or not. Def 2. Age means completed years on last birthday as on Commencement Date. Def 3. Ambulance means a motor vehicle operated by a licensed/authorized service provider and equipped for the transport and paramedical treatment of the person requiring medical attention. Def 4. Antiretroviral therapy (ART) is treatment of people infected with human immunodeficiency virus (HIV) using anti-HIV drugs. Def 5. Associated Medical Expenses means those expenses that an Insured Person has necessarily and actually incurred for medical treatment on account of Illness or Accident on the advice of a Medical Practitioner. In case of copayment associated with room rent higher than the entitled room rent limit. Associated Medical Expenses will not include:",
POL001_HDFC_ERGO_EQUICOVE_C0068,POL001_HDFC_ERGO_EQUICOVE,HDFC_ERGO_EquiCover.pdf,7,7,4. Chronic Neurological conditions,Practitioner(s) comprising of any of the following,i.,Cost of pharmacy and consumables.,
POL001_HDFC_ERGO_EQUICOVE_C0069,POL001_HDFC_ERGO_EQUICOVE,HDFC_ERGO_EquiCover.pdf,7,7,4. Chronic Neurological conditions,Practitioner(s) comprising of any of the following,ii.,Cost of implants and medical devices,
POL001_HDFC_ERGO_EQUICOVE_C0070,POL001_HDFC_ERGO_EQUICOVE,HDFC_ERGO_EquiCover.pdf,7,9,4. Chronic Neurological conditions,Practitioner(s) comprising of any of the following,iii.,"Cost of diagnostics Def 6. Alternative /AYUSH Treatment refers to hospitalization treatments given under Ayurveda, Yoga and Naturopathy, Unani, Siddha and Homeopathy systems. Def 7. Biological Attack or Weapons means thee mission, discharge, dispersal, release or escape of any pathogenic (disease producing) micro-organisms and/or biologically produced toxins (including genetically modified organisms and chemically synthesized toxins) which are capable of causing any Illness, incapacitating disablement or death. Def 8. Chemical attack or weapons means the emission, discharge, dispersal, release or escape of any solid, liquid or gaseous chemical compound which,when suitably distributed, is capable of causing any lllness, incapacitating disablement or death. Def 9. Claims means a demand made by the Policyholder/Insured Person or on his behalf, for payment of Medical Expenses under any other Benefit, as covered under the Policy. Def 10. Commencement Date means the date of inception of first policy with Us as specified in the Policy Schedule. Def 11. Company means HDFC ERGO General Insurance Company Def 12. CD4 cells are a type of white blood cells, also called as CD4 T lymphocytes or 'helper T cells' which serve as primary receptor for HIV. Def 13. Diagnostic Centre means a place where diagnostic tests and exploratory or therapeutic procedures required for the detection, identification and treatment of a medical condition are done. Def 14. Person with Disability/Disability/Disabled means a person with long term physical, mental, intellectual or sensory impairment which, in interaction with barriers, hinders his full and effective participation in society equally with others. Def 15. HIV means Human Immunodeficiency Virus Def 16. lnsured Person/You/Your means the person named in the Policy Schedule who is insured under the Policy and is citizen of India, in respect of whom the applicable premium has been received by the Company. Def 17. Life-threatening emergency shall mean a serious medical condition or symptom, which arises suddenly and unexpectedly, and requires immediate care and treatment by a Medical Practitioner, generally received within 24 hours of onset to avoid jeopardy to life or serious long term impairment of the Insured Person's health, until stabilization at which time this medical condition or symptom is not considered an Emergency anymore. HDFC ERGO General Insurance Company Limited Policy Wording HDFC ERGO EquiCover Health HDFC ERGO General Insurance Company Limited. IRDAI Reg. No.146 CIN: U66030MH2007PLC177117. Registered & Corporate Office: 6th Floor, Leela Business Park, Andheri-Kurla Road, Andheri (East), Mumbai – 400 059. UIN: HDFC ERGO EquiCover Health - HDFHLIP23192V012223 8 Def 18. Material Facts means all relevant information sought by the Company in the Proposal Form and other connected documents to enable it to take informed decision in the context of underwriting the risk Def 19. Non-instalment Premium Payment refers to payment of premium for the entire policy period made in advance as a single premium. Def 20. Mental Illness means a substantial disorder of thinking, mood, perception, orientation or memory that grossly impairs judgment, behaviour, capacity to recognise reality or ability to meet the ordinary demands of life, mental conditions associated with the abuse of alcohol and drugs but does not include mental retardation which is a condition of arrested or incomplete development of mind of a person, specially characterised by sub normality of intelligence. Def 21. Medical practitioner for treatment of mental illnesses means a medical practitioner possessing a post-graduate degree or diploma in psychiatry awarded by an university recognized by the University Grants Commission established under the University Grants Commission Act, 1956, or awarded or recognized by the National Board of Examinations and included in the First Schedule to the Indian Medical Council Act, 1956, or recognized by the Medical Council of India, constituted under the Indian Medical Council Act, 1956, and includes, in relation to any State, any medical officer who having regard to his knowledge and experience in psychiatry, has been declared by the Government of that State to be a psychiatrist for the purposes of this Act Def 22. Mental Health Establishment means any health establishment, including Ayurveda, Yoga and Naturopathy, Unani, Siddha and Homoeopathy establishment, by whatever name called, either wholly or partly, meant for the care of persons with mental Illness, established, owned, controlled or maintained by the appropriate Government, local authority, trust, whether private or public. corporation, co-operative society, organisation or any other entity or person, where persons with mental Illness are admitted and reside at. or kept in, for care, treatment, convalescence and rehabilitation, either temporarily or otherwise; and includes any general Hospital or general nursing home established or maintained by the appropriate Government, local authority, trust, whether private or public, corporation, co-operative society, organisation or any other entity or person; but does not include a family residential place where a person with mental Illness resides with his relatives or friends; Def 23. Policy means these Policy wordings, the Policy Schedule and any applicable endorsements or extensions attaching to or forming part thereof, as amended from time to time, and shall be read together. The Policy contains details of the extent of cover available to the lnsured Person, applicable exclusions. and the terms & conditions applicable under the Policy. Def 24. Policy Period means the Commencement Date and either the Expiry Date specified in the policy schedule or the date of cancellation of this Policy, whichever is earlier Def 25. Policyholder means the entity or person named as such in the Schedule. Def 26. Policy Schedule means the Policy Schedule attached to and forming part of this Policy specifying the details of the Insured Persons, the Sum Insured, the Policy Period and the Sub-limits to which benefits under the Policy are subject to, including any annexures and/or endorsements. Made to or on it from time to time, and if more than one, then the latest in time. Def 27. Policy Year means a period of twelve months beginning from the Commencement Date and ending on the last day of such twelve-month period. For the purpose of subsequent years, Policy Year shall mean a period of twelve months commencing from the end of the previous Policy Year and lapsing on the last day of such twelve-month period, till the Expiry Date, as specified in the Policy Schedule Def 28. Proposal Form means a form to be filled in by the Prospect in written or electronic or any other format as approved by the Authority, for furnishing all material information as required by the HDFC ERGO General Insurance Company Limited Policy Wording HDFC ERGO EquiCover Health HDFC ERGO General Insurance Company Limited. IRDAI Reg. No.146 CIN: U66030MH2007PLC177117. Registered & Corporate Office: 6th Floor, Leela Business Park, Andheri-Kurla Road, Andheri (East), Mumbai – 400 059. UIN: HDFC ERGO EquiCover Health - HDFHLIP23192V012223 9 insurer in respect of a risk, in order to enable the insurer to take informed decision in the context of underwriting the risk, and in the event of acceptance of the risk, to determine the rates, advantages, terms and conditions of the cover to be granted Def 29. Sub-limit means a cost sharing requirement under a health insurance policy in which an insurer would not be liable defined limit. The Sub-limit as applicable under the Schedule against the relevant Cover in force under the Policy. Def 30. Sum Insured means the pre-defined limit specified in the Policy Schedule and represents the maximum, total and cumulative liability for any and all claims made under the Policy in respect of each insured person as mentioned in the Policy Schedule. Def 31. Waiting Period means a period from the inception of this Policy during which specified diseases/treatments are not covered. On completion of the Waiting Period, diseases/ treatments shall be covered provided the Policy has been continuously renewed without any break Def 32. We/Our/Us/Company means the HDFC ERGO General Insurance Company Base Cover Hospitalization Cover",
POL001_HDFC_ERGO_EQUICOVE_C0071,POL001_HDFC_ERGO_EQUICOVE,HDFC_ERGO_EquiCover.pdf,9,9,4. Chronic Neurological conditions,Inpatient Care,,"The Company shall indemnify medical expenses incurred for Hospitalization of the Insured Person during the Policy Year, up to the Sum insured as specified in the Policy Schedule (other than any sub-limits, co-pay as specified in the policy), for:",
POL001_HDFC_ERGO_EQUICOVE_C0072,POL001_HDFC_ERGO_EQUICOVE,HDFC_ERGO_EquiCover.pdf,9,9,4. Chronic Neurological conditions,Inpatient Care,i.,"Room Rent, Boarding, Nursing Expenses as provided by the Hospital / Nursing Home up to maximum of 1% of the Sum Insured per day.",
POL001_HDFC_ERGO_EQUICOVE_C0073,POL001_HDFC_ERGO_EQUICOVE,HDFC_ERGO_EquiCover.pdf,9,9,4. Chronic Neurological conditions,Inpatient Care,ii.,Intensive Care Unit (ICU) / Intensive Cardiac Care Unit (ICCU) expenses up maximum of 2% of Sum Insured per day.,
POL001_HDFC_ERGO_EQUICOVE_C0074,POL001_HDFC_ERGO_EQUICOVE,HDFC_ERGO_EquiCover.pdf,9,9,4. Chronic Neurological conditions,Inpatient Care,iii.,"Surgeon, Anesthetist, Medical Practitioner, Consultants, Specialist Fees whether paid directly to the treating Medical Practitioner/ surgeon or to the hospital",
POL001_HDFC_ERGO_EQUICOVE_C0075,POL001_HDFC_ERGO_EQUICOVE,HDFC_ERGO_EquiCover.pdf,9,9,4. Chronic Neurological conditions,Inpatient Care,iv.,"Anaesthesia, blood, oxygen, operation theatre charges, surgical appliances, medicines and drugs, costs towards diagnostics, diagnostic imaging modalities and such similar other expenses. Other expenses",
POL001_HDFC_ERGO_EQUICOVE_C0076,POL001_HDFC_ERGO_EQUICOVE,HDFC_ERGO_EquiCover.pdf,9,9,4. Chronic Neurological conditions,Inpatient Care,i.,Expenses incurred on treatment of cataract subject to the sub limits.,
POL001_HDFC_ERGO_EQUICOVE_C0077,POL001_HDFC_ERGO_EQUICOVE,HDFC_ERGO_EquiCover.pdf,9,9,4. Chronic Neurological conditions,Inpatient Care,ii.,Dental treatment necessitated due to disease or injury (for inpatient care only).,
POL001_HDFC_ERGO_EQUICOVE_C0078,POL001_HDFC_ERGO_EQUICOVE,HDFC_ERGO_EquiCover.pdf,9,9,4. Chronic Neurological conditions,Inpatient Care,iii.,Plastic surgery necessitated due to disease or injury.,
POL001_HDFC_ERGO_EQUICOVE_C0079,POL001_HDFC_ERGO_EQUICOVE,HDFC_ERGO_EquiCover.pdf,9,9,4. Chronic Neurological conditions,Inpatient Care,iv.,All day care treatments,
POL001_HDFC_ERGO_EQUICOVE_C0080,POL001_HDFC_ERGO_EQUICOVE,HDFC_ERGO_EquiCover.pdf,9,9,4. Chronic Neurological conditions,Note,1.,"Expenses of Hospitalization for a minimum period of 24 consecutive hours only shall be admissible. However, the time limit shall not apply in respect of Day Care Treatment",
POL001_HDFC_ERGO_EQUICOVE_C0081,POL001_HDFC_ERGO_EQUICOVE,HDFC_ERGO_EquiCover.pdf,9,10,4. Chronic Neurological conditions,Note,2.,"The above-mentioned Medical Expenses shall be payable only after the first commencement of the Policy with the Company 4.2 AYUSH Treatment HDFC ERGO General Insurance Company Limited Policy Wording HDFC ERGO EquiCover Health HDFC ERGO General Insurance Company Limited. IRDAI Reg. No.146 CIN: U66030MH2007PLC177117. Registered & Corporate Office: 6th Floor, Leela Business Park, Andheri-Kurla Road, Andheri (East), Mumbai – 400 059. UIN: HDFC ERGO EquiCover Health - HDFHLIP23192V012223 10 Expenses incurred for inpatient care treatment under Ayurveda, Yoga and Naturopathy, Unani, Siddha and Homeopathy systems of medicines are covered up to 100% of sum insured, during each policy year as specified in the policy schedule. 4.3",
POL001_HDFC_ERGO_EQUICOVE_C0082,POL001_HDFC_ERGO_EQUICOVE,HDFC_ERGO_EquiCover.pdf,10,10,4. Chronic Neurological conditions,Pre-Hospitalization Medical Expenses,,"The Company shall indemnify Pre-Hospitalization Medical Expenses incurred, related to an admissible Hospitalization requiring Inpatient care, for a fixed period of 30 days prior to the date of admissible Hospitalization covered under the Policy during the policy period.",
POL001_HDFC_ERGO_EQUICOVE_C0083,POL001_HDFC_ERGO_EQUICOVE,HDFC_ERGO_EquiCover.pdf,10,10,4. Chronic Neurological conditions,Conditions,i.,The claim is accepted under Section 4.1 (Inpatient Care) or Section 4.2(AYUSH Treatment) or Section 4.7 (Modern Treatments) in respect of that Insured Person.,
POL001_HDFC_ERGO_EQUICOVE_C0084,POL001_HDFC_ERGO_EQUICOVE,HDFC_ERGO_EquiCover.pdf,10,10,4. Chronic Neurological conditions,Conditions,ii.,Pre-hospitalization Medical Expenses can be claimed under this Section on a Reimbursement basis only. 4.4,
POL001_HDFC_ERGO_EQUICOVE_C0085,POL001_HDFC_ERGO_EQUICOVE,HDFC_ERGO_EquiCover.pdf,10,10,4. Chronic Neurological conditions,Post-Hospitalization Medical Expenses,,"The Company shall indemnify Post Hospitalization Medical Expenses incurred, related to an admissible Hospitalization requiring Inpatient Care, for a fixed period of 60 days from the date of discharge from the Hospital, following an admissible hospitalization covered under the Policy during the policy period.",
POL001_HDFC_ERGO_EQUICOVE_C0086,POL001_HDFC_ERGO_EQUICOVE,HDFC_ERGO_EquiCover.pdf,10,10,4. Chronic Neurological conditions,Conditions,i.,The claim is accepted under Section 4.1 (Inpatient Care) or Section 4.2(AYUSH Treatment) or Section 4.7 (Modern Treatments) in respect of that Insured Person.,
POL001_HDFC_ERGO_EQUICOVE_C0087,POL001_HDFC_ERGO_EQUICOVE,HDFC_ERGO_EquiCover.pdf,10,10,4. Chronic Neurological conditions,Conditions,ii.,"Post-hospitalization Medical Expenses can be claimed under this Section on a Reimbursement basis only. 4.5 Emergency Ground Ambulance The Company will reimburse Reasonable and Customary Charges for expenses incurred towards ambulance charges for transportation of an Insured person, per hospitalization as per the limit mentioned in Policy 1 Schedule.",
POL001_HDFC_ERGO_EQUICOVE_C0088,POL001_HDFC_ERGO_EQUICOVE,HDFC_ERGO_EquiCover.pdf,10,10,4. Chronic Neurological conditions,Specific Conditions,,The Company will reimburse payments under this Benefit provided that.,
POL001_HDFC_ERGO_EQUICOVE_C0089,POL001_HDFC_ERGO_EQUICOVE,HDFC_ERGO_EquiCover.pdf,10,10,4. Chronic Neurological conditions,Specific Conditions,i.,The medical condition of the Insured Person requires immediate ambulance services from the place where the Insured Person is Injured or is suffering from an Illness to a Hospital where appropriate medical treatment can be obtained or from the existing Hospital to another Hospital as advised by the treating Medical Practitioner in writing for management of the current Hospitalization.,
POL001_HDFC_ERGO_EQUICOVE_C0090,POL001_HDFC_ERGO_EQUICOVE,HDFC_ERGO_EquiCover.pdf,10,10,4. Chronic Neurological conditions,Specific Conditions,ii.,Expenses incurred on road Ambulance subject to a maximum of Rs.2000/- per hospitalisation.,
POL001_HDFC_ERGO_EQUICOVE_C0091,POL001_HDFC_ERGO_EQUICOVE,HDFC_ERGO_EquiCover.pdf,10,10,4. Chronic Neurological conditions,Specific Conditions,iii.,The ambulance service is offered by a healthcare or Registered Ambulance Service Provider.,
POL001_HDFC_ERGO_EQUICOVE_C0092,POL001_HDFC_ERGO_EQUICOVE,HDFC_ERGO_EquiCover.pdf,10,10,4. Chronic Neurological conditions,Specific Conditions,iv.,The original Ambulance bills and payment receipt is submitted to the Company.,
POL001_HDFC_ERGO_EQUICOVE_C0093,POL001_HDFC_ERGO_EQUICOVE,HDFC_ERGO_EquiCover.pdf,10,10,4. Chronic Neurological conditions,Specific Conditions,v.,The Company has accepted a claim under Section 4.1 (Inpatient Care) above in respect of the same period of Hospitalization or Section 4.2(AYUSH Treatment) or Section 4.7 (Modern Treatments).,
POL001_HDFC_ERGO_EQUICOVE_C0094,POL001_HDFC_ERGO_EQUICOVE,HDFC_ERGO_EquiCover.pdf,10,11,4. Chronic Neurological conditions,Specific Conditions,vi.,"Any payment under this Benefit will be excluded if the Insured Person is transferred to any Hospital or diagnostic center for evaluation purposes only 4.6 Cataract Treatment HDFC ERGO General Insurance Company Limited Policy Wording HDFC ERGO EquiCover Health HDFC ERGO General Insurance Company Limited. IRDAI Reg. No.146 CIN: U66030MH2007PLC177117. Registered & Corporate Office: 6th Floor, Leela Business Park, Andheri-Kurla Road, Andheri (East), Mumbai – 400 059. UIN: HDFC ERGO EquiCover Health - HDFHLIP23192V012223 11 The company shall indemnify medical expenses incurred for treatment of Cataract, subject to a limit of Rs.40,000/-, per each eye in one policy year. 4.7",
POL001_HDFC_ERGO_EQUICOVE_C0095,POL001_HDFC_ERGO_EQUICOVE,HDFC_ERGO_EquiCover.pdf,11,11,4. Chronic Neurological conditions,Modern Treatment,,"The following procedures will be covered (wherever medically indicated) either as In patient or as part of Day Care Treatment in a Hospital up to 50% of Sum Insured, specified in the Policy Schedule, during the Policy Period.",
POL001_HDFC_ERGO_EQUICOVE_C0096,POL001_HDFC_ERGO_EQUICOVE,HDFC_ERGO_EquiCover.pdf,11,11,4. Chronic Neurological conditions,Modern Treatment,a.,Uterine Artery Embolization and HIFU (High intensity focused ultrasound),
POL001_HDFC_ERGO_EQUICOVE_C0097,POL001_HDFC_ERGO_EQUICOVE,HDFC_ERGO_EquiCover.pdf,11,11,4. Chronic Neurological conditions,Modern Treatment,b.,Balloon Sinuplasty,
POL001_HDFC_ERGO_EQUICOVE_C0098,POL001_HDFC_ERGO_EQUICOVE,HDFC_ERGO_EquiCover.pdf,11,11,4. Chronic Neurological conditions,Modern Treatment,c.,Deep Brain stimulation,
POL001_HDFC_ERGO_EQUICOVE_C0099,POL001_HDFC_ERGO_EQUICOVE,HDFC_ERGO_EquiCover.pdf,11,11,4. Chronic Neurological conditions,Modern Treatment,d.,Oral chemotherapy,
POL001_HDFC_ERGO_EQUICOVE_C0100,POL001_HDFC_ERGO_EQUICOVE,HDFC_ERGO_EquiCover.pdf,11,11,4. Chronic Neurological conditions,Modern Treatment,e.,lmmunotherapy- Monoclonal Antibody to be given as injection.,
POL001_HDFC_ERGO_EQUICOVE_C0101,POL001_HDFC_ERGO_EQUICOVE,HDFC_ERGO_EquiCover.pdf,11,11,4. Chronic Neurological conditions,Modern Treatment,f.,Intra Vitreal injections,
POL001_HDFC_ERGO_EQUICOVE_C0102,POL001_HDFC_ERGO_EQUICOVE,HDFC_ERGO_EquiCover.pdf,11,11,4. Chronic Neurological conditions,Modern Treatment,g.,Robotic surgeries,
POL001_HDFC_ERGO_EQUICOVE_C0103,POL001_HDFC_ERGO_EQUICOVE,HDFC_ERGO_EquiCover.pdf,11,11,4. Chronic Neurological conditions,Modern Treatment,h.,Stereotactic radio Surgeries,
POL001_HDFC_ERGO_EQUICOVE_C0104,POL001_HDFC_ERGO_EQUICOVE,HDFC_ERGO_EquiCover.pdf,11,11,4. Chronic Neurological conditions,Modern Treatment,i.,Bronchial Thermoplasty,
POL001_HDFC_ERGO_EQUICOVE_C0105,POL001_HDFC_ERGO_EQUICOVE,HDFC_ERGO_EquiCover.pdf,11,11,4. Chronic Neurological conditions,Modern Treatment,j.,Vaporisation of the prostrate (Green laser treatment or holmium laser treatment),
POL001_HDFC_ERGO_EQUICOVE_C0106,POL001_HDFC_ERGO_EQUICOVE,HDFC_ERGO_EquiCover.pdf,11,11,4. Chronic Neurological conditions,Modern Treatment,k.,IONM- (Intra Operative Neuro Monitoring),
POL001_HDFC_ERGO_EQUICOVE_C0107,POL001_HDFC_ERGO_EQUICOVE,HDFC_ERGO_EquiCover.pdf,11,11,4. Chronic Neurological conditions,Modern Treatment,l.,Stem cell therapy: Hematopoietic stem cells for bone marrow transplant for haematological conditions to be covered.,
POL001_HDFC_ERGO_EQUICOVE_C0108,POL001_HDFC_ERGO_EQUICOVE,HDFC_ERGO_EquiCover.pdf,11,11,5. Waiting Period,,,"The Company is not liable to make any payment under the Policy in connection with or in respect of the following expenses till the expiry of the waiting period and any claim in respect of any Insured Person directly or indirectly for, caused by, arising from or any way attributable to any of the following unless expressly stated to the contrary in this Policy. A. Waiting Periods",
POL001_HDFC_ERGO_EQUICOVE_C0109,POL001_HDFC_ERGO_EQUICOVE,HDFC_ERGO_EquiCover.pdf,11,11,5. Waiting Period,,1.,Pre-Existing Diseases (Code- Excl01),
POL001_HDFC_ERGO_EQUICOVE_C0110,POL001_HDFC_ERGO_EQUICOVE,HDFC_ERGO_EquiCover.pdf,11,11,5. Waiting Period,,a),Expenses related to the treatment of a pre-existing Disease (PED) and its direct complications shall be excluded until the expiry of 24months for pre-existing disability/ 36 months for all pre-existing conditions other than HIV/AIDS and Disability(as mentioned in Policy Schedule) of continuous coverage after the date of inception of the first policy with insurer.,
POL001_HDFC_ERGO_EQUICOVE_C0111,POL001_HDFC_ERGO_EQUICOVE,HDFC_ERGO_EquiCover.pdf,11,11,5. Waiting Period,,b),In case of enhancement of sum insured the exclusion shall apply afresh to the extent of sum insured increase.,
POL001_HDFC_ERGO_EQUICOVE_C0112,POL001_HDFC_ERGO_EQUICOVE,HDFC_ERGO_EquiCover.pdf,11,11,5. Waiting Period,,c),"If the Insured Person is continuously covered without any break as defined under the portability norms of the extant IRDAI (Health Insurance) Regulations, then waiting period for the same would be reduced to the extent of prior coverage.",
POL001_HDFC_ERGO_EQUICOVE_C0113,POL001_HDFC_ERGO_EQUICOVE,HDFC_ERGO_EquiCover.pdf,11,11,5. Waiting Period,,d),Coverage under the policy after the expiry of number of months (as mentioned in Policy Schedule) for any pre-existing disease is subject to the same being declared at the time of application and accepted by Us,
POL001_HDFC_ERGO_EQUICOVE_C0114,POL001_HDFC_ERGO_EQUICOVE,HDFC_ERGO_EquiCover.pdf,11,11,5. Waiting Period,,2.,First 30 days waiting period- Code- Excl03,
POL001_HDFC_ERGO_EQUICOVE_C0115,POL001_HDFC_ERGO_EQUICOVE,HDFC_ERGO_EquiCover.pdf,11,12,5. Waiting Period,,a),"Expenses related to the treatment of any illness within 30 days from the first policy HDFC ERGO General Insurance Company Limited Policy Wording HDFC ERGO EquiCover Health HDFC ERGO General Insurance Company Limited. IRDAI Reg. No.146 CIN: U66030MH2007PLC177117. Registered & Corporate Office: 6th Floor, Leela Business Park, Andheri-Kurla Road, Andheri (East), Mumbai – 400 059. UIN: HDFC ERGO EquiCover Health - HDFHLIP23192V012223 12 commencement date shall be excluded except claims arising due to an accident, provided the same are covered.",
POL001_HDFC_ERGO_EQUICOVE_C0116,POL001_HDFC_ERGO_EQUICOVE,HDFC_ERGO_EquiCover.pdf,12,12,5. Waiting Period,,b),"This exclusion shall not, however, apply if the Insured Person has Continuous Coverage for more than twelve months.",
POL001_HDFC_ERGO_EQUICOVE_C0117,POL001_HDFC_ERGO_EQUICOVE,HDFC_ERGO_EquiCover.pdf,12,12,5. Waiting Period,,c),The within referred waiting period is made applicable to the enhanced sum insured in the event of granting higher sum insured subsequently.,
POL001_HDFC_ERGO_EQUICOVE_C0118,POL001_HDFC_ERGO_EQUICOVE,HDFC_ERGO_EquiCover.pdf,12,12,5. Waiting Period,,3.,Specified disease/procedure waiting period- Code- Excl02,
POL001_HDFC_ERGO_EQUICOVE_C0119,POL001_HDFC_ERGO_EQUICOVE,HDFC_ERGO_EquiCover.pdf,12,12,5. Waiting Period,,1.,Expenses related to the treatment of the listed Conditions; surgeries/treatments shall be excluded until the expiry of 24monthsas (mentioned in Policy Schedule)of continuous coverage after the date of inception of the first policy with us. This exclusion shall not be applicable for claims arising due to an accident.,
POL001_HDFC_ERGO_EQUICOVE_C0120,POL001_HDFC_ERGO_EQUICOVE,HDFC_ERGO_EquiCover.pdf,12,12,5. Waiting Period,,2.,In case of enhancement of sum insured the exclusion shall apply afresh to the extent of sum insured increase.,
POL001_HDFC_ERGO_EQUICOVE_C0121,POL001_HDFC_ERGO_EQUICOVE,HDFC_ERGO_EquiCover.pdf,12,12,5. Waiting Period,,3.,"If any of the specified disease/procedure falls under the waiting period specified for preExisting diseases, then the longer of the two waiting periods shall apply.",
POL001_HDFC_ERGO_EQUICOVE_C0122,POL001_HDFC_ERGO_EQUICOVE,HDFC_ERGO_EquiCover.pdf,12,12,5. Waiting Period,,4.,The waiting period for listed conditions shall apply even if contracted after the policy or declared and accepted without a specific exclusion.,
POL001_HDFC_ERGO_EQUICOVE_C0123,POL001_HDFC_ERGO_EQUICOVE,HDFC_ERGO_EquiCover.pdf,12,12,5. Waiting Period,,5.,"If the Insured Person is continuously covered without any break as defined under the applicable norms on portability stipulated by IRDAI, then waiting period for the same would be reduced to the extent of prior coverage. 24 Months waiting period.",
POL001_HDFC_ERGO_EQUICOVE_C0124,POL001_HDFC_ERGO_EQUICOVE,HDFC_ERGO_EquiCover.pdf,12,12,5. Waiting Period,,1.,Benign ENT disorders,
POL001_HDFC_ERGO_EQUICOVE_C0125,POL001_HDFC_ERGO_EQUICOVE,HDFC_ERGO_EquiCover.pdf,12,12,5. Waiting Period,,2.,Tonsillectomy,
POL001_HDFC_ERGO_EQUICOVE_C0126,POL001_HDFC_ERGO_EQUICOVE,HDFC_ERGO_EquiCover.pdf,12,12,5. Waiting Period,,3.,Adenoidectomy,
POL001_HDFC_ERGO_EQUICOVE_C0127,POL001_HDFC_ERGO_EQUICOVE,HDFC_ERGO_EquiCover.pdf,12,12,5. Waiting Period,,4.,Mastoidectomy,
POL001_HDFC_ERGO_EQUICOVE_C0128,POL001_HDFC_ERGO_EQUICOVE,HDFC_ERGO_EquiCover.pdf,12,12,5. Waiting Period,,5.,Tympanoplasty,
POL001_HDFC_ERGO_EQUICOVE_C0129,POL001_HDFC_ERGO_EQUICOVE,HDFC_ERGO_EquiCover.pdf,12,12,5. Waiting Period,,6.,Hysterectomy,
POL001_HDFC_ERGO_EQUICOVE_C0130,POL001_HDFC_ERGO_EQUICOVE,HDFC_ERGO_EquiCover.pdf,12,12,5. Waiting Period,,7.,"All internal and external benign tumors, cysts, polyps of any kind, including benign breast lumps.",
POL001_HDFC_ERGO_EQUICOVE_C0131,POL001_HDFC_ERGO_EQUICOVE,HDFC_ERGO_EquiCover.pdf,12,12,5. Waiting Period,,8.,Benign prostate hypertrophy,
POL001_HDFC_ERGO_EQUICOVE_C0132,POL001_HDFC_ERGO_EQUICOVE,HDFC_ERGO_EquiCover.pdf,12,12,5. Waiting Period,,9.,Cataract and age-related eye ailments,
POL001_HDFC_ERGO_EQUICOVE_C0133,POL001_HDFC_ERGO_EQUICOVE,HDFC_ERGO_EquiCover.pdf,12,12,5. Waiting Period,,10.,Gastric/ Duodenal Ulcer,
POL001_HDFC_ERGO_EQUICOVE_C0134,POL001_HDFC_ERGO_EQUICOVE,HDFC_ERGO_EquiCover.pdf,12,12,5. Waiting Period,,11.,Gout and Rheumatism,
POL001_HDFC_ERGO_EQUICOVE_C0135,POL001_HDFC_ERGO_EQUICOVE,HDFC_ERGO_EquiCover.pdf,12,12,5. Waiting Period,,12.,Hernia of all types,
POL001_HDFC_ERGO_EQUICOVE_C0136,POL001_HDFC_ERGO_EQUICOVE,HDFC_ERGO_EquiCover.pdf,12,12,5. Waiting Period,,13.,Hydrocele,
POL001_HDFC_ERGO_EQUICOVE_C0137,POL001_HDFC_ERGO_EQUICOVE,HDFC_ERGO_EquiCover.pdf,12,12,5. Waiting Period,,14.,Non-Infective Arthritis,
POL001_HDFC_ERGO_EQUICOVE_C0138,POL001_HDFC_ERGO_EQUICOVE,HDFC_ERGO_EquiCover.pdf,12,12,5. Waiting Period,,15.,"Piles, Fissures and Fistula in anus",
POL001_HDFC_ERGO_EQUICOVE_C0139,POL001_HDFC_ERGO_EQUICOVE,HDFC_ERGO_EquiCover.pdf,12,12,5. Waiting Period,,16.,"Pilonidal sinus, Sinusitis and related disorders",
POL001_HDFC_ERGO_EQUICOVE_C0140,POL001_HDFC_ERGO_EQUICOVE,HDFC_ERGO_EquiCover.pdf,12,12,5. Waiting Period,,17.,Prolapse inter Vertebral Disc and Spinal Diseases unless arising from accident.,
POL001_HDFC_ERGO_EQUICOVE_C0141,POL001_HDFC_ERGO_EQUICOVE,HDFC_ERGO_EquiCover.pdf,12,13,5. Waiting Period,,18.,"Calculi in urinary system, Gall Bladder and Bile duct, excluding malignancy. HDFC ERGO General Insurance Company Limited Policy Wording HDFC ERGO EquiCover Health HDFC ERGO General Insurance Company Limited. IRDAI Reg. No.146 CIN: U66030MH2007PLC177117. Registered & Corporate Office: 6th Floor, Leela Business Park, Andheri-Kurla Road, Andheri (East), Mumbai – 400 059. UIN: HDFC ERGO EquiCover Health - HDFHLIP23192V012223 13 19. Varicose Veins and Varicose Ulcers",
POL001_HDFC_ERGO_EQUICOVE_C0142,POL001_HDFC_ERGO_EQUICOVE,HDFC_ERGO_EquiCover.pdf,13,13,6. Specific Conditions Applicable for Persons with Disability,,,"The Company will indemnify reasonable and customary charges for medical expenses incurred towards Inpatient Hospitalisation arising due to the pre-existing disability covered, or condition as listed under The Rights of Persons With Disabilities Act, 2016 subject to the terms and limits mentioned below.",
POL001_HDFC_ERGO_EQUICOVE_C0143,POL001_HDFC_ERGO_EQUICOVE,HDFC_ERGO_EquiCover.pdf,13,13,6. Specific Conditions Applicable for Persons with Disability,,i.,"Any treatment for the pre-existing disability covered, will have a waiting period of 24 months from the first policy inception date.",
POL001_HDFC_ERGO_EQUICOVE_C0144,POL001_HDFC_ERGO_EQUICOVE,HDFC_ERGO_EquiCover.pdf,13,13,6. Specific Conditions Applicable for Persons with Disability,,ii.,Any reconstructive / Cosmetic / prosthesis / external or internal device implanted/ used at home for the purpose of treatment of existing disability or used for activities of daily living are/is excluded from the policy,
POL001_HDFC_ERGO_EQUICOVE_C0145,POL001_HDFC_ERGO_EQUICOVE,HDFC_ERGO_EquiCover.pdf,13,13,7. Specific Conditions Applicable for Persons with HIV - AIDS,,,"The Company will indemnify the Reasonable and Customary Charges for any Medical Condition which requires Inpatient Hospitalization of the Insured Person, up to the sum insured opted as mentioned in the Policy Schedule, provided, Condition",
POL001_HDFC_ERGO_EQUICOVE_C0146,POL001_HDFC_ERGO_EQUICOVE,HDFC_ERGO_EquiCover.pdf,13,13,7. Specific Conditions Applicable for Persons with HIV - AIDS,,i.,This cover will exclude cost for any Anti-Retroviral Treatment.,
POL001_HDFC_ERGO_EQUICOVE_C0147,POL001_HDFC_ERGO_EQUICOVE,HDFC_ERGO_EquiCover.pdf,13,13,8. Exclusions,,1.,Investigation & Evaluation: Code - Excl04:,
POL001_HDFC_ERGO_EQUICOVE_C0148,POL001_HDFC_ERGO_EQUICOVE,HDFC_ERGO_EquiCover.pdf,13,13,8. Exclusions,,i.,Expenses related to any admission primarily for diagnostics and evaluation purposes only are excluded.,
POL001_HDFC_ERGO_EQUICOVE_C0149,POL001_HDFC_ERGO_EQUICOVE,HDFC_ERGO_EquiCover.pdf,13,13,8. Exclusions,,ii.,Any diagnostic expenses which are not related or not incidental to the current diagnosis and treatment are excluded.,
POL001_HDFC_ERGO_EQUICOVE_C0150,POL001_HDFC_ERGO_EQUICOVE,HDFC_ERGO_EquiCover.pdf,13,13,8. Exclusions,,2.,"Rest Cure, rehabilitation and respite care: Code – Excl05: Expenses related to any admission primarily for enforced bed rest and not for receiving treatment. This also includes:",
POL001_HDFC_ERGO_EQUICOVE_C0151,POL001_HDFC_ERGO_EQUICOVE,HDFC_ERGO_EquiCover.pdf,13,13,8. Exclusions,,i.,"Custodial care either at home or in a nursing facility for personal care such as help with activities of daily living such as bathing, dressing, moving around either by skilled nurses or assistant or non-skilled persons.",
POL001_HDFC_ERGO_EQUICOVE_C0152,POL001_HDFC_ERGO_EQUICOVE,HDFC_ERGO_EquiCover.pdf,13,13,8. Exclusions,,ii.,"Any services for people who are terminally ill to address physical, social, emotional and spiritual needs.",
POL001_HDFC_ERGO_EQUICOVE_C0153,POL001_HDFC_ERGO_EQUICOVE,HDFC_ERGO_EquiCover.pdf,13,13,8. Exclusions,,3.,Obesity/Weight control: Code – Excl06: Expenses related to the surgical treatment of obesity that does not fulfil all the below conditions:,
POL001_HDFC_ERGO_EQUICOVE_C0154,POL001_HDFC_ERGO_EQUICOVE,HDFC_ERGO_EquiCover.pdf,13,13,8. Exclusions,,i.,Surgery to be conducted is upon the advice of the Doctor,
POL001_HDFC_ERGO_EQUICOVE_C0155,POL001_HDFC_ERGO_EQUICOVE,HDFC_ERGO_EquiCover.pdf,13,13,8. Exclusions,,ii.,The surgery/Procedure conducted should be supported by clinical protocols,
POL001_HDFC_ERGO_EQUICOVE_C0156,POL001_HDFC_ERGO_EQUICOVE,HDFC_ERGO_EquiCover.pdf,13,13,8. Exclusions,,iii.,The member has to be 18 years of age or older and,
POL001_HDFC_ERGO_EQUICOVE_C0157,POL001_HDFC_ERGO_EQUICOVE,HDFC_ERGO_EquiCover.pdf,13,13,8. Exclusions,,iv.,Body Mass Index (BMI),
POL001_HDFC_ERGO_EQUICOVE_C0158,POL001_HDFC_ERGO_EQUICOVE,HDFC_ERGO_EquiCover.pdf,13,13,8. Exclusions,,A.,greater than or equal to 40 or,
POL001_HDFC_ERGO_EQUICOVE_C0159,POL001_HDFC_ERGO_EQUICOVE,HDFC_ERGO_EquiCover.pdf,13,14,8. Exclusions,,B.,"greater than or equal to 35 in conjunction with any of the following severe co- HDFC ERGO General Insurance Company Limited Policy Wording HDFC ERGO EquiCover Health HDFC ERGO General Insurance Company Limited. IRDAI Reg. No.146 CIN: U66030MH2007PLC177117. Registered & Corporate Office: 6th Floor, Leela Business Park, Andheri-Kurla Road, Andheri (East), Mumbai – 400 059. UIN: HDFC ERGO EquiCover Health - HDFHLIP23192V012223 14 morbidities following failure of less invasive methods of weight loss:",
POL001_HDFC_ERGO_EQUICOVE_C0160,POL001_HDFC_ERGO_EQUICOVE,HDFC_ERGO_EquiCover.pdf,14,14,8. Exclusions,,1),Obesity-related cardiomyopathy,
POL001_HDFC_ERGO_EQUICOVE_C0161,POL001_HDFC_ERGO_EQUICOVE,HDFC_ERGO_EquiCover.pdf,14,14,8. Exclusions,,2),Coronary heart disease,
POL001_HDFC_ERGO_EQUICOVE_C0162,POL001_HDFC_ERGO_EQUICOVE,HDFC_ERGO_EquiCover.pdf,14,14,8. Exclusions,,3),Severe sleep apnoea,
POL001_HDFC_ERGO_EQUICOVE_C0163,POL001_HDFC_ERGO_EQUICOVE,HDFC_ERGO_EquiCover.pdf,14,14,8. Exclusions,,4),Uncontrolled type2 diabetes,
POL001_HDFC_ERGO_EQUICOVE_C0164,POL001_HDFC_ERGO_EQUICOVE,HDFC_ERGO_EquiCover.pdf,14,14,8. Exclusions,,4.,"Change-of-Gender treatments: Code- Excl07: Expenses related to any treatment, including surgical management, to change characteristics of the body to those of the opposite sex.",
POL001_HDFC_ERGO_EQUICOVE_C0165,POL001_HDFC_ERGO_EQUICOVE,HDFC_ERGO_EquiCover.pdf,14,14,8. Exclusions,,5.,"Cosmetic or plastic Surgery: Code – Excl08: Expenses for cosmetic or plastic surgery or any treatment to change appearance unless for reconstruction following an Accident, Burn(s) or Cancer or as part of Medically Necessary Treatment to remove a direct and immediate health risk to the insured. For this to be considered a medical necessity, it must be certified by the attending Medical Practitioner.",
POL001_HDFC_ERGO_EQUICOVE_C0166,POL001_HDFC_ERGO_EQUICOVE,HDFC_ERGO_EquiCover.pdf,14,14,8. Exclusions,,6.,"Hazardous or Adventure Sports: Code – Excl09: Expenses related to any treatment necessitated due to participation as a professional in Hazardous or Adventure sports, including but not limited to, para-jumping, rock climbing, mountaineering, rafting, motor racing, horse racing or scuba diving, hand gliding, sky diving, deep-sea diving.",
POL001_HDFC_ERGO_EQUICOVE_C0167,POL001_HDFC_ERGO_EQUICOVE,HDFC_ERGO_EquiCover.pdf,14,14,8. Exclusions,,7.,Breach of Law: Code – Excl10: Expenses for treatment directly arising from or consequent upon any Insured Person committing or attempting to commit a breach of law with criminal intent.,
POL001_HDFC_ERGO_EQUICOVE_C0168,POL001_HDFC_ERGO_EQUICOVE,HDFC_ERGO_EquiCover.pdf,14,14,8. Exclusions,,8.,"Excluded Providers: Code – Excl11: Expenses incurred towards treatment in any hospital or by any Medical Practitioner or any other provider specifically excluded by the Insurer and disclosed in its website/notified to the Policyholders are not admissible. However, in case of Life Threatening Situations or following an Accident, expenses up to the stage of stabilization are payable but not the complete claim.",
POL001_HDFC_ERGO_EQUICOVE_C0169,POL001_HDFC_ERGO_EQUICOVE,HDFC_ERGO_EquiCover.pdf,14,14,8. Exclusions,,9.,"Treatment for Alcoholism, drug or substance abuse or any addictive condition and consequences thereof. Code – Excl12.",
POL001_HDFC_ERGO_EQUICOVE_C0170,POL001_HDFC_ERGO_EQUICOVE,HDFC_ERGO_EquiCover.pdf,14,14,8. Exclusions,,10.,"Treatments received in health hydros, nature cure clinics, spas or similar establishments or private beds registered as a nursing home attached to such establishments or where admission is arranged wholly or partly for domestic reasons. Code – Excl13.",
POL001_HDFC_ERGO_EQUICOVE_C0171,POL001_HDFC_ERGO_EQUICOVE,HDFC_ERGO_EquiCover.pdf,14,14,8. Exclusions,,11.,"Dietary supplements and substances that can be purchased without prescription, including but not limited to Vitamins, minerals and organic substances unless prescribed by a Medical Practitioner as part of Hospitalization claim or Day Care procedure. Code – Excl14.",
POL001_HDFC_ERGO_EQUICOVE_C0172,POL001_HDFC_ERGO_EQUICOVE,HDFC_ERGO_EquiCover.pdf,14,14,8. Exclusions,,12.,Refractive Error: Code – Excl15: Expenses related to the treatment for correction of eye sight due to refractive error less than 7.5 dioptres.,
POL001_HDFC_ERGO_EQUICOVE_C0173,POL001_HDFC_ERGO_EQUICOVE,HDFC_ERGO_EquiCover.pdf,14,14,8. Exclusions,,13.,"Unproven Treatments: Code – Excl16: Expenses related to any unproven treatment, services and supplies for or in connection with any treatment. Unproven treatments are treatments, procedures or supplies that lack significant medical documentation to support their effectiveness.",
POL001_HDFC_ERGO_EQUICOVE_C0174,POL001_HDFC_ERGO_EQUICOVE,HDFC_ERGO_EquiCover.pdf,14,14,8. Exclusions,,14.,Sterility and Infertility: Code – Excl17: Expenses related to sterility and infertility. This includes:,
POL001_HDFC_ERGO_EQUICOVE_C0175,POL001_HDFC_ERGO_EQUICOVE,HDFC_ERGO_EquiCover.pdf,14,14,8. Exclusions,,i.,"Any type of contraception, sterilization",
POL001_HDFC_ERGO_EQUICOVE_C0176,POL001_HDFC_ERGO_EQUICOVE,HDFC_ERGO_EquiCover.pdf,14,15,8. Exclusions,,ii.,"Assisted Reproduction services including artificial insemination and advanced reproductive technologies such as IVF, ZIFT, GIFT, ICSI HDFC ERGO General Insurance Company Limited Policy Wording HDFC ERGO EquiCover Health HDFC ERGO General Insurance Company Limited. IRDAI Reg. No.146 CIN: U66030MH2007PLC177117. Registered & Corporate Office: 6th Floor, Leela Business Park, Andheri-Kurla Road, Andheri (East), Mumbai – 400 059. UIN: HDFC ERGO EquiCover Health - HDFHLIP23192V012223 15 iii. Gestational Surrogacy",
POL001_HDFC_ERGO_EQUICOVE_C0177,POL001_HDFC_ERGO_EQUICOVE,HDFC_ERGO_EquiCover.pdf,15,15,8. Exclusions,,iv.,Reversal of sterilization.,
POL001_HDFC_ERGO_EQUICOVE_C0178,POL001_HDFC_ERGO_EQUICOVE,HDFC_ERGO_EquiCover.pdf,15,15,8. Exclusions,,15.,Maternity: Code – Excl18,
POL001_HDFC_ERGO_EQUICOVE_C0179,POL001_HDFC_ERGO_EQUICOVE,HDFC_ERGO_EquiCover.pdf,15,15,8. Exclusions,,i.,Medical treatment expenses traceable to childbirth (including complicated deliveries and caesarean sections incurred during hospitalization) except ectopic pregnancy; Expenses towards miscarriage (unless due to an accident) and lawful medical termination of pregnancy during the Policy Period 8.2 Specific Exclusions,
POL001_HDFC_ERGO_EQUICOVE_C0180,POL001_HDFC_ERGO_EQUICOVE,HDFC_ERGO_EquiCover.pdf,15,15,8. Exclusions,,1.,Any medical treatment taken outside India.,
POL001_HDFC_ERGO_EQUICOVE_C0181,POL001_HDFC_ERGO_EQUICOVE,HDFC_ERGO_EquiCover.pdf,15,15,8. Exclusions,,2.,Hospitalization for donation of any body organs by an Insured including complications arising from the donation of organs.,
POL001_HDFC_ERGO_EQUICOVE_C0182,POL001_HDFC_ERGO_EQUICOVE,HDFC_ERGO_EquiCover.pdf,15,15,8. Exclusions,,3.,"Nuclear damage caused by, contributed to, by or arising from ionising radiation or contamination by radioactivity from: 3.1 any nuclear fuel or from any nuclear waste; or 3.2 from the combustion of nuclear fuel (including any self-sustaining process of nuclear fission); 3.3 nuclear weapons material. 3.4 nuclear equipment or any part of that equipment.",
POL001_HDFC_ERGO_EQUICOVE_C0183,POL001_HDFC_ERGO_EQUICOVE,HDFC_ERGO_EquiCover.pdf,15,15,8. Exclusions,,4.,"War, invasion, acts of foreign enemies, hostilities (whether war be declared or not), civil war, commotion, unrest, rebellion, revolution, insurrection, military or usurped power or confiscation or nationalisation or requisition of or damage by or under the order of any government or public local authority.",
POL001_HDFC_ERGO_EQUICOVE_C0184,POL001_HDFC_ERGO_EQUICOVE,HDFC_ERGO_EquiCover.pdf,15,15,8. Exclusions,,5.,Injury or Disease caused by or contributed to by nuclear weapons/materials.,
POL001_HDFC_ERGO_EQUICOVE_C0185,POL001_HDFC_ERGO_EQUICOVE,HDFC_ERGO_EquiCover.pdf,15,15,8. Exclusions,,6.,"Circumcision unless necessary for treatment of a disease, illness or injury not excluded hereunder, or as may be necessitated due to an accident.",
POL001_HDFC_ERGO_EQUICOVE_C0186,POL001_HDFC_ERGO_EQUICOVE,HDFC_ERGO_EquiCover.pdf,15,15,8. Exclusions,,7.,"Treatment with alternative medicines or Treatment, experimental or any other treatment such as acupuncture, acupressure, magnetic, osteopath, naturopathy, chiropractic, reflexology and aromatherapy.",
POL001_HDFC_ERGO_EQUICOVE_C0187,POL001_HDFC_ERGO_EQUICOVE,HDFC_ERGO_EquiCover.pdf,15,15,8. Exclusions,,8.,"Suicide, intentional self-injury (including but not limited to the use or misuse of any intoxicating drugs or alcohol) and any violation of law or participation in an event / activity that is against law with a criminal intent.",
POL001_HDFC_ERGO_EQUICOVE_C0188,POL001_HDFC_ERGO_EQUICOVE,HDFC_ERGO_EquiCover.pdf,15,15,8. Exclusions,,9.,Vaccination or inoculation except as post bite treatment for animal bite.,
POL001_HDFC_ERGO_EQUICOVE_C0189,POL001_HDFC_ERGO_EQUICOVE,HDFC_ERGO_EquiCover.pdf,15,15,8. Exclusions,,10.,"Convalescence, general debility, ""Run-down"" condition, rest cure, Congenital external illness/disease/defect.",
POL001_HDFC_ERGO_EQUICOVE_C0190,POL001_HDFC_ERGO_EQUICOVE,HDFC_ERGO_EquiCover.pdf,15,15,8. Exclusions,,11.,"Outpatient diagnostic, medical and surgical procedures or treatments, non-prescribed drugs and medical supplies, hormone replacement therapy and expenses related to Domiciliary hospitalization shall not be covered.",
POL001_HDFC_ERGO_EQUICOVE_C0191,POL001_HDFC_ERGO_EQUICOVE,HDFC_ERGO_EquiCover.pdf,15,15,8. Exclusions,,12.,Dental treatment or Surgery of any kind unless requiring Hospitalisation as a result of accidental Bodily Injury.,
POL001_HDFC_ERGO_EQUICOVE_C0192,POL001_HDFC_ERGO_EQUICOVE,HDFC_ERGO_EquiCover.pdf,15,15,8. Exclusions,,13.,Venereal/ Sexually Transmitted disease,
POL001_HDFC_ERGO_EQUICOVE_C0193,POL001_HDFC_ERGO_EQUICOVE,HDFC_ERGO_EquiCover.pdf,15,15,8. Exclusions,,14.,Stem cell storage.,
POL001_HDFC_ERGO_EQUICOVE_C0194,POL001_HDFC_ERGO_EQUICOVE,HDFC_ERGO_EquiCover.pdf,15,16,8. Exclusions,,15.,"Any kind of service charge, surcharge levied by the hospital. HDFC ERGO General Insurance Company Limited Policy Wording HDFC ERGO EquiCover Health HDFC ERGO General Insurance Company Limited. IRDAI Reg. No.146 CIN: U66030MH2007PLC177117. Registered & Corporate Office: 6th Floor, Leela Business Park, Andheri-Kurla Road, Andheri (East), Mumbai – 400 059. UIN: HDFC ERGO EquiCover Health - HDFHLIP23192V012223 16 16. Personal comfort and convenience items or services such as television, telephone, barber or guest service and similar incidental services and supplies.",
POL001_HDFC_ERGO_EQUICOVE_C0195,POL001_HDFC_ERGO_EQUICOVE,HDFC_ERGO_EquiCover.pdf,16,16,8. Exclusions,,17.,Non-Payable items: The expenses that are not covered in this Policy are placed under List-I of Annexure-11,
POL001_HDFC_ERGO_EQUICOVE_C0196,POL001_HDFC_ERGO_EQUICOVE,HDFC_ERGO_EquiCover.pdf,16,16,8. Exclusions,,18.,"Any medical procedure or treatment, which is not medically necessary or not performed by a Medical Practitioner",
POL001_HDFC_ERGO_EQUICOVE_C0197,POL001_HDFC_ERGO_EQUICOVE,HDFC_ERGO_EquiCover.pdf,16,16,9. General Terms & Conditions,,,9.1 Standard terms & Conditions I. Condition Precedent to the contract,
POL001_HDFC_ERGO_EQUICOVE_C0198,POL001_HDFC_ERGO_EQUICOVE,HDFC_ERGO_EquiCover.pdf,16,16,9. General Terms & Conditions,Disclosure of Information,,"The policy shall be void and all premium paid thereon shall be forfeited to the Company in the event of misrepresentation, mis-description or non-disclosure of any material fact by the Policyholder.",
POL001_HDFC_ERGO_EQUICOVE_C0199,POL001_HDFC_ERGO_EQUICOVE,HDFC_ERGO_EquiCover.pdf,16,16,9. General Terms & Conditions,Condition Precedent to Admission of Liability,,The terms and conditions of the policy must be fulfilled by the insured person for the Company to make any payment for claim(s) arising under the policy.,
POL001_HDFC_ERGO_EQUICOVE_C0200,POL001_HDFC_ERGO_EQUICOVE,HDFC_ERGO_EquiCover.pdf,16,16,9. General Terms & Conditions,Claim Settlement (provision for Penal Interest),a.,"The Company shall settle or reject a claim, as the case may be, within 15 days from the date of receipt of receipt of intimation.",
POL001_HDFC_ERGO_EQUICOVE_C0201,POL001_HDFC_ERGO_EQUICOVE,HDFC_ERGO_EquiCover.pdf,16,16,9. General Terms & Conditions,Claim Settlement (provision for Penal Interest),b.,"In the case of delay in the payment of a claim, the Company shall be liable to pay interest to the Policyholder from the date of receipt of intimation to the date of payment of claim at a rate 2% above the bank rate.",
POL001_HDFC_ERGO_EQUICOVE_C0202,POL001_HDFC_ERGO_EQUICOVE,HDFC_ERGO_EquiCover.pdf,16,16,9. General Terms & Conditions,Complete Discharge,,"Any payment to the Policyholder, Insured Person or his/ her nominees or his/ her legal representative or assignee or to the Hospital, as the case may be, for any benefit under the Policy shall be a valid discharge towards payment of claim by the Company to the extent of that amount for the particular claim.",
POL001_HDFC_ERGO_EQUICOVE_C0203,POL001_HDFC_ERGO_EQUICOVE,HDFC_ERGO_EquiCover.pdf,16,16,9. General Terms & Conditions,Multiple Policies,a.,"In case of multiple policies taken by an Insured Person during a period from one or more insurers to indemnify treatment costs, the Insured Person shall have the right to require a settlement of his/her claim in terms of any of his/her policies. In all such cases the Insurer chosen by the Insured Person shall be obliged to settle the claim as long as the claim is within the limits of and according to the terms of the chosen Policy.",
POL001_HDFC_ERGO_EQUICOVE_C0204,POL001_HDFC_ERGO_EQUICOVE,HDFC_ERGO_EquiCover.pdf,16,16,9. General Terms & Conditions,Multiple Policies,b.,Insured Person having multiple policies shall also have the right to prefer claims under this Policy for the amounts disallowed under any other policy / policies even if the Sum Insured is not exhausted. Then the insurer shall independently settle the claim subject to the terms and conditions of this Policy.,
POL001_HDFC_ERGO_EQUICOVE_C0205,POL001_HDFC_ERGO_EQUICOVE,HDFC_ERGO_EquiCover.pdf,16,16,9. General Terms & Conditions,Multiple Policies,c.,"If the amount to be claimed exceeds the Sum Insured under a single Policy, the Insured Person shall have the right to choose Insurer from whom he/she wants to claim the balance amount.",
POL001_HDFC_ERGO_EQUICOVE_C0206,POL001_HDFC_ERGO_EQUICOVE,HDFC_ERGO_EquiCover.pdf,16,17,9. General Terms & Conditions,Multiple Policies,d.,"Where the Insured Person has policies from more than one Insurer to cover the same risk on indemnity basis, the Insured Person shall only be indemnified the treatment costs in accordance with the terms and conditions of the chosen Policy. HDFC ERGO General Insurance Company Limited Policy Wording HDFC ERGO EquiCover Health HDFC ERGO General Insurance Company Limited. IRDAI Reg. No.146 CIN: U66030MH2007PLC177117. Registered & Corporate Office: 6th Floor, Leela Business Park, Andheri-Kurla Road, Andheri (East), Mumbai – 400 059. UIN: HDFC ERGO EquiCover Health - HDFHLIP23192V012223 17 6. Fraud If any claim made by the Insured Person, is in any respect fraudulent, or if any false statement, or declaration is made or used in support thereof, or if any fraudulent means or devices are used by the Insured Person or anyone acting on his/her behalf to obtain any benefit under this Policy, all benefits under this policy and the premium paid shall be forfeited. Any amount already paid against claims made under this Policy but which are found fraudulent later shall be repaid by all recipient(s)/Policyholder(s), who have made that particular claim, who shall be jointly and severally liable for such repayment to the Insurer. For the purpose of this clause, the expression ""fraud"" means any of the following acts committed by the Insured Person or by his agent or the hospital/doctor/any other party acting on behalf of the Insured Person, with intent to deceive the insurer or to induce the insurer to issue an insurance policy:",
POL001_HDFC_ERGO_EQUICOVE_C0207,POL001_HDFC_ERGO_EQUICOVE,HDFC_ERGO_EquiCover.pdf,17,17,9. General Terms & Conditions,Multiple Policies,a.,"the suggestion, as a fact of that which is not true and which the Insured Person does not believe to be true;",
POL001_HDFC_ERGO_EQUICOVE_C0208,POL001_HDFC_ERGO_EQUICOVE,HDFC_ERGO_EquiCover.pdf,17,17,9. General Terms & Conditions,Multiple Policies,b.,the active concealment of a fact by the Insured Person having knowledge or belief of the fact;,
POL001_HDFC_ERGO_EQUICOVE_C0209,POL001_HDFC_ERGO_EQUICOVE,HDFC_ERGO_EquiCover.pdf,17,17,9. General Terms & Conditions,Multiple Policies,c.,any other act fitted to deceive; and,
POL001_HDFC_ERGO_EQUICOVE_C0210,POL001_HDFC_ERGO_EQUICOVE,HDFC_ERGO_EquiCover.pdf,17,17,9. General Terms & Conditions,Multiple Policies,d.,"any such act or omission as the law specially declares to be fraudulent. The Company shall not repudiate the claim and / or forfeit the Policy benefits on the ground of Fraud, if the Insured Person / beneficiary can prove that the mis-statement was true to the best of his knowledge and there was no deliberate intention to suppress the fact or that such mis-statement of or suppression of material fact are within the knowledge of the Insurer.",
POL001_HDFC_ERGO_EQUICOVE_C0211,POL001_HDFC_ERGO_EQUICOVE,HDFC_ERGO_EquiCover.pdf,17,17,9. General Terms & Conditions,Cancellation,a.,"The Policyholder may cancel this policy by giving 7 days’ written notice and in such an event, the Company shall refund to the Insured a pro-rata premium for the unexpired Policy Period. Note: For Policies where premium is paid by instalment: In case of admissible claim under the Policy, future instalment for the current Policy Year will be adjusted in the claim amount and no refund of any premium will be applicable during the Policy Year.",
POL001_HDFC_ERGO_EQUICOVE_C0212,POL001_HDFC_ERGO_EQUICOVE,HDFC_ERGO_EquiCover.pdf,17,17,9. General Terms & Conditions,Cancellation,i.,The Company may cancel the Policy at any time on grounds of established fraud or non-disclosure or misrepresentation by the Insured Person by giving 15 days’ written notice. There would be no refund of premium on cancellation on grounds of established fraud or non-disclosure or misrepresentation,
POL001_HDFC_ERGO_EQUICOVE_C0213,POL001_HDFC_ERGO_EQUICOVE,HDFC_ERGO_EquiCover.pdf,17,17,9. General Terms & Conditions,Cancellation,ii.,"Refund of Policy premium in case of death of Insured Person/s: Policy premium shall be refunded proportionately for the deceased Insured Person, for the unexpired Policy Period in case of death of any Insured Person/s",
POL001_HDFC_ERGO_EQUICOVE_C0214,POL001_HDFC_ERGO_EQUICOVE,HDFC_ERGO_EquiCover.pdf,17,17,9. General Terms & Conditions,Cancellation,iii.,"Notwithstanding anything contained herein or otherwise, no refunds of premium shall be made in respect of Cancellation where any claim has been admitted or any benefit has been availed by the Insured Person under the Policy. b.",
POL001_HDFC_ERGO_EQUICOVE_C0215,POL001_HDFC_ERGO_EQUICOVE,HDFC_ERGO_EquiCover.pdf,17,18,9. General Terms & Conditions,Migration,,"The Insured Person will have the option to migrate the Policy to other health insurance products/plans offered by the company as per extant Guidelines related to Migration. If such HDFC ERGO General Insurance Company Limited Policy Wording HDFC ERGO EquiCover Health HDFC ERGO General Insurance Company Limited. IRDAI Reg. No.146 CIN: U66030MH2007PLC177117. Registered & Corporate Office: 6th Floor, Leela Business Park, Andheri-Kurla Road, Andheri (East), Mumbai – 400 059. UIN: HDFC ERGO EquiCover Health - HDFHLIP23192V012223 18 person is presently covered and has been continuously covered without any lapses under any health insurance product/plan offered by the company, as per Guidelines on migration, the proposed Insured Person will get all the accrued continuity benefits in waiting periods as per below:",
POL001_HDFC_ERGO_EQUICOVE_C0216,POL001_HDFC_ERGO_EQUICOVE,HDFC_ERGO_EquiCover.pdf,18,18,9. General Terms & Conditions,Migration,i.,The waiting periods specified in Section 5 shall be reduced by the number of continuous preceding years of coverage of the Insured Person under the previous health insurance Policy.,
POL001_HDFC_ERGO_EQUICOVE_C0217,POL001_HDFC_ERGO_EQUICOVE,HDFC_ERGO_EquiCover.pdf,18,18,9. General Terms & Conditions,Migration,ii.,"Migration benefit will be offered to the extent of sum of previous insured and accrued bonus(as part of the sum insured), migration benefit shall not apply to any other additional increased Sum Insured.",
POL001_HDFC_ERGO_EQUICOVE_C0218,POL001_HDFC_ERGO_EQUICOVE,HDFC_ERGO_EquiCover.pdf,18,18,9. General Terms & Conditions,Migration,iii.,Migration under this product shall be allowed only due to withdrawal of the product subject to IRDAI Regulations,
POL001_HDFC_ERGO_EQUICOVE_C0219,POL001_HDFC_ERGO_EQUICOVE,HDFC_ERGO_EquiCover.pdf,18,18,9. General Terms & Conditions,Portability,,"The Insured Person will have the option to port the Policy to same product of other insurers as per extant Guidelines related to portability, If such person is presently covered and has been continuously covered without any lapses under this health insurance plan with an Indian General/Health insurer as per Guidelines on portability, the proposed Insured Person will get all the accrued continuity benefits in waiting periods as under:",
POL001_HDFC_ERGO_EQUICOVE_C0220,POL001_HDFC_ERGO_EQUICOVE,HDFC_ERGO_EquiCover.pdf,18,18,9. General Terms & Conditions,Portability,i.,The waiting periods specified in Section 5 shall be reduced by the number of continuous preceding years of coverage of the Insured Person under the previous health insurance Policy.,
POL001_HDFC_ERGO_EQUICOVE_C0221,POL001_HDFC_ERGO_EQUICOVE,HDFC_ERGO_EquiCover.pdf,18,18,9. General Terms & Conditions,Portability,ii.,"Portability benefit will be offered to the extent of sum of previous sum insured and accrued bonus (as part of the sum insured), portability benefit shall not apply to any other additional increased Sum Insured.",
POL001_HDFC_ERGO_EQUICOVE_C0222,POL001_HDFC_ERGO_EQUICOVE,HDFC_ERGO_EquiCover.pdf,18,18,9. General Terms & Conditions,Renewal of Policy,,"A health insurance policy shall be renewable except on grounds of established fraud or nondisclosure or misrepresentation by the insured, provided the policy is not withdrawn and also subject to conditions stated under Moratorium clause.",
POL001_HDFC_ERGO_EQUICOVE_C0223,POL001_HDFC_ERGO_EQUICOVE,HDFC_ERGO_EquiCover.pdf,18,18,9. General Terms & Conditions,Renewal of Policy,i.,"Renewal of a health insurance policy shall not be denied on the ground that the insured had made a claim or claims in the preceding policy years, except for benefit based policies where the policy terminates following payment of the benefit covered under the policy like critical illness policies.",
POL001_HDFC_ERGO_EQUICOVE_C0224,POL001_HDFC_ERGO_EQUICOVE,HDFC_ERGO_EquiCover.pdf,18,18,9. General Terms & Conditions,Renewal of Policy,ii.,The company shall condone a delay in renewal up to the grace period from the due date of renewal without considering such condonation as a break in policy.,
POL001_HDFC_ERGO_EQUICOVE_C0225,POL001_HDFC_ERGO_EQUICOVE,HDFC_ERGO_EquiCover.pdf,18,18,9. General Terms & Conditions,Renewal of Policy,iii.,No loading shall apply on renewals based on individual claims experience,
POL001_HDFC_ERGO_EQUICOVE_C0226,POL001_HDFC_ERGO_EQUICOVE,HDFC_ERGO_EquiCover.pdf,18,18,9. General Terms & Conditions,Renewal of Policy,iv.,"The Company shall not resort to fresh underwriting unless there is an increase in sum insured. In case increase in sum insured is requested by the Policyholder, the Insurer may underwrite only to the extent of increased sum insured.",
POL001_HDFC_ERGO_EQUICOVE_C0227,POL001_HDFC_ERGO_EQUICOVE,HDFC_ERGO_EquiCover.pdf,18,18,9. General Terms & Conditions,Renewal of Policy,v.,Renewal premium due can be paid prior to the due date as per norms set out by the Company.,
POL001_HDFC_ERGO_EQUICOVE_C0228,POL001_HDFC_ERGO_EQUICOVE,HDFC_ERGO_EquiCover.pdf,18,18,9. General Terms & Conditions,Premium Payment in Instalments,,If the insured person has opted for Payment of Premium on an instalments basis i.,
POL001_HDFC_ERGO_EQUICOVE_C0229,POL001_HDFC_ERGO_EQUICOVE,HDFC_ERGO_EquiCover.pdf,18,19,9. General Terms & Conditions,Premium Payment in Instalments,e.,"Half Yearly, Quarterly or Monthly, as mentioned in Your Policy Schedule/Certificate of Insurance, the following HDFC ERGO General Insurance Company Limited Policy Wording HDFC ERGO EquiCover Health HDFC ERGO General Insurance Company Limited. IRDAI Reg. No.146 CIN: U66030MH2007PLC177117. Registered & Corporate Office: 6th Floor, Leela Business Park, Andheri-Kurla Road, Andheri (East), Mumbai – 400 059. UIN: HDFC ERGO EquiCover Health - HDFHLIP23192V012223 19 Conditions shall apply (notwithstanding any terms contrary elsewhere in the Policy)",
POL001_HDFC_ERGO_EQUICOVE_C0230,POL001_HDFC_ERGO_EQUICOVE,HDFC_ERGO_EquiCover.pdf,19,19,9. General Terms & Conditions,Premium Payment in Instalments,i.,Grace Period of 15 days would be given to pay the installment premium due for the Policy.,
POL001_HDFC_ERGO_EQUICOVE_C0231,POL001_HDFC_ERGO_EQUICOVE,HDFC_ERGO_EquiCover.pdf,19,19,9. General Terms & Conditions,Premium Payment in Instalments,ii.,"If premium is paid in instalments then coverage will be available during the grace period also. (Note: In case of non-instalment premium payment, coverage shall not be available for the period for which no premium is received).",
POL001_HDFC_ERGO_EQUICOVE_C0232,POL001_HDFC_ERGO_EQUICOVE,HDFC_ERGO_EquiCover.pdf,19,19,9. General Terms & Conditions,Premium Payment in Instalments,iii.,"TheBenefits provided under- ""Waiting Periods"", ""Specific Waiting Periods"" Sections shall continue in the event of payment of premium within the stipulated grace Period.",
POL001_HDFC_ERGO_EQUICOVE_C0233,POL001_HDFC_ERGO_EQUICOVE,HDFC_ERGO_EquiCover.pdf,19,19,9. General Terms & Conditions,Premium Payment in Instalments,iv.,No interest will be charged If the installment premium is not paid on due date.,
POL001_HDFC_ERGO_EQUICOVE_C0234,POL001_HDFC_ERGO_EQUICOVE,HDFC_ERGO_EquiCover.pdf,19,19,9. General Terms & Conditions,Premium Payment in Instalments,v.,"In case of installment premium due not received within the grace Period, the Policy will get cancelled.",
POL001_HDFC_ERGO_EQUICOVE_C0235,POL001_HDFC_ERGO_EQUICOVE,HDFC_ERGO_EquiCover.pdf,19,19,9. General Terms & Conditions,Moratorium Period,,"After completion of sixty continuous months of coverage (including portability and migration) in health insurance policy, no policy and claim shall be contestable by the insurer on grounds of non-disclosure, misrepresentation, except on grounds of established fraud. This period of sixty continuous months is called as moratorium period. The moratorium would be applicable for the sums insured of the first policy. Wherever, the sum insured is enhanced, completion of sixty continuous months would be applicable from the date of enhancement of sums insured only on the enhanced limits.",
POL001_HDFC_ERGO_EQUICOVE_C0236,POL001_HDFC_ERGO_EQUICOVE,HDFC_ERGO_EquiCover.pdf,19,19,9. General Terms & Conditions,Possibility of Revision of terms of the Policy including the Premium Rates,,"The Company, with prior approval of IRDAI, may revise or modify the terms of the policy including the premium rates. The insured Person shall be notified three (3) months before the changes are affected.",
POL001_HDFC_ERGO_EQUICOVE_C0237,POL001_HDFC_ERGO_EQUICOVE,HDFC_ERGO_EquiCover.pdf,19,19,9. General Terms & Conditions,Free Look Period,,"The Free Look Period shall be applicable on new individual health insurance policies and not on renewals of the Policy. The insured person shall be allowed free look period of 30 days from date of receipt of the policy document to review the terms and conditions of the policy, and to return the same if not acceptable. If the insured has not made any claim during the Free Look Period, the insured shall be entitled to",
POL001_HDFC_ERGO_EQUICOVE_C0238,POL001_HDFC_ERGO_EQUICOVE,HDFC_ERGO_EquiCover.pdf,19,19,9. General Terms & Conditions,Free Look Period,i.,a refund of the premium paid less any expenses incurred by the Company on medical examination of the insured person and the stamp duty charges or,
POL001_HDFC_ERGO_EQUICOVE_C0239,POL001_HDFC_ERGO_EQUICOVE,HDFC_ERGO_EquiCover.pdf,19,19,9. General Terms & Conditions,Free Look Period,ii.,"where the risk has already commenced and the option of return of the policy is exercised by the insured person, a deduction towards the proportionate risk premium for period of cover or",
POL001_HDFC_ERGO_EQUICOVE_C0240,POL001_HDFC_ERGO_EQUICOVE,HDFC_ERGO_EquiCover.pdf,19,19,9. General Terms & Conditions,Free Look Period,iii.,"Where only a part of the insurance coverage has commenced, such proportionate premium commensurate with the insurance coverage during such period.",
POL001_HDFC_ERGO_EQUICOVE_C0241,POL001_HDFC_ERGO_EQUICOVE,HDFC_ERGO_EquiCover.pdf,19,19,9. General Terms & Conditions,Withdrawal of Policy,a.,"In the likelihood of this product being withdrawn in future, the Company will intimate the Insured Person about the same 90 days prior to expiry of the policy.",
POL001_HDFC_ERGO_EQUICOVE_C0242,POL001_HDFC_ERGO_EQUICOVE,HDFC_ERGO_EquiCover.pdf,19,19,9. General Terms & Conditions,Withdrawal of Policy,b.,"Insured Person will have the option to migrate to similar health insurance product available with the Company at the time of renewal with all the accrued continuity benefits waiver of waiting period as per IRDAI guidelines, provided the policy has been maintained without a break.",
POL001_HDFC_ERGO_EQUICOVE_C0243,POL001_HDFC_ERGO_EQUICOVE,HDFC_ERGO_EquiCover.pdf,20,20,9. General Terms & Conditions,Grievance Redressal Procedure,,"HDFC ERGO General Insurance Company Limited Policy Wording HDFC ERGO EquiCover Health HDFC ERGO General Insurance Company Limited. IRDAI Reg. No.146 CIN: U66030MH2007PLC177117. Registered & Corporate Office: 6th Floor, Leela Business Park, Andheri-Kurla Road, Andheri (East), Mumbai – 400 059. UIN: HDFC ERGO EquiCover Health - HDFHLIP23192V012223 20 In case of any grievance the insured person may contact the company through: First Point of Contact Call us at 022 6158 2020 / 022 6234 6234/www.hdfcergo.com Level 1 For lack of a response or if the response provided does not meet your expectation, you can:",
POL001_HDFC_ERGO_EQUICOVE_C0244,POL001_HDFC_ERGO_EQUICOVE,HDFC_ERGO_EquiCover.pdf,20,20,9. General Terms & Conditions,Grievance Redressal Procedure,1.,"Write to The Complaints & Grievance Cell (C&G Cell) HDFC ERGO General Insurance Company Limited, D-301, 3rd Floor, Eastern Business District (Magnet Mall), LBS Marg, Bhandup (West), Mumbai – 400078, Maharashtra",
POL001_HDFC_ERGO_EQUICOVE_C0245,POL001_HDFC_ERGO_EQUICOVE,HDFC_ERGO_EquiCover.pdf,20,20,9. General Terms & Conditions,Grievance Redressal Procedure,2.,You can also write an email to grievance@hdfcergo.com,
POL001_HDFC_ERGO_EQUICOVE_C0246,POL001_HDFC_ERGO_EQUICOVE,HDFC_ERGO_EquiCover.pdf,20,20,9. General Terms & Conditions,Grievance Redressal Procedure,3.,"Call on 18002677444 (operational Monday - Saturday 9AM to 6PM) Level 2 If you're not satisfied with the resolution or if no response was received within 15 days, you can:",
POL001_HDFC_ERGO_EQUICOVE_C0247,POL001_HDFC_ERGO_EQUICOVE,HDFC_ERGO_EquiCover.pdf,20,20,9. General Terms & Conditions,Grievance Redressal Procedure,1.,"Write to the Chief Grievance Officer HDFC ERGO General Insurance Company Limited, D-301, 3rd Floor, Eastern Business District (Magnet Mall), LBS Marg, Bhandup (West), Mumbai – 400078, Maharashtra",
POL001_HDFC_ERGO_EQUICOVE_C0248,POL001_HDFC_ERGO_EQUICOVE,HDFC_ERGO_EquiCover.pdf,20,20,9. General Terms & Conditions,Grievance Redressal Procedure,2.,"You can also write an email to cgo@hdfcergo.com Level 3 In case grievance is not resolved at the above escalation levels, you can also lodge an online complaint through the website of Council for Insurance Ombudsmen (CIO) Dedicated Helpline For Email ID Contact Number Senior Citizen seniorcitizen@hdfcergo.com 022 6158 2026 Women - 022 6158 2055 You may also refer the Grievance Redressal Escalation matrix on our website https://www.hdfcergo.com/customer-voice/grievances If Insured Person is not satisfied with the redressal of grievance through above methods, the Insured Person may also approach the office of Insurance Ombudsman of the respective area/region for redressal of grievance as per Insurance Ombudsman Rules 2017. Grievance may also be lodged at IRDAI Integrated Grievance Management System - https://bimabharosa.irdai.gov.in",
POL001_HDFC_ERGO_EQUICOVE_C0249,POL001_HDFC_ERGO_EQUICOVE,HDFC_ERGO_EquiCover.pdf,20,21,9. General Terms & Conditions,Nomination,,"The policy holder is required at the inception of the policy to make a nomination for the purpose of payment of claims under the policy in the event of death of the policy holder. Any change of nomination shall be communicated to the Company in writing and such change HDFC ERGO General Insurance Company Limited Policy Wording HDFC ERGO EquiCover Health HDFC ERGO General Insurance Company Limited. IRDAI Reg. No.146 CIN: U66030MH2007PLC177117. Registered & Corporate Office: 6th Floor, Leela Business Park, Andheri-Kurla Road, Andheri (East), Mumbai – 400 059. UIN: HDFC ERGO EquiCover Health - HDFHLIP23192V012223 21 shall be effective only when an endorsement on the policy is made. In the event of death of the Insured Person, the Company will pay the nominee (as named in the Policy Schedule/endorsement (if any)) and in case there is no subsisting nominee, to the legal heirs or legal representatives of the Insured Person whose discharge shall be treated as full and final discharge of its liability under the Policy 9.2 Specific Conditions I. Condition Precedent to the contract",
POL001_HDFC_ERGO_EQUICOVE_C0250,POL001_HDFC_ERGO_EQUICOVE,HDFC_ERGO_EquiCover.pdf,21,21,9. General Terms & Conditions,Nomination,a.,Arbitration clause,
POL001_HDFC_ERGO_EQUICOVE_C0251,POL001_HDFC_ERGO_EQUICOVE,HDFC_ERGO_EquiCover.pdf,21,21,9. General Terms & Conditions,Nomination,i.,"If any dispute or difference shall arise as to the quantum to be paid under this Policy (liability being otherwise admitted) such difference shall independent of all other questions be referred to the decision of a sole arbitrator to be appointed in writing by the parties thereto, or if they cannot agree upon a single arbitrator within 30 days of any party invoking arbitration, the same shall be referred to a panel of three arbitrators, comprising of two arbitrators, one t be appointed by each of the parties to the dispute/difference and the third arbitrator to be appointed by such two Arbitrators who shall act as the presiding arbitrator and Arbitration shall be conducted under and in accordance with the provisions of the Arbitration and Conciliation Act, 1996) as amended by Arbitration and Conciliation (Amendment) Act, 2015 (No. 3 of 2016).",
POL001_HDFC_ERGO_EQUICOVE_C0252,POL001_HDFC_ERGO_EQUICOVE,HDFC_ERGO_EquiCover.pdf,21,21,9. General Terms & Conditions,Nomination,ii.,"It is clearly agreed and understood that no difference or dispute shall be referable to arbitration, as hereinbefore provided, if the Company has disputed or not accepted liability under or in respect of this Policy.",
POL001_HDFC_ERGO_EQUICOVE_C0253,POL001_HDFC_ERGO_EQUICOVE,HDFC_ERGO_EquiCover.pdf,21,21,9. General Terms & Conditions,Nomination,iii.,lt is here by expressly stipulated and declared that it shall be a condition precedent to any right of action or suit upon this Policy that the award by such arbitrator/ arbitrators of the amount of expenses shall be first obtained,
POL001_HDFC_ERGO_EQUICOVE_C0254,POL001_HDFC_ERGO_EQUICOVE,HDFC_ERGO_EquiCover.pdf,21,21,9. General Terms & Conditions,Nomination,b.,"Change of Sum Insured Sum Insured can be changed (increase / decrease) only at the time of Renewal or at any time, subject to underwriting by the Company. For any increase in Sum Insured, the waiting period shall start afresh only for the enhance portion of the Sum Insured.",
POL001_HDFC_ERGO_EQUICOVE_C0255,POL001_HDFC_ERGO_EQUICOVE,HDFC_ERGO_EquiCover.pdf,21,21,9. General Terms & Conditions,Nomination,c.,"Material Change The Insured Person shall notify the Company in writing of any material change in the risk in relation to the declaration made in the Proposal form or medical examination report at each Renewal and the Company may, adjust the scope of cover and / or premium, if necessary, accordingly.",
POL001_HDFC_ERGO_EQUICOVE_C0256,POL001_HDFC_ERGO_EQUICOVE,HDFC_ERGO_EquiCover.pdf,21,21,9. General Terms & Conditions,Nomination,d.,Notice and Communication,
POL001_HDFC_ERGO_EQUICOVE_C0257,POL001_HDFC_ERGO_EQUICOVE,HDFC_ERGO_EquiCover.pdf,21,21,9. General Terms & Conditions,Nomination,i.,"Any notice, direction, instruction, or any other communication related to the Policy should be made in writing.",
POL001_HDFC_ERGO_EQUICOVE_C0258,POL001_HDFC_ERGO_EQUICOVE,HDFC_ERGO_EquiCover.pdf,21,21,9. General Terms & Conditions,Nomination,ii.,Such communication shall be sent to the address of the Company or through any other electronic modes specified in the Policy Schedule.,
POL001_HDFC_ERGO_EQUICOVE_C0259,POL001_HDFC_ERGO_EQUICOVE,HDFC_ERGO_EquiCover.pdf,21,21,9. General Terms & Conditions,Nomination,iii.,The Company shall communicate to the Insured at the address or through any other electronic mode mentioned in the schedule/certificate of insurance.,
POL001_HDFC_ERGO_EQUICOVE_C0260,POL001_HDFC_ERGO_EQUICOVE,HDFC_ERGO_EquiCover.pdf,21,22,9. General Terms & Conditions,Nomination,e.,"Records to be Maintained. The Insured Person shall keep an accurate record containing all relevant medical records and shall allow the Company or its representatives to inspect such records. The Insured Person shall furnish such information as the Company may require for settlement of any claim under the Policy, within reasonable time limit and within the time limit specified in the Policy. HDFC ERGO General Insurance Company Limited Policy Wording HDFC ERGO EquiCover Health HDFC ERGO General Insurance Company Limited. IRDAI Reg. No.146 CIN: U66030MH2007PLC177117. Registered & Corporate Office: 6th Floor, Leela Business Park, Andheri-Kurla Road, Andheri (East), Mumbai – 400 059. UIN: HDFC ERGO EquiCover Health - HDFHLIP23192V012223",
POL001_HDFC_ERGO_EQUICOVE_C0261,POL001_HDFC_ERGO_EQUICOVE,HDFC_ERGO_EquiCover.pdf,22,22,9. General Terms & Conditions,Nomination,f.,"Territorial Jurisdiction All disputes or differences under or in relation to the interpretation of the terms, conditions, validity, construct, limitations and/or exclusions contained in the Policy shall be determined by the Indian court and according to Indian law.",
POL001_HDFC_ERGO_EQUICOVE_C0262,POL001_HDFC_ERGO_EQUICOVE,HDFC_ERGO_EquiCover.pdf,22,22,9. General Terms & Conditions,Nomination,g.,"Eligibility Criteria All Persons with Disability who have at least one of the disabilities as defined under Specified Disability under The Rights Of Persons With Disabilities Act, 2016 with valid disability certificate are eligible to enroll this product. II. Conditions applicable during the contract",
POL001_HDFC_ERGO_EQUICOVE_C0263,POL001_HDFC_ERGO_EQUICOVE,HDFC_ERGO_EquiCover.pdf,22,22,9. General Terms & Conditions,Nomination,a.,"Alterations in the Policy The Proposal Form, Policy Schedule constitute the complete contract of insurance. This Policy constitutes the complete contract of insurance between the Policyholder and the Company. No change or alteration will be effective or valid unless approved in writing which will be evidenced by a written endorsement, signed, and stamped by Company. All endorsement requests will be made by the Insured Person only. This Policy cannot be changed by anyone (including an insurance agent or broker) except the Company.",
POL001_HDFC_ERGO_EQUICOVE_C0264,POL001_HDFC_ERGO_EQUICOVE,HDFC_ERGO_EquiCover.pdf,22,22,9. General Terms & Conditions,Nomination,b.,Revision and Modification of the Policy Producti. Any revision or modification will be done with the approval of the Authority. We shall notify You about revision /modification in the Policy including premium payable thereunder. Such information shall be given to You at least ninety (90} days prior to the effective date of modification or revision coming into effect.,
POL001_HDFC_ERGO_EQUICOVE_C0265,POL001_HDFC_ERGO_EQUICOVE,HDFC_ERGO_EquiCover.pdf,22,22,9. General Terms & Conditions,Nomination,ii.,"Existing Policy will continue to remain in force till its expiry,and revision will be applicable only from the date of next renewal. Credit of continuity/waiting periods for all the previous policy years would be extended in the new policy on Renewal with Us.",
POL001_HDFC_ERGO_EQUICOVE_C0266,POL001_HDFC_ERGO_EQUICOVE,HDFC_ERGO_EquiCover.pdf,22,22,9. General Terms & Conditions,Nomination,c.,Terms and conditions of the Policy The terms and conditions contained herein and in the Policy Schedule be deemed to form part of the Policy and shall be read together as one document.,
POL001_HDFC_ERGO_EQUICOVE_C0267,POL001_HDFC_ERGO_EQUICOVE,HDFC_ERGO_EquiCover.pdf,22,22,10. Claim Procedure,Procedure for Cashless claims,i.,"Treatment may be taken in a network provider and is subject to preauthorization by the Company or its authorized TPA,",
POL001_HDFC_ERGO_EQUICOVE_C0268,POL001_HDFC_ERGO_EQUICOVE,HDFC_ERGO_EquiCover.pdf,22,22,10. Claim Procedure,Procedure for Cashless claims,ii.,Cashless request form available with the network provider and TPA shall be completed and sent to the Company / TPA for authorization.,
POL001_HDFC_ERGO_EQUICOVE_C0269,POL001_HDFC_ERGO_EQUICOVE,HDFC_ERGO_EquiCover.pdf,22,22,10. Claim Procedure,Procedure for Cashless claims,iii.,The Company/ TPA upon getting cashless request form and related medical information from the insured person/ network provider will issue pre-authorization letter to the hospital after verification.,
POL001_HDFC_ERGO_EQUICOVE_C0270,POL001_HDFC_ERGO_EQUICOVE,HDFC_ERGO_EquiCover.pdf,22,22,10. Claim Procedure,Procedure for Cashless claims,iv.,"At the time of discharge, the insured person has to verify and sign the discharge papers, pay for non-medical and inadmissible expenses.",
POL001_HDFC_ERGO_EQUICOVE_C0271,POL001_HDFC_ERGO_EQUICOVE,HDFC_ERGO_EquiCover.pdf,22,22,10. Claim Procedure,Procedure for Cashless claims,v.,"The Company/ TPA reserves the right to deny pre-authorization in case the insured person is unable to provide the relevant medical details,",
POL001_HDFC_ERGO_EQUICOVE_C0272,POL001_HDFC_ERGO_EQUICOVE,HDFC_ERGO_EquiCover.pdf,22,23,10. Claim Procedure,Procedure for Cashless claims,vi.,"In case of denial of cashless access, the insured person may obtain the treatment as per treating doctor's advice and submit the claim documents to the Company I TPA for reimbursement. HDFC ERGO General Insurance Company Limited Policy Wording HDFC ERGO EquiCover Health HDFC ERGO General Insurance Company Limited. IRDAI Reg. No.146 CIN: U66030MH2007PLC177117. Registered & Corporate Office: 6th Floor, Leela Business Park, Andheri-Kurla Road, Andheri (East), Mumbai – 400 059. UIN: HDFC ERGO EquiCover Health - HDFHLIP23192V012223 23 9.1",
POL001_HDFC_ERGO_EQUICOVE_C0273,POL001_HDFC_ERGO_EQUICOVE,HDFC_ERGO_EquiCover.pdf,23,23,10. Claim Procedure,Procedure for reimbursement of claims,,For reimbursement of claims the insured person may submit the necessary documents to Company within the prescribed time limit as specified hereunder. S.No Type of Claim Prescribed Time limit,
POL001_HDFC_ERGO_EQUICOVE_C0274,POL001_HDFC_ERGO_EQUICOVE,HDFC_ERGO_EquiCover.pdf,23,23,10. Claim Procedure,Procedure for reimbursement of claims,1.,"Reimbursement of hospitalization, day care and prehospitalization expenses Within thirty days of date of discharge from hospital",
POL001_HDFC_ERGO_EQUICOVE_C0275,POL001_HDFC_ERGO_EQUICOVE,HDFC_ERGO_EquiCover.pdf,23,23,10. Claim Procedure,Procedure for reimbursement of claims,2.,Reimbursement of post hospitalization expenses Within fifteen days from completion of post hospitalization treatment 10.2 Notification of Claim Notice with full particulars shall be sent to the Company /TPA (if applicable} as under:,
POL001_HDFC_ERGO_EQUICOVE_C0276,POL001_HDFC_ERGO_EQUICOVE,HDFC_ERGO_EquiCover.pdf,23,23,10. Claim Procedure,Procedure for reimbursement of claims,1.,"Within 24 hours from the date of emergency hospitalization required or before the Insured Person's discharge from Hospital, whichever is earlier.",
POL001_HDFC_ERGO_EQUICOVE_C0277,POL001_HDFC_ERGO_EQUICOVE,HDFC_ERGO_EquiCover.pdf,23,23,10. Claim Procedure,Procedure for reimbursement of claims,2.,At least 48 hours prior to admission in Hospital in case of a planned Hospitalization 10.3 Documents to be submitted The reimbursement claim is to be supported with the following documents and submitted within the prescribed time limit.,
POL001_HDFC_ERGO_EQUICOVE_C0278,POL001_HDFC_ERGO_EQUICOVE,HDFC_ERGO_EquiCover.pdf,23,23,10. Claim Procedure,Procedure for reimbursement of claims,i.,Dully filled Claim form,
POL001_HDFC_ERGO_EQUICOVE_C0279,POL001_HDFC_ERGO_EQUICOVE,HDFC_ERGO_EquiCover.pdf,23,23,10. Claim Procedure,Procedure for reimbursement of claims,ii.,Identity proof of the claimant,
POL001_HDFC_ERGO_EQUICOVE_C0280,POL001_HDFC_ERGO_EQUICOVE,HDFC_ERGO_EquiCover.pdf,23,23,10. Claim Procedure,Procedure for reimbursement of claims,iii.,Medical practitioner's prescription advising admission.,
POL001_HDFC_ERGO_EQUICOVE_C0281,POL001_HDFC_ERGO_EQUICOVE,HDFC_ERGO_EquiCover.pdf,23,23,10. Claim Procedure,Procedure for reimbursement of claims,iv.,Original bills with itemized break-up,
POL001_HDFC_ERGO_EQUICOVE_C0282,POL001_HDFC_ERGO_EQUICOVE,HDFC_ERGO_EquiCover.pdf,23,23,10. Claim Procedure,Procedure for reimbursement of claims,v.,Payment receipts,
POL001_HDFC_ERGO_EQUICOVE_C0283,POL001_HDFC_ERGO_EQUICOVE,HDFC_ERGO_EquiCover.pdf,23,23,10. Claim Procedure,Procedure for reimbursement of claims,vi.,Discharge summary including complete medical history of the patient along with other details.,
POL001_HDFC_ERGO_EQUICOVE_C0284,POL001_HDFC_ERGO_EQUICOVE,HDFC_ERGO_EquiCover.pdf,23,23,10. Claim Procedure,Procedure for reimbursement of claims,vii.,Investigation/ Diagnostic test reports etc. supported by the prescription from attending medical practitioner,
POL001_HDFC_ERGO_EQUICOVE_C0285,POL001_HDFC_ERGO_EQUICOVE,HDFC_ERGO_EquiCover.pdf,23,23,10. Claim Procedure,Procedure for reimbursement of claims,viii.,OT notes or Surgeon's certificate giving details of the operation performed (for surgical cases).,
POL001_HDFC_ERGO_EQUICOVE_C0286,POL001_HDFC_ERGO_EQUICOVE,HDFC_ERGO_EquiCover.pdf,23,23,10. Claim Procedure,Procedure for reimbursement of claims,ix.,"Sticker/invoices of the Implants, wherever applicable.",
POL001_HDFC_ERGO_EQUICOVE_C0287,POL001_HDFC_ERGO_EQUICOVE,HDFC_ERGO_EquiCover.pdf,23,23,10. Claim Procedure,Procedure for reimbursement of claims,x.,"MLR (Medico Legal Report copy if carried out and FIR (First information report) if registered, wherever applicable.",
POL001_HDFC_ERGO_EQUICOVE_C0288,POL001_HDFC_ERGO_EQUICOVE,HDFC_ERGO_EquiCover.pdf,23,23,10. Claim Procedure,Procedure for reimbursement of claims,xi.,NEFT Details (to enable direct credit of claim amount in bank account) and cancelled cheque.,
POL001_HDFC_ERGO_EQUICOVE_C0289,POL001_HDFC_ERGO_EQUICOVE,HDFC_ERGO_EquiCover.pdf,23,23,10. Claim Procedure,Procedure for reimbursement of claims,xii.,"KYC (Identity proof with Address) of the proposer, where claim liability is above Rs 1 Lakh or as per AML Guidelines",
POL001_HDFC_ERGO_EQUICOVE_C0290,POL001_HDFC_ERGO_EQUICOVE,HDFC_ERGO_EquiCover.pdf,23,23,10. Claim Procedure,Procedure for reimbursement of claims,xiii.,"Legal heir/succession certificate, wherever applicable",
POL001_HDFC_ERGO_EQUICOVE_C0291,POL001_HDFC_ERGO_EQUICOVE,HDFC_ERGO_EquiCover.pdf,23,23,10. Claim Procedure,Procedure for reimbursement of claims,xiv.,Any other relevant document required by Company/TPA for assessment of the claim.,
POL001_HDFC_ERGO_EQUICOVE_C0292,POL001_HDFC_ERGO_EQUICOVE,HDFC_ERGO_EquiCover.pdf,23,23,10. Claim Procedure,Procedure for reimbursement of claims,1.,The company shall only accept bills/invoices/medical treatment related documents only in the Insured Person's name for whom the claim is submitted.,
POL001_HDFC_ERGO_EQUICOVE_C0293,POL001_HDFC_ERGO_EQUICOVE,HDFC_ERGO_EquiCover.pdf,23,24,10. Claim Procedure,Procedure for reimbursement of claims,2.,"In the event of a claim lodged under the Policy and the original documents having been submitted to any other insurer, the Company shall accept the copy of the documents and claim settlement advice, duly certified by the other insurer subject to satisfaction of the HDFC ERGO General Insurance Company Limited Policy Wording HDFC ERGO EquiCover Health HDFC ERGO General Insurance Company Limited. IRDAI Reg. No.146 CIN: U66030MH2007PLC177117. Registered & Corporate Office: 6th Floor, Leela Business Park, Andheri-Kurla Road, Andheri (East), Mumbai – 400 059. UIN: HDFC ERGO EquiCover Health - HDFHLIP23192V012223 24 Company",
POL001_HDFC_ERGO_EQUICOVE_C0294,POL001_HDFC_ERGO_EQUICOVE,HDFC_ERGO_EquiCover.pdf,24,24,10. Claim Procedure,Procedure for reimbursement of claims,3.,Any delay in notification or submission may be condoned on merit where delay is proved to be for reasons beyond the control of the Insured Person,
POL001_HDFC_ERGO_EQUICOVE_C0295,POL001_HDFC_ERGO_EQUICOVE,HDFC_ERGO_EquiCover.pdf,24,24,10. Claim Procedure,Procedure for reimbursement of claims,4.,"In case of payment for HIV/AIDS, Insured will need to submit the below mentioned documents for the processing of Claim:",
POL001_HDFC_ERGO_EQUICOVE_C0296,POL001_HDFC_ERGO_EQUICOVE,HDFC_ERGO_EquiCover.pdf,24,24,10. Claim Procedure,Procedure for reimbursement of claims,a.,Identity proof of the claimant,
POL001_HDFC_ERGO_EQUICOVE_C0297,POL001_HDFC_ERGO_EQUICOVE,HDFC_ERGO_EquiCover.pdf,24,24,10. Claim Procedure,Procedure for reimbursement of claims,b.,Dully filled Claim form,
POL001_HDFC_ERGO_EQUICOVE_C0298,POL001_HDFC_ERGO_EQUICOVE,HDFC_ERGO_EquiCover.pdf,24,24,10. Claim Procedure,Procedure for reimbursement of claims,c.,Copy of Hospital summary/Discharge card/treatment advise / medical reference,
POL001_HDFC_ERGO_EQUICOVE_C0299,POL001_HDFC_ERGO_EQUICOVE,HDFC_ERGO_EquiCover.pdf,24,24,10. Claim Procedure,Procedure for reimbursement of claims,d.,Copy of Medical reports/records,
POL001_HDFC_ERGO_EQUICOVE_C0300,POL001_HDFC_ERGO_EQUICOVE,HDFC_ERGO_EquiCover.pdf,24,24,10. Claim Procedure,Procedure for reimbursement of claims,e.,Copy of Investigation reports,
POL001_HDFC_ERGO_EQUICOVE_C0301,POL001_HDFC_ERGO_EQUICOVE,HDFC_ERGO_EquiCover.pdf,24,24,10. Claim Procedure,Procedure for reimbursement of claims,f.,Medical Practitioner's certificate g..Any other relevant document as requested by the Insurer_,
POL001_HDFC_ERGO_EQUICOVE_C0302,POL001_HDFC_ERGO_EQUICOVE,HDFC_ERGO_EquiCover.pdf,24,24,10. Claim Procedure,Procedure for reimbursement of claims,h.,"On receipt of claim documents from Insured Insurer shall assess the admissibility of claim as per Policy terms and conditions. Upon satisfactory completion of assessment and admission of claim, the Insurer will make the payment of benefit as per the contract. In case if the claim is repudiated Insurer will inform the Insured about the same in writing with reason for repudiation 10.4 Co-payment Each and every claim under the Policy shall be subject to a Co-payment of 20% applicable to claim amount admissible and payable as per the terms and conditions of the Policy. The amount payable shall be after deduction of the co-payment. This co-payment can be waived off by paying an additional premium(optional). 10.5 Services Offered by TPA Servicing of claims, i.e., claim admissions and assessments, under this Policy by way of preauthorization of cashless treatment or processing of claims other than cashless claims or both, as per the underlying terms and conditions of the policy. The services offered by a TPA shall not include:",
POL001_HDFC_ERGO_EQUICOVE_C0303,POL001_HDFC_ERGO_EQUICOVE,HDFC_ERGO_EquiCover.pdf,24,24,10. Claim Procedure,Procedure for reimbursement of claims,i.,Claim settlement and claim rejection.,
POL001_HDFC_ERGO_EQUICOVE_C0304,POL001_HDFC_ERGO_EQUICOVE,HDFC_ERGO_EquiCover.pdf,24,24,10. Claim Procedure,Procedure for reimbursement of claims,ii.,Any services directly to any insured person or to any other person unless such service is in accordance with the terms and conditions of the Agreement entered into with the Company. 10.6 Payment of Claim All claims under the Policy shall be payable in Indian currency only.,
POL001_HDFC_ERGO_EQUICOVE_C0305,POL001_HDFC_ERGO_EQUICOVE,HDFC_ERGO_EquiCover.pdf,24,25,11. Table of Benefits,,,"Name HDFC ERGO EquiCover Health Coverage Basis Individual basis only Category of Cover Indemnity Sum insured On Individual basis — SI shall apply to each individual member Sum insured available(in INR) 4 lacs and 5 lacs Policy Period 1 Year Eligibility Policy can be availed by availed on Individual basis. Age eligibility for adults: 18 years to 65 years HDFC ERGO General Insurance Company Limited Policy Wording HDFC ERGO EquiCover Health HDFC ERGO General Insurance Company Limited. IRDAI Reg. No.146 CIN: U66030MH2007PLC177117. Registered & Corporate Office: 6th Floor, Leela Business Park, Andheri-Kurla Road, Andheri (East), Mumbai – 400 059. UIN: HDFC ERGO EquiCover Health - HDFHLIP23192V012223",
POL001_HDFC_ERGO_EQUICOVE_C0306,POL001_HDFC_ERGO_EQUICOVE,HDFC_ERGO_EquiCover.pdf,25,25,11. Table of Benefits,,25.,"Age eligibility for Children: Newborn to 17 years Grace Period For Yearly payment of mode, a fixed period of 30 days is to be allowed as Grace. Period and for all other modes of payment a fixed period of 15 days be allowed as grace period. Hospitalisation Expenses Expenses of Hospitalization for a minimum period of 24 consecutive hours only shall be admissible. Time limit of 24 hrs shall not apply in respect of daycare treatment Pre Hospitalisation For 30 days prior to the date of hospitalization Post Hospitalisation For 60 days from the date of discharge from the hospital Sublimit for Room/ Medical practitioner’s fee",
POL001_HDFC_ERGO_EQUICOVE_C0307,POL001_HDFC_ERGO_EQUICOVE,HDFC_ERGO_EquiCover.pdf,25,25,11. Table of Benefits,,1.,"Room Rent, Boarding, Nursing Expenses all-inclusive as provided by the Hospital / Nursing Home up to 1% of the sum insured per day. 2.1ntensive Care Unit (ICU) charges/ Intensive Cardiac Care Unit (ICCU) charges all-inclusive as provided by the Hospital / Nursing Home up to 2% of the sum insured per day. Cataract Treatment Up Rs.40,000/ per each eye in one policy year. Modern Treatment Covered for listed procedures up to 50% of sum insured available for Inpatient Hospitalisation Care Emergency Ground Ambulance Expenses covered up to Rs. 2000 per hospitalisation AYUSH Expenses incurred for Inpatient Care treatment under Ayurveda, Yoga and Naturopathy, Unani, Siddha and Homeopathy systems of medicines shall be covered up to 100% of suminsured, during each Policy year as specified in the policy schedule Pre-Existing Disease Only PEDs declared in the Proposal Form and accepted for coverage by the company shall be covered. Initial Waiting period 30 days for all claims except resulting from Accident PED waiting period 36 months (For pre existing diseases other than the pre-existing Disability and HIV/AIDS covered) Specific Disease/ illness Waiting Period 24 months Waiting Period and specific Sublimits for HIV AIDS Cover",
POL001_HDFC_ERGO_EQUICOVE_C0308,POL001_HDFC_ERGO_EQUICOVE,HDFC_ERGO_EquiCover.pdf,25,25,11. Table of Benefits,For HIV/AIDS cover,a.,Initial waiting period of 30 days will be applicable for indemnity basis cover.,
POL001_HDFC_ERGO_EQUICOVE_C0309,POL001_HDFC_ERGO_EQUICOVE,HDFC_ERGO_EquiCover.pdf,25,25,11. Table of Benefits,For HIV/AIDS cover,b.,Sum Insured would be available for Hospitalisation Expenses as per terms and conditions of the policy. Waiting Period and specific Sublimits for Disability Cover,
POL001_HDFC_ERGO_EQUICOVE_C0310,POL001_HDFC_ERGO_EQUICOVE,HDFC_ERGO_EquiCover.pdf,25,27,11. Table of Benefits,For Disability Cover,,"a. 24 months initial waiting period is applicable for the pre-existing Disability covered under the policy Co-Pay 20% on all claims made under the policy unless waiver for copay is opted and premium is paid for the same. Annexure 1 The contact details of the Insurance Ombudsman offices are as below: Office Details Jurisdiction of Office Union Territory, District) AHMEDABAD Office of the Insurance Ombudsman, Jeevan Prakash Building, 6th floor, Gujarat, Dadra & Nagar Haveli, Daman and Diu. HDFC ERGO General Insurance Company Limited Policy Wording HDFC ERGO EquiCover Health HDFC ERGO General Insurance Company Limited. IRDAI Reg. No.146 CIN: U66030MH2007PLC177117. Registered & Corporate Office: 6th Floor, Leela Business Park, Andheri-Kurla Road, Andheri (East), Mumbai – 400 059. UIN: HDFC ERGO EquiCover Health - HDFHLIP23192V012223 26 Office Details Jurisdiction of Office Union Territory, District) Tilak Marg, Relief Road, Ahmedabad – 380 001. Tel.: 079 - 25501201/02 Email: bimalokpal.ahmedabad@cioins.co.in BENGALURU Office of the Insurance Ombudsman, Jeevan Soudha Building, PID No. 57-27-N-19 Ground Floor, 19/19, 24th Main Road, JP Nagar, Ist Phase, Bengaluru – 560 078. Tel.: 080 - 26652048 / 26652049 Email: bimalokpal.bengaluru@cioins.co.in Karnataka. BHOPAL Office of the Insurance Ombudsman, 1st floor,""Jeevan Shikha"", 60-B,Hoshangabad Road, Opp. Gayatri Mandir, Arera Hills Bhopal – 462 011. Tel.: 0755 - 2769201 / 2769202 / 2769203 Email: bimalokpal.bhopal@cioins.co.in Madhya Pradesh, Chhattisgarh. BHUBANESWAR Office of the Insurance Ombudsman, 62, Forest park, Bhubaneswar – 751 009. Tel.: 0674 - 2596461 /2596455/2596429/2596003 Email: bimalokpal.bhubaneswar@cioins.co.in Odisha. CHANDIGARH Office Of The Insurance Ombudsman, Jeevan Deep Building SCO 20-27, Ground Floor Sector- 17 A, Chandigarh – 160 017. Tel.: 0172-2706468 Email: bimalokpal.chandigarh@cioins.co.in Punjab, Haryana (excluding Gurugram, Faridabad, Sonepat and Bahadurgarh), Himachal Pradesh, Union Territories of Jammu & Kashmir,Ladakh & Chandigarh. CHENNAI Office of the Insurance Ombudsman, Fatima Akhtar Court, 4th Floor, 453, Anna Salai, Teynampet, Chennai – 600 018. Tel.: 044 - 24333668 / 24333678 Email: bimalokpal.chennai@cioins.co.in Tamil Nadu, PuducherryTown and Karaikal (which are part of Puducherry). DELHI Office of the Insurance Ombudsman, 2/2 A, Universal Insurance Building, Delhi & following Districts of Haryana - Gurugram, Faridabad, Sonepat & Bahadurgarh. HDFC ERGO General Insurance Company Limited Policy Wording HDFC ERGO EquiCover Health HDFC ERGO General Insurance Company Limited. IRDAI Reg. No.146 CIN: U66030MH2007PLC177117. Registered & Corporate Office: 6th Floor, Leela Business Park, Andheri-Kurla Road, Andheri (East), Mumbai – 400 059. UIN: HDFC ERGO EquiCover Health - HDFHLIP23192V012223 27 Office Details Jurisdiction of Office Union Territory, District) Asaf Ali Road, New Delhi – 110 002. Tel.: 011 - 46013992/23213504/23232481 Email: bimalokpal.delhi@cioins.co.in GUWAHATI Office of the Insurance Ombudsman, Jeevan Nivesh, 5th Floor, Near Pan Bazar, S.",
POL001_HDFC_ERGO_EQUICOVE_C0311,POL001_HDFC_ERGO_EQUICOVE,HDFC_ERGO_EquiCover.pdf,27,27,11. Table of Benefits,For Disability Cover,S.,"Road, Guwahati – 781001(ASSAM). Tel.: 0361 - 2632204 / 2602205 / 2631307 Email: bimalokpal.guwahati@cioins.co.in Assam, Meghalaya, Manipur, Mizoram, Arunachal Pradesh, Nagaland and Tripura. HYDERABAD Office of the Insurance Ombudsman, 6-2-46, 1st floor, ""Moin Court"", Lane Opp.Hyundai Showroom, A.",
POL001_HDFC_ERGO_EQUICOVE_C0312,POL001_HDFC_ERGO_EQUICOVE,HDFC_ERGO_EquiCover.pdf,27,27,11. Table of Benefits,For Disability Cover,C.,"Guards, Lakdi-Ka-Pool, Hyderabad - 500 004. Tel.: 040 - 23312122 / 23376991 / 23376599 / 23328709 / 23325325 Email: bimalokpal.hyderabad@cioins.co.in Andhra Pradesh, Telangana, Yanam and part of Union Territory of Puducherry. JAIPUR Office of the Insurance Ombudsman, Jeevan Nidhi – II Bldg., Gr. Floor, Bhawani Singh Marg, Jaipur - 302 005. Tel.: 0141- 2740363 Email: bimalokpal.jaipur@cioins.co.in Rajasthan. KOCHI Office of the Insurance Ombudsman, 10th Floor, Jeevan Prakash, LIC Building, Opp to Maharaja's College Ground, M.",
POL001_HDFC_ERGO_EQUICOVE_C0313,POL001_HDFC_ERGO_EQUICOVE,HDFC_ERGO_EquiCover.pdf,27,27,11. Table of Benefits,For Disability Cover,G.,"Road, Kochi - 682 011. Tel.: 0484 - 2358759 Email: bimalokpal.ernakulam@cioins.co.in Kerala, Lakshadweep, Mahe-a part of Union Territory of Puducherry. KOLKATA Office of the Insurance Ombudsman, Hindustan Bldg. Annexe, 7th Floor, C.",
POL001_HDFC_ERGO_EQUICOVE_C0314,POL001_HDFC_ERGO_EQUICOVE,HDFC_ERGO_EquiCover.pdf,27,28,11. Table of Benefits,For Disability Cover,R.,"Avenue, Kolkata - 700 072. Tel.: 033 - 22124339 / 22124341 Email: bimalokpal.kolkata@cioins.co.in West Bengal, Sikkim, Andaman & Nicobar Islands. LUCKNOW Office of the Insurance Ombudsman, 6th Floor, Jeevan Bhawan, Phase-II, Districts of Uttar Pradesh: Lalitpur, Jhansi, Mahoba, Hamirpur, Banda, Chitrakoot, Allahabad, Mirzapur, Sonbhabdra, Fatehpur, Pratapgarh, Jaunpur,Varanasi, HDFC ERGO General Insurance Company Limited Policy Wording HDFC ERGO EquiCover Health HDFC ERGO General Insurance Company Limited. IRDAI Reg. No.146 CIN: U66030MH2007PLC177117. Registered & Corporate Office: 6th Floor, Leela Business Park, Andheri-Kurla Road, Andheri (East), Mumbai – 400 059. UIN: HDFC ERGO EquiCover Health - HDFHLIP23192V012223 28 Office Details Jurisdiction of Office Union Territory, District) Nawal Kishore Road, Hazratganj, Lucknow - 226 001. Tel.: 0522 - 4002082 / 3500613 Email: bimalokpal.lucknow@cioins.co.in Gazipur, Jalaun, Kanpur, Lucknow, Unnao, Sitapur, Lakhimpur, Bahraich, Barabanki, Raebareli, Sravasti, Gonda, Faizabad, Amethi, Kaushambi, Balrampur, Basti, Ambedkarnagar, Sultanpur, Maharajgang, Santkabirnagar, Azamgarh, Kushinagar, Gorkhpur, Deoria, Mau, Ghazipur, Chandauli, Ballia, Sidharathnagar. MUMBAI Office of the Insurance Ombudsman, 3rd Floor, Jeevan Seva Annexe, S.",
POL001_HDFC_ERGO_EQUICOVE_C0315,POL001_HDFC_ERGO_EQUICOVE,HDFC_ERGO_EquiCover.pdf,28,28,11. Table of Benefits,For Disability Cover,V.,"Road, Santacruz (W), Mumbai - 400 054. Tel.: 022 - 69038800/27/29/31/32/33 Email: bimalokpal.mumbai@cioins.co.in List of wards under Mumbai Metropolitan Region excluding wards in Mumbai –",
POL001_HDFC_ERGO_EQUICOVE_C0316,POL001_HDFC_ERGO_EQUICOVE,HDFC_ERGO_EquiCover.pdf,28,28,11. Table of Benefits,For Disability Cover,i.,"e M/E, M/W, N, S and T covered under Office of Insurance Ombudsman Thane and areas of Navi Mumbai. NOIDA Office of the Insurance Ombudsman, Bhagwan Sahai Palace 4th Floor, Main Road, Naya Bans, Sector 15, Distt: Gautam Buddh Nagar, U.P-201301. Tel.: 0120-2514252 / 2514253 Email: bimalokpal.noida@cioins.co.in State of Uttarakhand and the following Districts of Uttar Pradesh: Agra, Aligarh, Bagpat, Bareilly, Bijnor, Budaun, Bulandshehar, Etah, Kannauj, Mainpuri, Mathura, Meerut, Moradabad, Muzaffarnagar, Oraiyya, Pilibhit, Etawah, Farrukhabad, Firozbad, Gautam Buddh nagar, Ghaziabad, Hardoi, Shahjahanpur, Hapur, Shamli, Rampur, Kashganj, Sambhal, Amroha, Hathras, Kanshiramnagar, Saharanpur. PATNA Office of the Insurance Ombudsman, 2nd Floor, Lalit Bhawan, Bailey Road, Patna 800 001. Tel.: 0612-2547068 Email: bimalokpal.patna@cioins.co.in Bihar, Jharkhand. PUNE Office of the Insurance Ombudsman, Jeevan Darshan Bldg., 3rd Floor, C. T.",
POL001_HDFC_ERGO_EQUICOVE_C0317,POL001_HDFC_ERGO_EQUICOVE,HDFC_ERGO_EquiCover.pdf,28,28,11. Table of Benefits,For Disability Cover,S.,"No. s. 195 to 198, N.",
POL001_HDFC_ERGO_EQUICOVE_C0318,POL001_HDFC_ERGO_EQUICOVE,HDFC_ERGO_EquiCover.pdf,28,29,11. Table of Benefits,For Disability Cover,C.,"Kelkar Road, Narayan Peth, Pune – 411 030. Tel.: 020-24471175 Email: bimalokpal.pune@cioins.co.in State of Goa and State of Maharashtra excluding areas of Navi Mumbai, Thane district, Palghar District, Raigad district & Mumbai Metropolitan Region THANE Office of the Insurance Ombudsman, 2nd Floor,Jeevan Chintamani Building, Vasantrao Naik Mahamarg, Thane (West)- 400604 Tel.: 022-20812868/69 Email: bimalokpal.thane@cioins.co.in Area of Navi Mumbai, Thane District, Raigad District, Palghar District and wards of Mumbai, M/East, M/West, N, S and T."" Annexure II: Non-Medical Expenses HDFC ERGO General Insurance Company Limited Policy Wording HDFC ERGO EquiCover Health HDFC ERGO General Insurance Company Limited. IRDAI Reg. No.146 CIN: U66030MH2007PLC177117. Registered & Corporate Office: 6th Floor, Leela Business Park, Andheri-Kurla Road, Andheri (East), Mumbai – 400 059. UIN: HDFC ERGO EquiCover Health - HDFHLIP23192V012223 29 List I - Items for which coverage is not available in the policy",
POL001_HDFC_ERGO_EQUICOVE_C0319,POL001_HDFC_ERGO_EQUICOVE,HDFC_ERGO_EquiCover.pdf,29,29,11. Table of Benefits,For Disability Cover,S.,NO. ITEM,
POL001_HDFC_ERGO_EQUICOVE_C0320,POL001_HDFC_ERGO_EQUICOVE,HDFC_ERGO_EquiCover.pdf,29,29,11. Table of Benefits,For Disability Cover,S.,NO. ITEM 1 BABY FOOD 35 OXYGEN CYLINDER (FOR USAGE OUTSIDE HOSPITAL) 2 BABY UTILITIES CHARGES 36 SPACER 3 BEAUTY SERVICES 37 SPIROMETRE 4 BELTS/ BRACES 38 NEBULIZER KIT 5 BUDS 39 STEAM INHALER 6 COLD PACK/HOT PACK 40 ARMSLING 7 CARRY BAGS 41 THERMOMETER 8 EMAIL / INTERNET CHARGES 42 CERVICAL COLLAR 9 FOOD CHARGES (OTHER THAN PATIENT'S DIET PROVIDED BY HOSPITAL) 43 SPLINT 10 LEGGINGS 44 DIABETIC FOOT WEAR 11 LAUNDRY CHARGES 45 KNEE BRACES (LONG/ SHORT/ HINGED) 12 MINERAL WATER 46 KNEE IMMOBILIZER/SHOULDER IMMOBILIZER 13 SANITARY PAD 47 LUMBO SACRAL BELT 14 TELEPHONE CHARGES 48 NIMBUS BED OR WATER OR AIR BED CHARGES 15 GUEST SERVICES 49 AMBULANCE COLLAR 16 CREPE BANDAGE 50 AMBULANCE EQUIPMENT 17 DIAPER OF ANY TYPE 51 ABDOMINAL BINDER 18 EYELET COLLAR 52 PRIVATE NURSES CHARGES- SPECIAL NURSING CHARGES 19 SLINGS,
POL001_HDFC_ERGO_EQUICOVE_C0321,POL001_HDFC_ERGO_EQUICOVE,HDFC_ERGO_EquiCover.pdf,29,30,11. Table of Benefits,For Disability Cover,53.,"SUGAR FREE TABLETS 20 BLOOD GROUPING AND CROSS MATCHING OF DONORS SAMPLES 54 CREAMS POWDERS LOTIONS (TOILETRIES ARE NOT PAYABLE, ONLY PRESCRIBED MEDICAL PHARMACEUTICALS PAYABLE) 21 SERVICE CHARGES WHERE NURSING CHARGE ALSO CHARGED 55 ECG ELECTRODES 22 TELEVISION CHARGES 56 GLOVES 23 SURCHARGES 57 NEBULISATION KIT 24 ATTENDANT CHARGES 58 ANY KIT WITH NO DETAILS MENTIONED [DELIVERY KIT, ORTHO KIT, RECOVERY KIT, ETC.] 25 EXTRA DIET OF PATIENT (OTHER THAN THAT WHICH FORMS PART OF BED CHARGE) 59 KIDNEY TRAY 26 BIRTH CERTIFICATE 60 MASK 27 CERTIFICATE CHARGES 61 OUNCE GLASS 28 COURIER CHARGES 62 OXYGEN MASK 29 CONVEYANCE CHARGES 63 PELVIC TRACTION BELT 30 MEDICAL CERTIFICATE 64 PAN CAN 31 MEDICAL RECORDS 65 TROLLY COVER 32 PHOTOCOPIES CHARGES 66 UROMETER, URINE JUG 33 MORTUARY CHARGES 67 AMBULANCE 34 WALKING AIDS CHARGES 68 VASOFIX SAFETY HDFC ERGO General Insurance Company Limited Policy Wording HDFC ERGO EquiCover Health HDFC ERGO General Insurance Company Limited. IRDAI Reg. No.146 CIN: U66030MH2007PLC177117. Registered & Corporate Office: 6th Floor, Leela Business Park, Andheri-Kurla Road, Andheri (East), Mumbai – 400 059. UIN: HDFC ERGO EquiCover Health - HDFHLIP23192V012223 30 List II- Items that are to be subsumed into Room charges Sr No Item 1 BABY CHARGES UNLESS SPECIFIED/INDICATED 2 HAND WASH 3 SHOE COVER 4 CAPS 5 CRADLE CHARGES 6 COMB 7 EAU-DE-COLOGNE / ROOM FRESHNERS 8 FOOT COVER 9 GOWN 10 SLIPPERS 11 TISSUE PAPER 12 TOOTH-PASTE 13 TOOTH-BRUSH 14 BED PAN 15 FACE MASK 16 FLEXI MASK 17 HAND HOLDER 18 SPUTUM CUP 19 DISINFECTANT LOTIONS 20 LUXURY TAX 21 HVAC 22 HOUSEKEE NGCHARGES 23 AIR CONDITIONER CHARGES 24 1M IV INJECTION CHARGES 25 CLEAN SHEET 26 BLANKET/VVARMER BLANKET 27 ADMISSION KIT 28 DIABETIC CHART CHARGES 29 DOCUMENTATION CHARGES/ ADMINISTRATIVE EXPENSES",
POL001_HDFC_ERGO_EQUICOVE_C0322,POL001_HDFC_ERGO_EQUICOVE,HDFC_ERGO_EquiCover.pdf,30,30,11. Table of Benefits,For Disability Cover,30.,DISCHARGE PROCEDURE CHARGES 31 DAILY CHART CHARGES 32 ENTRANCE PASS/ VISITORS PASS CHARGES,
POL001_HDFC_ERGO_EQUICOVE_C0323,POL001_HDFC_ERGO_EQUICOVE,HDFC_ERGO_EquiCover.pdf,30,31,11. Table of Benefits,For Disability Cover,33.,"EXPENSES RELATED TO PRESCRIPTION ON DISCHARGE 34 FILE OPENING CHARGES 35 INCIDENTAL EXPENSES/ MISC. CHARGES NOT EXPLAINED 36 PATIENT IDENTIFICATION BAND/ NAME TAG 37 PULSEOXYMETER CHARGES List Ill - Items that are to be subsumed into Procedure Charges Sr No Item 1 HAIR REMOVAL CREAM 2 DISPOSABLES RAZORS CHARGES (for site preparations) HDFC ERGO General Insurance Company Limited Policy Wording HDFC ERGO EquiCover Health HDFC ERGO General Insurance Company Limited. IRDAI Reg. No.146 CIN: U66030MH2007PLC177117. Registered & Corporate Office: 6th Floor, Leela Business Park, Andheri-Kurla Road, Andheri (East), Mumbai – 400 059. UIN: HDFC ERGO EquiCover Health - HDFHLIP23192V012223 3 EYE PAD 4 EYE SHEILD 5 CAMERA COVER 6 DVD, CD CHARGES 7 CAUSE SOFT 8 GAUZE 9 WARD AND THEATRE BOOKING CHARGES 10 ARTHROSCOPYANDENDOSCOPYINSTRUMENTS 11 MICROSCOPE COVER 12 SURGICAL BLADES, HARMONICSCALPEL. SHAVER 13 SURGICAL DRILL 14 EYE KIT 15 EYE DRAPE 16 X-RAY FILM 17 BOYLES APPARATUS CHARGES 18 COTTON 19 COTTON BANDAGE 20 SURGICAL TAPE 21 APRON 22 TORNIQUET 23 ORTHOBUNDLE, GYNAEC BUNDLE List IV - Items that are to be subsumed into costs of treatment Sr No Item 1 ADMISSION/REGISTRATION CHARGES",
POL001_HDFC_ERGO_EQUICOVE_C0324,POL001_HDFC_ERGO_EQUICOVE,HDFC_ERGO_EquiCover.pdf,31,31,11. Table of Benefits,For Disability Cover,2.,HOSPITALIZATIONFOR EVALUATION/ DIAGNOSTIC PURPOSE 3 URINE CONTAINER 4 BLOOD RESERVATION CHARGES AND ANTE NATAL BOOKING CHARGES 5 BIPAP MACHINE 6 CPAP/ CAPO EQUIPMENTS 7 INFUSION PUMP- COST 8 HYDROGEN PEROXIDE/SPIRIT/DISINFECTANTS ETC 9 NUTRITION PLANNING CHARGES - DIETICIAN CHARGES- DIET CHARGES 10 HIV KIT 11 ANTISEPTIC MOUTHWASH 12 LOZENGES 13 MOUTH PAINT 14 VACCINATION CHARGES 15 ALCOHOL SWABES 16 SCRUB SOLUTION/STERILLIUM 17 GLUCOMETER & STRIPS 18 URINE BAG,
POL002_LIC_JEEVAN_AROGYA_C0001,POL002_LIC_JEEVAN_AROGYA,LIC_Jeevan_Arogya.pdf,4,4,1. Benefits offered under the plan are,,,"provided any such part exceeds a con nuous period of 4 hours (a er having stay completed the 24 hours as above) in a non-ICU ward/room of a hospital, an amount equal to the Applicable Daily Benefit (ADB) available under the policy during that policy year shall be payable subject to benefit limits and condi ons men onedinPara11A)andexclusionsmen onedinPara15below. During the first of cover commencement in respect of each insured, the year ApplicableDailyBenefitshallbetheIni alDailyBenefitamountchosenbyyouand men onedinthepolicySchedule.",
POL002_LIC_JEEVAN_AROGYA_C0002,POL002_LIC_JEEVAN_AROGYA,LIC_Jeevan_Arogya.pdf,4,4,1. Benefits offered under the plan are,"Theamountof DBforeachpolicyyear,a erthefirstpolicyyear,shallconsistof2parts",,"A An arithme c addi on of an amount equal to 5% (five percent) of the Ini al Daily Benefit to the Applicable Daily Benefit of the previous Policy Year. Such increase in the Applicable Daily Benefit shall be effected on each policy anniversary during the Cover Period and shall con nue un l it a ains a maximum amount of 1.5 mes the Ini al Daily Benefit. Therea er, this amount in each Policy Year in future shall remainatthatmaximumlevela ained. Further arithme c addi on of an amount equal to “No Claim Benefit” (as described in Para 1.",
POL002_LIC_JEEVAN_AROGYA_C0003,POL002_LIC_JEEVAN_AROGYA,LIC_Jeevan_Arogya.pdf,4,4,1. Benefits offered under the plan are,"Theamountof DBforeachpolicyyear,a erthefirstpolicyyear,shallconsistof2parts",G),"below) provided the policy a racts and is eligible for it. Thereshallbeno maximum limitfor such increase which meansthat ifthis policyis eligible for “No Claim Benefit”, the same shall be granted throughout the Cover Periodwithoutanymaximumlimit. For members subsequently under the policy, the benefit in the first year included shall be equal to Ini al Daily Benefit amount and therea er the Applicable Daily Benefitshallincreaseasabove. IfanyofthememberinsuredisrequiredtostayinanIntensiveCareUnitofahospital, t subject benefit limits and wo mes the Daily will be payable to Applicable Benefit condi onsmen onedinPara11A)andexclusionsmen onedinPara15below. During one period of 24 con nuous hours (i.",
POL002_LIC_JEEVAN_AROGYA_C0004,POL002_LIC_JEEVAN_AROGYA,LIC_Jeevan_Arogya.pdf,4,4,1. Benefits offered under the plan are,"Theamountof DBforeachpolicyyear,a erthefirstpolicyyear,shallconsistof2parts",e.,"one day) of Hospitalisa on (a er having completed the 24 hours as above), if the said Hospitalisa on included stay inanIntensiveCareUnitaswellasinanyotherin-pa ent(non-IntensiveCareUnit) ward of the Hospital, the Corpora on shall pay benefits as if the admission was to the Intensive Care Unit provided that the period of Hospitalisa on in the Intensive CareUnitwasatleast4con nuoushours. payable or No benefit will be for the first 24 hours of hospitalisa on. However, f every that extends for a con nuous period of 7 days or more, the Hospitaliza on Daily Hospital Cash Benefit would also be paid for first 24 hours (day one) of hospitaliza on, regardless of whether the Insured was admi ed in a general or specialwardorinanintensivecareunit.",
POL002_LIC_JEEVAN_AROGYA_C0005,POL002_LIC_JEEVAN_AROGYA,LIC_Jeevan_Arogya.pdf,4,4,1. Benefits offered under the plan are,"Theamountof DBforeachpolicyyear,a erthefirstpolicyyear,shallconsistof2parts",B),Major,
POL002_LIC_JEEVAN_AROGYA_C0006,POL002_LIC_JEEVAN_AROGYA,LIC_Jeevan_Arogya.pdf,4,5,1. Benefits offered under the plan are,Benefit,,"Surgical In the event of an Insured under this plan, due to medical necessity, undergoing one of the surgeries defined in Major Surgical Benefit Annexure, within the cover period in a hospital due to Accidental Bodily Injury or Sickness, the respec ve benefit percentage of the Major Surgical Benefit Sum Assured, as specified against each of the eligible surgeries men oned in Major Surgical Benefit Annexure, shall be paid subject to benefit limits and condi ons men oned in Para 11B) and exclusionsmen onedinPara15below. C)",
POL002_LIC_JEEVAN_AROGYA_C0007,POL002_LIC_JEEVAN_AROGYA,LIC_Jeevan_Arogya.pdf,5,5,1. Benefits offered under the plan are,DayCareProcedureBenefit,,"In the event of an Insured under this Plan undergoing any specified Day Care Procedure men oned in the Day Care Procedure Benefit Annexure due to medical necessity, a lump sum amount equal to 5 (five) mes the Applicable Daily Benefit shall be paid, regardless of the actual costs incurred, subject to benefit limits and condi onsmen onedinPara11C)andexclusionsmen onedinPara15below.",
POL002_LIC_JEEVAN_AROGYA_C0008,POL002_LIC_JEEVAN_AROGYA,LIC_Jeevan_Arogya.pdf,5,5,1. Benefits offered under the plan are,DayCareProcedureBenefit,d),"OtherSurgicalBenefit: In the event of an Insured under this Plan, due to medical necessity, undergoing any Surgery not listed under Major Surgical Benefit or Day Care Procedure Benefit, causing the Insured's Hospitaliza on to exceed a con nuous period of 24 hours withintheCoverPeriod, then, a dailybenefit equal to 2 (two) mestheApplicable Daily Benefit shall be paid for each con nuous period of 24 hours or part thereof provided any such part stay exceeds a con nuous period of 4 hours of Hospitaliza on, subject to benefit limits and condi ons men oned in Para 11D) andexclusionsmen onedinPara15below.",
POL002_LIC_JEEVAN_AROGYA_C0009,POL002_LIC_JEEVAN_AROGYA,LIC_Jeevan_Arogya.pdf,5,5,1. Benefits offered under the plan are,E) AmbulanceBenefit,,"In the event that a Major Surgical Benefit falling under Category 1 or Category 2 (as men oned in the Major Surgical Benefit Annexure) is payable and emergency transporta on costs byan ambulance have been incurred, an addi onal lump sum of 1,000willbepayableinlieuofambulanceexpenses. ` F)",
POL002_LIC_JEEVAN_AROGYA_C0010,POL002_LIC_JEEVAN_AROGYA,LIC_Jeevan_Arogya.pdf,5,5,1. Benefits offered under the plan are,PremiumWaiverBenefit,,"In the event that a Major Surgical Benefit falling under Category 1 or Category 2 (as men oned in the Major Surgical Benefit Annexure) is payable in respect of any Insured covered under the policy, the total annualized premium i.",
POL002_LIC_JEEVAN_AROGYA_C0011,POL002_LIC_JEEVAN_AROGYA,LIC_Jeevan_Arogya.pdf,5,5,1. Benefits offered under the plan are,PremiumWaiverBenefit,e.,total one year premium in respect of that Policy from the date of instalment premium due coincidingwithornextfollowingthedateoftheSurgerywillbewaived.,
POL002_LIC_JEEVAN_AROGYA_C0012,POL002_LIC_JEEVAN_AROGYA,LIC_Jeevan_Arogya.pdf,5,5,1. Benefits offered under the plan are,G) Noclaimbenefit,,"A no claim benefit will be paid in the event that during the period between Date of Commencement of policy and next Automa c Renewal Date or between two Automa c Renewal Dates (described in Para 4 below) there are no claims in respect of any Insured covered under your policy. The amount of the no claim benefit would beequalto5%(fivepercent)oftheIni alDailyBenefitinrespectofeachInsuredand the resul ng amount shall be added to arrive at the Applicable Daily Benefit in respect of each Insured for the Policy Year next following the most recent Automa c RenewalDate. You may pay premiums regularly at yearly or half-yearly intervals over the term of thepolicy. Thepremiuminrespectofeachindividualwillbepayablefromthedateofentryinto thepolicy llthedateofexitfromthepolicyandwilldependontheageoftheinsured member, the level of Hospital Cash Benefit (HCB) chosen, whether the insured member is Principal Insured or any other Insured life (in case of cover for more than one member in a policy). The level of premium for Principal Insured and the other insuredmembersshallbedifferentforthesameageandsamelevelofcover.",
POL002_LIC_JEEVAN_AROGYA_C0013,POL002_LIC_JEEVAN_AROGYA,LIC_Jeevan_Arogya.pdf,6,6,2. Payment of Premiums,ModeRebate,,Yearlymode:2%oftabularpremium Half-yearlymode:1%ofthetabularpremium,
POL002_LIC_JEEVAN_AROGYA_C0014,POL002_LIC_JEEVAN_AROGYA,LIC_Jeevan_Arogya.pdf,6,6,2. Payment of Premiums,HCBRebates,,"In respect of a member covered under a policy, if HCB is more than 1000, then the ` premium arrived at in respect of that member shall be reduced by an amount () given ` below: HCB ()` 4000 For PI 1500 For each insured member other than PI 750 TheinstallmentpremiumwillbeguaranteedinrespectofeachInsuredforaperiodof3 years from the Date of Commencement of the policy, i.",
POL002_LIC_JEEVAN_AROGYA_C0015,POL002_LIC_JEEVAN_AROGYA,LIC_Jeevan_Arogya.pdf,6,6,2. Payment of Premiums,HCBRebates,e.,"for the first 3 years of the policy. Therea er, at the end of every third policy anniversary, the premiums may be reviewed to take into account the Corpora on's experience, subject to prior approval from IRDAI. These premium due dates, at the end of every third policy anniversary, star ng from the date of commencement of policy ll the date of cover expiry, on which the installment premiums are reviewable, will be referred as Automa c RenewalDatesinrespectofallInsuredinthePolicy. On any Automa c Renewal Date in the future, the installment premium will be based on the age of the Insured at the me of inclusion into the policy and the Corpora on's premiumratesthenprevailingforthisproduct.",
POL002_LIC_JEEVAN_AROGYA_C0016,POL002_LIC_JEEVAN_AROGYA,LIC_Jeevan_Arogya.pdf,6,6,2. Payment of Premiums,HCBRebates,A),"Covertonewaddi onalmembers: If PI gets married/ remarried during the term of the policy, the spouse and parents -in-law can be included in the policy within six months from the date of marriage /remarriage, but the cover shall start from the policy anniversary coincidingwithornextfollowingthedateofinclusion.Enhancedpremiumshallbe duefromsuchpolicyanniversary. Similarly, Any child born/legally adopted a er taking the policy can also be covered from the next immediate policy anniversary date following the date on The premiums are guaranteed for 3 years from the date of commencement of policy. Therea er i.",
POL002_LIC_JEEVAN_AROGYA_C0017,POL002_LIC_JEEVAN_AROGYA,LIC_Jeevan_Arogya.pdf,6,6,2. Payment of Premiums,HCBRebates,e.,"at the end of every 3 years, the Corpora on reserves the right to review the premium to take account of the experience of the por£olio subject to prior approval from IRDAI. The rates applicable on every Automa c Renewal Date shall be guaranteedforafurtherperiodof3yearsi.e. llnextAutoma cRenewalDate. Thepremiumratesinrespectofeachinsuredmemberonrenewalwillbebasedonage ofthatmemberatthe meofinclusionintothepolicy. The total premium to be charged for a policy will be the sum of premiums in respect of eachmembertobecoveredinthatpolicy.",
POL002_LIC_JEEVAN_AROGYA_C0018,POL002_LIC_JEEVAN_AROGYA,LIC_Jeevan_Arogya.pdf,6,7,4. Automa c Renewal Date,,5.,"Op ons: which the child completes the age of 3 months. If the age of legally adopted child on the date of adop on is more than 3 months, the child can be covered from policy anniversary coinciding with or next following the date of adop on. Enhancedpremiumsshallbeduefromsuchpolicyanniversary. Inclusion of each addi onal member will be on payment of enhanced premiums andsubjecttovarioustermsandcondi onsoftheplan. Any addi on of new lives shall be allowed by the PI only. A er the death of PI, no addi onwillbeallowed. Addi on in any other case will not be allowed. The exis ng spouse, parents, parents-in-law and children, if not covered at the me of taking policy, shall not be coveredunderthepolicy. If both of the parents (father and mother) are alive and are eligible for cover, then either both of them will have to be covered or none of them will be covered. The PI will not have any op on to choose one of them. The same condi on will apply for parents-in-law also at the me of purchasing a policy or on addi on of new membersunderanexis ngpolicy.",
POL002_LIC_JEEVAN_AROGYA_C0019,POL002_LIC_JEEVAN_AROGYA,LIC_Jeevan_Arogya.pdf,7,7,4. Automa c Renewal Date,,B),Op ontomigrate: Children covered under this plan shall have the op on to take a suitable new health insurance policy (subject to underwri ng) at the end of the specified exit ageorattherenewalofthepolicya ercomple onof18yearsofage.,
POL002_LIC_JEEVAN_AROGYA_C0020,POL002_LIC_JEEVAN_AROGYA,LIC_Jeevan_Arogya.pdf,7,7,4. Automa c Renewal Date,,i),The new policy should be purchased within 90 days of the termina on of child'smembershipfromtheexis ngpolicy.,
POL002_LIC_JEEVAN_AROGYA_C0021,POL002_LIC_JEEVAN_AROGYA,LIC_Jeevan_Arogya.pdf,7,7,4. Automa c Renewal Date,,ii),"The Insured member shall be eligible for suitable credits gained for pre-exis ng condi ons and me bound exclusions for all the previous years, provided the policy is in-force. The outstanding Wai ng periods and outstandingperiodofanyExclusionwillhoweverapplyunderthenewpolicy.",
POL002_LIC_JEEVAN_AROGYA_C0022,POL002_LIC_JEEVAN_AROGYA,LIC_Jeevan_Arogya.pdf,7,7,4. Automa c Renewal Date,,iii),These credits shall be available up to a maximum of the current SA level under theexis ngpolicy.,
POL002_LIC_JEEVAN_AROGYA_C0023,POL002_LIC_JEEVAN_AROGYA,LIC_Jeevan_Arogya.pdf,7,7,4. Automa c Renewal Date,,iv),Other terms and condi ons including premium rates will be as applicable for thenewpolicy.,
POL002_LIC_JEEVAN_AROGYA_C0024,POL002_LIC_JEEVAN_AROGYA,LIC_Jeevan_Arogya.pdf,7,7,4. Automa c Renewal Date,,C),"QuickCashfacility: If any of the insured lives undergoes any eligible surgery covered under Category I or II of MSB in any of the listed network hospitals, you, as PI will have an op on to avail Quick Cash facility. Under this facility, 50% of eligible MSB amount would be made available even during the period of hospitaliza on of any of the insured lives covered(thesurgerymaybeeitherplannedoremergencyduetoaccident)instead of wai ng for making a claim for the benefit a er discharge. It will be only an advance payment in the event of hospitaliza on for any MSB defined in the surgeries listed under categories I & II and permissible under the policy condi ons of the plan. This will be, however, subject to approval from the Corpora on, and the advanceamountwillbeadjustedfromthefinalse lementofMSBclaimamount. This facility of advance payment could be availed by submi ng your Bank Account details in the prescribed format. The amount of advance shall be credited to your bankaccountdirectly.",
POL002_LIC_JEEVAN_AROGYA_C0025,POL002_LIC_JEEVAN_AROGYA,LIC_Jeevan_Arogya.pdf,8,8,4. Automa c Renewal Date,,D),"LIC'sNewTermAssurance: Rider(512B210V01) You, as PI, and/ or your spouse may opt for equal Term Assurance as op onal rider to the MSB SA. This rider is available at the me of incep on/inclusion into the policy. This benefit shall be available only ll the policy anniversary on which the agenearerbirthdayoftheInsuredis75yearsorforatermof35yearsstar ngfrom unfortunate the date of cover commencement, whichever is earlier. In case of death, an amount equal to Term Assurance Sum Assured will be payable on death during the term for which Term Assurance Rider is opted for. For more details on theaboveriders,refertotheriderbrochureorcontactLIC'snearestBranchOffice.",
POL002_LIC_JEEVAN_AROGYA_C0026,POL002_LIC_JEEVAN_AROGYA,LIC_Jeevan_Arogya.pdf,8,8,4. Automa c Renewal Date,E) LIC'sAccidentBenefitRider(512B203V03),,"You and/ or your spouse may also opt for Accident Benefit Rider if Term Assurance Rider has been opted for. Maximum Accident Benefit Sum Assured shall be equal to the Term Assurance Rider SA. LIC's Accidental Benefit Rider can be opted for at any me provided the outstanding premium paying term of the LIC's New Term AssuranceRiderisatleastfive years but before the policyanniversaryon whichthe In case of unfortunate death due to age nearer birthday of life assured is 65 years. an accident, an addi onal sum equal to the Accident Benefit Sum Assured shall be payable. Accident Benefit Rider will be available under the plan by payment of addi onal of 0.50 (exclusive of taxes) for every 1,000/- of the Accident Benefit premium ` ` SumAssuredperpolicyyearinrespectofeachlifetobecovered. Theaddi onalpremiumfor this benefit willnot berequiredto bepaidonanda er the Policy anniversary on the expiry of Rider or LIC's New Term Assurance LIC's. Accident Benefit Rider, For more details on the above riders, whichever is earlier refertotheriderbrochureorcontactLIC'snearestBranchOffice. FORBASEPOLICY (I) ForHospitalCashBenefit(HCB)(underBasePolicy)",
POL002_LIC_JEEVAN_AROGYA_C0027,POL002_LIC_JEEVAN_AROGYA,LIC_Jeevan_Arogya.pdf,8,8,6. Eligibility Condi ons And Other Restric ons,,,Feature Principal Insured (PI) Insured Spouse (if any) & Insured Parents / Parents-inlaw (if any) Insured Dependent Children (if any),
POL002_LIC_JEEVAN_AROGYA_C0028,POL002_LIC_JEEVAN_AROGYA,LIC_Jeevan_Arogya.pdf,8,9,6. Eligibility Condi ons And Other Restric ons,,a),"Minimum Ini al Daily Benefit (in a ward other than Intensive Care Unit) ` 1,000/- ` 1,000/- ` 1,000/- Ini al Daily Benefit shall be in mul ples of 1000/-. `",
POL002_LIC_JEEVAN_AROGYA_C0029,POL002_LIC_JEEVAN_AROGYA,LIC_Jeevan_Arogya.pdf,9,9,6. Eligibility Condi ons And Other Restric ons,,b),"Maximum ini al daily amount ` 4,000/- Insured Spouse- Less than or equal to that of PI Insured Parents / Parents-in-law- Less than or equal to that of Insured Spouse (PI, if there is no Insured Spouse). Further, included parents / parents-in-law shall be covered for equal benefits. Less than or equal to that of Insured Spouse (PI, if there is no Insured Spouse). Further, included children shall be covered for equal benefits.",
POL002_LIC_JEEVAN_AROGYA_C0030,POL002_LIC_JEEVAN_AROGYA,LIC_Jeevan_Arogya.pdf,9,9,6. Eligibility Condi ons And Other Restric ons,,c),"Maximum annual benefit period, applicable to each insured 30 days in year 1, 90 days per year therea er, inclusive of stay in ICU. Maximum number of days in ICU is restricted to 15 days inyear1andto45daystherea er.",
POL002_LIC_JEEVAN_AROGYA_C0031,POL002_LIC_JEEVAN_AROGYA,LIC_Jeevan_Arogya.pdf,9,9,6. Eligibility Condi ons And Other Restric ons,,d),"Maximum Life me Benefit period, applicable to each insured 720 days inclusive of stay in ICU. Maximum number of days in ICUisrestrictedto360days (ii) For Major Surgical Benefit (MSB) (under Base Policy) Feature Principal Insured (PI) Insured Spouse (if any) & Insured Parents / Parentsin-law (if any) Insured Dependent Children (if any)",
POL002_LIC_JEEVAN_AROGYA_C0032,POL002_LIC_JEEVAN_AROGYA,LIC_Jeevan_Arogya.pdf,9,9,6. Eligibility Condi ons And Other Restric ons,,a),Major Surgical Benefit Sum Assured (MSB SA) 100 mes of Applicable Daily Benefit (ADB) of PI (as specified in Para 1A) above). Insured Spouse- 100 mes of ADB of Insured Spouse Insured Parents / 100 parents-in-lawmes of ADB of each parent 100 mes of ADB of each child,
POL002_LIC_JEEVAN_AROGYA_C0033,POL002_LIC_JEEVAN_AROGYA,LIC_Jeevan_Arogya.pdf,9,9,6. Eligibility Condi ons And Other Restric ons,,b),"Maximum annual benefit, applicable to each insured 100% of Major Surgical Benefit Sum Assured",
POL002_LIC_JEEVAN_AROGYA_C0034,POL002_LIC_JEEVAN_AROGYA,LIC_Jeevan_Arogya.pdf,9,10,6. Eligibility Condi ons And Other Restric ons,,c),"Maximum Life me Benefit, applicable to each insured 800% of Major Surgical Benefit Sum Assured (iii) For Day Care Procedure Benefit (DCPB) (under Base Policy) Feature Principal Insured (PI) Insured Spouse (if any) & Insured Parents / Parentsin-law (if any) Insured Dependent Children (if any)",
POL002_LIC_JEEVAN_AROGYA_C0035,POL002_LIC_JEEVAN_AROGYA,LIC_Jeevan_Arogya.pdf,10,10,6. Eligibility Condi ons And Other Restric ons,,a),Lump sum benefit payable 5 mes of Applicable Daily Benefit (ADB) of PI Insured Spouse- 5 mes of ADB of Insured Spouse Insured Parents / - 5 parents-in-law mes of ADB of each parent 5 mes of ADB of each child,
POL002_LIC_JEEVAN_AROGYA_C0036,POL002_LIC_JEEVAN_AROGYA,LIC_Jeevan_Arogya.pdf,10,10,6. Eligibility Condi ons And Other Restric ons,,b),"Maximum annual benefit, applicable to each insured 3 Surgical Procedures",
POL002_LIC_JEEVAN_AROGYA_C0037,POL002_LIC_JEEVAN_AROGYA,LIC_Jeevan_Arogya.pdf,10,10,6. Eligibility Condi ons And Other Restric ons,,c),"Maximum Life me Benefit, applicable to each insured 24 Surgical Procedures (iv) For Other Surgical Benefit (OSB) (under Base Policy) Feature Principal Insured (PI) Insured Spouse (if any) & Insured Parents / Parents-in-law (if any) Insured Dependent Children (if any)",
POL002_LIC_JEEVAN_AROGYA_C0038,POL002_LIC_JEEVAN_AROGYA,LIC_Jeevan_Arogya.pdf,10,10,6. Eligibility Condi ons And Other Restric ons,,d),Daily benefit amount 2 mes of ADB of PI Insured Spouse- 2 mes of ADB of Insured Spouse. Insured Parents / - 2 parents-in-law mes of ADB of each parent 2 mes of ADB of each child,
POL002_LIC_JEEVAN_AROGYA_C0039,POL002_LIC_JEEVAN_AROGYA,LIC_Jeevan_Arogya.pdf,10,10,6. Eligibility Condi ons And Other Restric ons,,e),"Maximum annual benefit, applicable to each insured 15 days in first policy year and 45 days per year therea er",
POL002_LIC_JEEVAN_AROGYA_C0040,POL002_LIC_JEEVAN_AROGYA,LIC_Jeevan_Arogya.pdf,10,10,6. Eligibility Condi ons And Other Restric ons,,f),"Maximum Life me Benefit, applicable to each insured 360 days",
POL002_LIC_JEEVAN_AROGYA_C0041,POL002_LIC_JEEVAN_AROGYA,LIC_Jeevan_Arogya.pdf,10,10,7. Other Features,A) DeathBenefitundertheBasePolicy,,No death benefits will be payable on the death of any Insured unless any of the RiderBenefitsmen onedabovehasbeenoptedfor. OndeathofthePrincipalInsured;,
POL002_LIC_JEEVAN_AROGYA_C0042,POL002_LIC_JEEVAN_AROGYA,LIC_Jeevan_Arogya.pdf,11,11,7. Other Features,A) DeathBenefitundertheBasePolicy,a),"The surviving Insured Spouse will become the Principal Insured provided the op onisexercisedatthebeginningofthecontractandthePolicywillcon nue. In such case, the premium for the Insured Spouse will change from the date coinciding with or following instalment premium due date and the new premium would be based on tabular premium rates applicable for PIs and the age for calcula on of revised premium rate will be the age at entry of the spouse. If the op on is not exercised at the beginning of the contract, the InsuredSpousewillnotbecomePIandthepolicywillterminate.",
POL002_LIC_JEEVAN_AROGYA_C0043,POL002_LIC_JEEVAN_AROGYA,LIC_Jeevan_Arogya.pdf,11,11,7. Other Features,A) DeathBenefitundertheBasePolicy,b),"If the Insured Spouse had predeceased the Principal Insured, then the other Insured will have the op on to take a new policy and the exis ng Policy will terminate.InrespectoftheseotherInsured:",
POL002_LIC_JEEVAN_AROGYA_C0044,POL002_LIC_JEEVAN_AROGYA,LIC_Jeevan_Arogya.pdf,11,11,7. Other Features,A) DeathBenefitundertheBasePolicy,i.,The new policy will be issued without any underwri ng if the new policy is boughtwithin90daysofthetermina onoftheexis ngPolicy.,
POL002_LIC_JEEVAN_AROGYA_C0045,POL002_LIC_JEEVAN_AROGYA,LIC_Jeevan_Arogya.pdf,11,11,7. Other Features,A) DeathBenefitundertheBasePolicy,ii.,Themaximumentryagecondi onwillnotapplyforthenewpolicy.,
POL002_LIC_JEEVAN_AROGYA_C0046,POL002_LIC_JEEVAN_AROGYA,LIC_Jeevan_Arogya.pdf,11,11,7. Other Features,A) DeathBenefitundertheBasePolicy,iii.,The outstanding Wai ng periods and outstanding period of any Exclusion will howeverapplyunderthenewpolicy.,
POL002_LIC_JEEVAN_AROGYA_C0047,POL002_LIC_JEEVAN_AROGYA,LIC_Jeevan_Arogya.pdf,11,11,7. Other Features,A) DeathBenefitundertheBasePolicy,iv.,"Other terms and condi ons including premium rates will be as applicable for thenewpolicy. In the event of death of an Insured person other than the Principal Insured, the policy will con nue a er removal of the Insured and change in premium will apply from the instalment premium due date coinciding with or next following the date ofin ma onofdeathoftheInsured.",
POL002_LIC_JEEVAN_AROGYA_C0048,POL002_LIC_JEEVAN_AROGYA,LIC_Jeevan_Arogya.pdf,11,11,7. Other Features,B) MaturityBenefit,,NobenefitsarepayableatendoftheCoverPeriod.,
POL002_LIC_JEEVAN_AROGYA_C0049,POL002_LIC_JEEVAN_AROGYA,LIC_Jeevan_Arogya.pdf,11,11,7. Other Features,B) MaturityBenefit,C),"GracePeriod: A grace period of one month but not less than 30 days will be allowed for payment ofyearlyorhalfyearlypremiums. If premium is not paid before the expiry of the days of grace, the Policy lapses and allthebenefitspayableunderthisplanwillcease.",
POL002_LIC_JEEVAN_AROGYA_C0050,POL002_LIC_JEEVAN_AROGYA,LIC_Jeevan_Arogya.pdf,11,12,7. Other Features,B) MaturityBenefit,D),"Revival: A lapsed policy may be revived by the PI within a period of 5 years from the due date offirstunpaidpremiumbutbeforetheexpiryofcoverinrespectofPI,onsubmission of proof of con nued insurability to the sa sfac on of the Corpora on and the payment of all the arrears of premium together with interest at such rate as may be fixed by the Corpora on from me to me. The Corpora on reserves the right to accept at original terms, accept with modified terms or decline the revival of a discon nuedpolicy.Therevival as perthe “Underwri ng Policy” of the Corpora on ofthediscon nuedpolicyshalltakeeffectonlya erthesameisapproved, accepted andrevivalreceiptisissued. bytheCorpora on Wai ng periods and Exclusions, as described in Para 14 and 15 respec vely, will apply on revival. The Principal Insured may need to provide sa sfactory evidence of good health in respect of each Insured as required by the Corpora on, at his own expense. The Date of Revival will be when all requirements for revival are met and approvedbytheCorpora onatitssolediscre on. Noloanwillbeavailableunderthisplan. NoAssignmentwillbeallowedunderthisplan. No benefit will be paid for an event that occurred during the lapse period ll the DateofRevivalwhenthePolicywasinadiscon nuedstate. Further, if the Automa c Renewal Date falls between the revival period and revival is done a er the Automa c Renewal Date, the premium before and a er the Automa cRenewalDatemaybedifferent. Revivalwillnotbeallowedposttherevivalperiod.",
POL002_LIC_JEEVAN_AROGYA_C0051,POL002_LIC_JEEVAN_AROGYA,LIC_Jeevan_Arogya.pdf,12,12,7. Other Features,B) MaturityBenefit,E),"Surrender: Nosurrendervaluewillbeavailableundertheplan. If you are not sa sfied with the “Terms and Condi ons” of the policy, you may return the policy to us within 15 days from the date of receipt of the policy bond sta ng the reasons of objec ons. On receipt of the same, the Corpora on will cancel the policy and return the premium paid subject to the following deduc ons:",
POL002_LIC_JEEVAN_AROGYA_C0052,POL002_LIC_JEEVAN_AROGYA,LIC_Jeevan_Arogya.pdf,12,12,7. Other Features,B) MaturityBenefit,1),Stamp duty on the policy,
POL002_LIC_JEEVAN_AROGYA_C0053,POL002_LIC_JEEVAN_AROGYA,LIC_Jeevan_Arogya.pdf,12,12,7. Other Features,B) MaturityBenefit,2),"Propor onate Risk Premium {for the Base Policy (shall not be applicable during the wai ng period) and Rider(s), if opted for} for the period of cover 3) Any expense borne by the Corpora on on medicalexamina onandspecialreports,ifanyoftheInsuredpersons.",
POL002_LIC_JEEVAN_AROGYA_C0054,POL002_LIC_JEEVAN_AROGYA,LIC_Jeevan_Arogya.pdf,12,12,7. Other Features,A) HospitalCashBenefit,,i Hospital) The Cash Benefit shall be payable only if Hospitalisa on has occurred withinIndia.,
POL002_LIC_JEEVAN_AROGYA_C0055,POL002_LIC_JEEVAN_AROGYA,LIC_Jeevan_Arogya.pdf,12,12,7. Other Features,A) HospitalCashBenefit,ii),"The total number of days for which hospital cash benefit would be payable, in respectofeachInsured,inaPolicyYearwouldberestrictedtoa) Amaximumof30(thirty)daysofHospitaliza onoutofwhichnotmorethan15 (fi een) days shall be in an Intensive Care Unit in the first Policy Year following thedateofcommencementofcoverinrespectofthatInsured",
POL002_LIC_JEEVAN_AROGYA_C0056,POL002_LIC_JEEVAN_AROGYA,LIC_Jeevan_Arogya.pdf,12,12,7. Other Features,A) HospitalCashBenefit,b),A maximum of 90 (ninety) days of Hospitaliza on out of which not more than 45 (forty five) days shall be in an Intensive Care Unit in the second and subsequent Policy Years following the date of commencement of cover in respectofthatInsured,
POL002_LIC_JEEVAN_AROGYA_C0057,POL002_LIC_JEEVAN_AROGYA,LIC_Jeevan_Arogya.pdf,12,12,7. Other Features,A) HospitalCashBenefit,iii),"The total number of days of Hospitaliza on for which Hospital Cash Benefit is payable during the Cover Period, in respect of each and every Insured covered under the policy, shall be limited to a maximum of 720 (seven hundred and twenty) days out of which not more than 360 (three hundred and sixty) days shall be in an Intensive Care Unit. Upon a ainment of this limit by an Insured, theHospitalCashBenefitinrespectofthatInsuredshallceaseimmediately.",
POL002_LIC_JEEVAN_AROGYA_C0058,POL002_LIC_JEEVAN_AROGYA,LIC_Jeevan_Arogya.pdf,12,12,7. Other Features,A) HospitalCashBenefit,iv),"TheBenefitLimitsspecifiedintheaboveclausesinrespectofanInsuredunder this Policy, shall solely and exclusively apply to that Insured. Any unclaimed HospitalCashBenefitofanyoneInsuredisnottransferabletoanyotherInsured.",
POL002_LIC_JEEVAN_AROGYA_C0059,POL002_LIC_JEEVAN_AROGYA,LIC_Jeevan_Arogya.pdf,13,13,11. Benefit Limits and Condi ons,,v),TheHospitalCashBenefit shallnot be payablein the event of anInsuredunder this Policy undergoing any specified Day Care Procedure (as men oned in the DayCareProcedureBenefitAnnexure).,
POL002_LIC_JEEVAN_AROGYA_C0060,POL002_LIC_JEEVAN_AROGYA,LIC_Jeevan_Arogya.pdf,13,13,11. Benefit Limits and Condi ons,B) MajorSurgicalBenefit,i),"If more one Surgery is performed on the Insured, through the same than incision or by making different incisions, during the same surgical session, the Corpora on shall only pay for that Surgery performed in respect of which the largestamountshallbecomepayable.",
POL002_LIC_JEEVAN_AROGYA_C0061,POL002_LIC_JEEVAN_AROGYA,LIC_Jeevan_Arogya.pdf,13,13,11. Benefit Limits and Condi ons,B) MajorSurgicalBenefit,ii),The Major Surgical Benefit shall be paid as a lump sum as specified for the benefit concerned and is subject to providing proof of Surgery to the sa sfac onoftheCorpora on.,
POL002_LIC_JEEVAN_AROGYA_C0062,POL002_LIC_JEEVAN_AROGYA,LIC_Jeevan_Arogya.pdf,13,13,11. Benefit Limits and Condi ons,B) MajorSurgicalBenefit,iii),"AllSurgicalProceduresclaimedshouldbeconfirmedasessen alandrequired, byaqualifiedPhysicianorSurgeon,tothesa sfac onoftheCorpora on.",
POL002_LIC_JEEVAN_AROGYA_C0063,POL002_LIC_JEEVAN_AROGYA,LIC_Jeevan_Arogya.pdf,13,13,11. Benefit Limits and Condi ons,B) MajorSurgicalBenefit,iv),The Major Surgical Benefit will be payable only a er the Corpora on is sa sfied on the basis of medical evidence that the specified Surgery covered underthePolicyhasbeenperformed.,
POL002_LIC_JEEVAN_AROGYA_C0064,POL002_LIC_JEEVAN_AROGYA,LIC_Jeevan_Arogya.pdf,13,13,11. Benefit Limits and Condi ons,B) MajorSurgicalBenefit,v),The Major Surgical Benefit shall be payable only if the Surgery has been performedwithinIndia.,
POL002_LIC_JEEVAN_AROGYA_C0065,POL002_LIC_JEEVAN_AROGYA,LIC_Jeevan_Arogya.pdf,13,13,11. Benefit Limits and Condi ons,B) MajorSurgicalBenefit,vi),The amount in lieu of ambulance expenses shall be payable only once in respect of each Insured in any Policy Year and is subject to providing sa sfactoryevidencetotheCorpora on.,
POL002_LIC_JEEVAN_AROGYA_C0066,POL002_LIC_JEEVAN_AROGYA,LIC_Jeevan_Arogya.pdf,13,13,11. Benefit Limits and Condi ons,B) MajorSurgicalBenefit,vii),The total amount payable in respect of each Insured under the Major Surgical Benefit in any Policy Year during the Cover Period shall not exceed 100% of the MajorSurgicalBenefitSumAssuredinthatPolicyyear.,
POL002_LIC_JEEVAN_AROGYA_C0067,POL002_LIC_JEEVAN_AROGYA,LIC_Jeevan_Arogya.pdf,13,13,11. Benefit Limits and Condi ons,B) MajorSurgicalBenefit,viii),"The total amount payable in respect of each Insured during the Cover Period under the Major Surgical Benefit shall not exceed a maximum limit of 800% of the Major Surgical Benefit Sum Assured. If the total amount paid in respect of an Insured equals this life me maximum limit, the Major Surgical Benefit in respectofthatInsuredwillceaseimmediately.",
POL002_LIC_JEEVAN_AROGYA_C0068,POL002_LIC_JEEVAN_AROGYA,LIC_Jeevan_Arogya.pdf,13,13,11. Benefit Limits and Condi ons,B) MajorSurgicalBenefit,ix),"TheBenefitLimitsspecifiedintheaboveclausesinrespectofanInsuredunder this Policy, shall solely and exclusively apply to that Insured. Any unclaimed Major Surgical Benefit of any one Insured is not transferable to any other Insured.",
POL002_LIC_JEEVAN_AROGYA_C0069,POL002_LIC_JEEVAN_AROGYA,LIC_Jeevan_Arogya.pdf,13,13,11. Benefit Limits and Condi ons,B) MajorSurgicalBenefit,x),The Major Surgical benefit for any surgery cannot be claimed and shall not be payablemorethanonceforthesamesurgeryduringthetermofthepolicy. C),
POL002_LIC_JEEVAN_AROGYA_C0070,POL002_LIC_JEEVAN_AROGYA,LIC_Jeevan_Arogya.pdf,13,13,11. Benefit Limits and Condi ons,DayCareProcedureBenefit,i),"IfmorethanoneDayCareProcedureisperformedontheInsured,throughthe same incision or by making different incisions, during the same surgical session,theCorpora onshallonlypayforoneDayCareSurgicalProcedure.",
POL002_LIC_JEEVAN_AROGYA_C0071,POL002_LIC_JEEVAN_AROGYA,LIC_Jeevan_Arogya.pdf,13,13,11. Benefit Limits and Condi ons,DayCareProcedureBenefit,ii),The Day Care Procedure Benefit shall be paid as a lump sum and is subject to providingproofofSurgerytothesa sfac onoftheCorpora on.,
POL002_LIC_JEEVAN_AROGYA_C0072,POL002_LIC_JEEVAN_AROGYA,LIC_Jeevan_Arogya.pdf,13,13,11. Benefit Limits and Condi ons,DayCareProcedureBenefit,iii),"All Surgical Procedures claimed should be confirmed as essen al and required, by a qualified Physician or Surgeon, to the sa sfac on of the Corpora on.",
POL002_LIC_JEEVAN_AROGYA_C0073,POL002_LIC_JEEVAN_AROGYA,LIC_Jeevan_Arogya.pdf,14,14,11. Benefit Limits and Condi ons,DayCareProcedureBenefit,iv),The Day Care Procedure Benefit will be payable only a er the Corpora on is sa sfied on the basis of medical evidence that the specified Surgical Procedurecoveredunderthepolicyhasbeenperformed.,
POL002_LIC_JEEVAN_AROGYA_C0074,POL002_LIC_JEEVAN_AROGYA,LIC_Jeevan_Arogya.pdf,14,14,11. Benefit Limits and Condi ons,DayCareProcedureBenefit,v),TheDayCareProcedureBenefitshallbepayableonlyiftheSurgicalProcedure hasbeenperformedwithinIndia.,
POL002_LIC_JEEVAN_AROGYA_C0075,POL002_LIC_JEEVAN_AROGYA,LIC_Jeevan_Arogya.pdf,14,14,11. Benefit Limits and Condi ons,DayCareProcedureBenefit,vi),"In respect of each Insured, the Day Care Procedure Benefit will be payable only up to a maximum of 3 (three) Surgical Procedures in any Policy Year duringtheCoverPeriod.",
POL002_LIC_JEEVAN_AROGYA_C0076,POL002_LIC_JEEVAN_AROGYA,LIC_Jeevan_Arogya.pdf,14,14,11. Benefit Limits and Condi ons,DayCareProcedureBenefit,vii),"In respect of each Insured during the Cover Period, the Day Care Procedure Benefit will be payable only up to a maximum of 24 (twenty four) Surgical Procedures. If the number of Surgical Procedures eligible for the Day Care ProcedureBenefitinrespect of an Insured equals this life memaximumlimit, the Day Care Procedure Benefit in respect of that Insured will cease immediately.",
POL002_LIC_JEEVAN_AROGYA_C0077,POL002_LIC_JEEVAN_AROGYA,LIC_Jeevan_Arogya.pdf,14,14,11. Benefit Limits and Condi ons,DayCareProcedureBenefit,viii),"The Benefit Limits specified in the above clauses in respect of an Insured under this Policy, shall solely and exclusively apply to that Insured. Any unclaimed Day Care Procedure Benefit of any one Insured is not transferable toanyotherInsured.",
POL002_LIC_JEEVAN_AROGYA_C0078,POL002_LIC_JEEVAN_AROGYA,LIC_Jeevan_Arogya.pdf,14,14,11. Benefit Limits and Condi ons,DayCareProcedureBenefit,ix),IfaDayCareProcedureBenefitisperformednoHospitalCashBenefitshallbepaid.,
POL002_LIC_JEEVAN_AROGYA_C0079,POL002_LIC_JEEVAN_AROGYA,LIC_Jeevan_Arogya.pdf,14,14,11. Benefit Limits and Condi ons,D) OtherSurgicalBenefit,i),"If more than one Surgical Procedure is performed on the Insured, through the same incision or by making different incisions, during the same surgical session,theCorpora onshallonlypayforoneSurgicalProcedure.",
POL002_LIC_JEEVAN_AROGYA_C0080,POL002_LIC_JEEVAN_AROGYA,LIC_Jeevan_Arogya.pdf,14,14,11. Benefit Limits and Condi ons,D) OtherSurgicalBenefit,ii),The Other Surgical Benefit shall be paid as a Daily Benefit and is subject to providingproofofSurgerytothesa sfac onoftheCorpora on.,
POL002_LIC_JEEVAN_AROGYA_C0081,POL002_LIC_JEEVAN_AROGYA,LIC_Jeevan_Arogya.pdf,14,14,11. Benefit Limits and Condi ons,D) OtherSurgicalBenefit,iii),"All Surgical Procedures claimed should be confirmed as essen al and required, by a qualified Physician or Surgeon, to the sa sfac on of the Corpora on.",
POL002_LIC_JEEVAN_AROGYA_C0082,POL002_LIC_JEEVAN_AROGYA,LIC_Jeevan_Arogya.pdf,14,14,11. Benefit Limits and Condi ons,D) OtherSurgicalBenefit,iv),The Other Surgical Benefit will be payable only a er the Corpora on is sa sfied on the basis of medical evidence that the specified Surgical Procedurecoveredunderthepolicyhasbeenperformed.,
POL002_LIC_JEEVAN_AROGYA_C0083,POL002_LIC_JEEVAN_AROGYA,LIC_Jeevan_Arogya.pdf,14,14,11. Benefit Limits and Condi ons,D) OtherSurgicalBenefit,v),The Other Surgical Benefit shall be payable only if the Surgical Procedure has beenperformedwithinIndia.,
POL002_LIC_JEEVAN_AROGYA_C0084,POL002_LIC_JEEVAN_AROGYA,LIC_Jeevan_Arogya.pdf,14,14,11. Benefit Limits and Condi ons,D) OtherSurgicalBenefit,vi),The total number of days of Hospitaliza on for which the Other Surgical Benefit is payable during a Policy Year in respect of each and every Insured covered under the Policy shall not exceed 15 (fi een) days in the first Policy Year following the date of commencement of cover in respect of that Insured and 45 (forty five) days for the second and subsequent Policy Years following thedateofcommencementofcoverinrespectofthatInsured.,
POL002_LIC_JEEVAN_AROGYA_C0085,POL002_LIC_JEEVAN_AROGYA,LIC_Jeevan_Arogya.pdf,14,14,11. Benefit Limits and Condi ons,D) OtherSurgicalBenefit,vii),"The total number of days of Hospitaliza on for which the Other Surgical Benefit is payable during the Cover Period, in respect of each and every Insured covered under the Policy shall not exceed a maximum limit of 360 (three hundred and sixty) days. Upon a ainment of this life me maximum limit, the Other Surgical Benefit in respect of that Insured will cease immediately.",
POL002_LIC_JEEVAN_AROGYA_C0086,POL002_LIC_JEEVAN_AROGYA,LIC_Jeevan_Arogya.pdf,14,14,11. Benefit Limits and Condi ons,D) OtherSurgicalBenefit,viii),"The Benefit Limits specified in the above clauses in respect of an Insured under this Policy, shall solely and exclusively apply to that Insured. Any unclaimedOtherSurgicalBenefit on any one Insured is not transferabletoany otherInsured.",
POL002_LIC_JEEVAN_AROGYA_C0087,POL002_LIC_JEEVAN_AROGYA,LIC_Jeevan_Arogya.pdf,15,15,11. Benefit Limits and Condi ons,D) OtherSurgicalBenefit,A),Ifpolicyisissuedonsinglelife:,
POL002_LIC_JEEVAN_AROGYA_C0088,POL002_LIC_JEEVAN_AROGYA,LIC_Jeevan_Arogya.pdf,15,15,11. Benefit Limits and Condi ons,Thepolicyshallterminateattheearliestofthefollowing,i),Nonofpremiumswithintherevivalperiod; payment,
POL002_LIC_JEEVAN_AROGYA_C0089,POL002_LIC_JEEVAN_AROGYA,LIC_Jeevan_Arogya.pdf,15,15,11. Benefit Limits and Condi ons,Thepolicyshallterminateattheearliestofthefollowing,ii),Ondeath;,
POL002_LIC_JEEVAN_AROGYA_C0090,POL002_LIC_JEEVAN_AROGYA,LIC_Jeevan_Arogya.pdf,15,15,11. Benefit Limits and Condi ons,Thepolicyshallterminateattheearliestofthefollowing,iii),OntheDateofCoverExpirymen onedinthePolicySchedule;,
POL002_LIC_JEEVAN_AROGYA_C0091,POL002_LIC_JEEVAN_AROGYA,LIC_Jeevan_Arogya.pdf,15,15,11. Benefit Limits and Condi ons,Thepolicyshallterminateattheearliestofthefollowing,iv),On exhaus ng all the life me maximum Benefit Limits as specified in Para 11 above.,
POL002_LIC_JEEVAN_AROGYA_C0092,POL002_LIC_JEEVAN_AROGYA,LIC_Jeevan_Arogya.pdf,15,15,11. Benefit Limits and Condi ons,Thepolicyshallterminateattheearliestofthefollowing,B),Ifpolicyisissuedonmorethanonelife:,
POL002_LIC_JEEVAN_AROGYA_C0093,POL002_LIC_JEEVAN_AROGYA,LIC_Jeevan_Arogya.pdf,15,15,11. Benefit Limits and Condi ons,Thepolicyshallterminateattheearliestofthefollowing,i),Non-paymentofpremiumswithintherevivalperiod;,
POL002_LIC_JEEVAN_AROGYA_C0094,POL002_LIC_JEEVAN_AROGYA,LIC_Jeevan_Arogya.pdf,15,15,11. Benefit Limits and Condi ons,Thepolicyshallterminateattheearliestofthefollowing,ii),"OnPIexhaus ngallthelife memaximumBenefitLimitsasspecifiedinPara11 above. death iii) On or Date of Cover Expiry, of the Principal Insured and if the Policy does notcon nuewiththeInsuredSpouseasthePrincipalInsured.",
POL002_LIC_JEEVAN_AROGYA_C0095,POL002_LIC_JEEVAN_AROGYA,LIC_Jeevan_Arogya.pdf,15,15,11. Benefit Limits and Condi ons,Thepolicyshallterminateattheearliestofthefollowing,iv),"On the death or Date of Cover Expiry, of Insured Spouse a er the Policy con nues with the Insured Spouse as the Principal Insured a er the PI dies or reacheshis/herDateofCoverExpiry. The Hospital Cash Benefit, Major Surgical Benefit, Day Care Procedure Benefit and Other Surgical Benefit cover in respect of each Insured covered under your policy shall commence on the Date of Cover Commencement individually stated in the PolicySchedule. The Hospital Cash Benefit, Major Surgical Benefit, Day Care Procedure Benefit and Other Surgical Benefit cover in respect of each Insured shall terminate at the earliestofthefollowing:",
POL002_LIC_JEEVAN_AROGYA_C0096,POL002_LIC_JEEVAN_AROGYA,LIC_Jeevan_Arogya.pdf,15,15,11. Benefit Limits and Condi ons,Thepolicyshallterminateattheearliestofthefollowing,i.,TheDateofCoverExpirymen onedinthePolicySchedule;,
POL002_LIC_JEEVAN_AROGYA_C0097,POL002_LIC_JEEVAN_AROGYA,LIC_Jeevan_Arogya.pdf,15,15,11. Benefit Limits and Condi ons,Thepolicyshallterminateattheearliestofthefollowing,ii.,On exhaus ng all the life me maximum Benefit Limits as specified in Para 11 above;,
POL002_LIC_JEEVAN_AROGYA_C0098,POL002_LIC_JEEVAN_AROGYA,LIC_Jeevan_Arogya.pdf,15,15,11. Benefit Limits and Condi ons,Thepolicyshallterminateattheearliestofthefollowing,iii.,On death or Date of Cover Expiry of the Principal Insured and if the Policy does notcon nuewiththeInsuredSpouseasthePrincipalInsured;,
POL002_LIC_JEEVAN_AROGYA_C0099,POL002_LIC_JEEVAN_AROGYA,LIC_Jeevan_Arogya.pdf,15,15,11. Benefit Limits and Condi ons,Thepolicyshallterminateattheearliestofthefollowing,iv.,On death or Date of Cover Expiry of Insured Spouse a er the Policy con nues with the Insured Spouse as the Principal Insured a er the PI dies or reaches his/herDateofCoverExpiry.,
POL002_LIC_JEEVAN_AROGYA_C0100,POL002_LIC_JEEVAN_AROGYA,LIC_Jeevan_Arogya.pdf,15,15,11. Benefit Limits and Condi ons,Thepolicyshallterminateattheearliestofthefollowing,v.,OndeathoftheInsured;,
POL002_LIC_JEEVAN_AROGYA_C0101,POL002_LIC_JEEVAN_AROGYA,LIC_Jeevan_Arogya.pdf,15,15,11. Benefit Limits and Condi ons,Thepolicyshallterminateattheearliestofthefollowing,vi.,"In respect of the Insured Spouse, on divorce or legal separa on from the PrincipalInsured;",
POL002_LIC_JEEVAN_AROGYA_C0102,POL002_LIC_JEEVAN_AROGYA,LIC_Jeevan_Arogya.pdf,15,15,11. Benefit Limits and Condi ons,Thepolicyshallterminateattheearliestofthefollowing,vii.,On termina on of the Policy due to non-payment of premium or any other reason.,
POL002_LIC_JEEVAN_AROGYA_C0103,POL002_LIC_JEEVAN_AROGYA,LIC_Jeevan_Arogya.pdf,16,16,13. Termina on of Policy,Generalwai ngperiod,,"There shall be no general wai ng period in case Hospitaliza on or Surgery is due to Accidental Bodily Injury. There shall be a general wai ng period during which no benefits shall be payable in the event of Hospitaliza on or Surgery, if the said Hospitaliza onorSurgeryoccurredduetoSickness.",
POL002_LIC_JEEVAN_AROGYA_C0104,POL002_LIC_JEEVAN_AROGYA,LIC_Jeevan_Arogya.pdf,16,16,13. Termina on of Policy,Generalwai ngperiod,i.,The wai ng period shall be 90 (ninety) days from the Date of Cover general CommencementinrespectofeachInsured. ii. If policy is revived a er discon nuance of the Cover then the following the shallapplyinrespectofeachInsured:,
POL002_LIC_JEEVAN_AROGYA_C0105,POL002_LIC_JEEVAN_AROGYA,LIC_Jeevan_Arogya.pdf,16,16,13. Termina on of Policy,Generalwai ngperiod,a),"IftherequestforrevivalisreceivedbytheCorpora onwithin90(ninety)daysfrom the due date of the first unpaid premium, then there shall be a general wai ng periodof45(fortyfive)daysfromtheDateofRevivalinrespectofeachInsured.",
POL002_LIC_JEEVAN_AROGYA_C0106,POL002_LIC_JEEVAN_AROGYA,LIC_Jeevan_Arogya.pdf,16,16,13. Termina on of Policy,Generalwai ngperiod,b),"If the request for revival is received by the Corpora on beyond 90 (ninety) days from the due date of the first unpaid premium, then there shall be a general wai ng period of 90 (ninety) days from the Date of Revival in respect of each Insured.",
POL002_LIC_JEEVAN_AROGYA_C0107,POL002_LIC_JEEVAN_AROGYA,LIC_Jeevan_Arogya.pdf,16,16,13. Termina on of Policy,Specificwai ngperiod,,"In addi on, in respect of each Insured, no benefits are available hereunder and no payment will be made by the Corpora on for any claim under this Policy on account of Hospitaliza on or Surgery directly or indirectly caused by, based on, arising out of or howsoevera ributabletoanyofthefollowingduringthespecificwai ngperiod: i for. Treatment adenoidortonsillardisorders",
POL002_LIC_JEEVAN_AROGYA_C0108,POL002_LIC_JEEVAN_AROGYA,LIC_Jeevan_Arogya.pdf,16,16,13. Termina on of Policy,Specificwai ngperiod,ii.,Treatmentforanalfistulaoranalfissure,
POL002_LIC_JEEVAN_AROGYA_C0109,POL002_LIC_JEEVAN_AROGYA,LIC_Jeevan_Arogya.pdf,16,16,13. Termina on of Policy,Specificwai ngperiod,iii.,Treatmentforbenignenlargementofprostategland,
POL002_LIC_JEEVAN_AROGYA_C0110,POL002_LIC_JEEVAN_AROGYA,LIC_Jeevan_Arogya.pdf,16,16,13. Termina on of Policy,Specificwai ngperiod,iv.,"Treatment for benign uterine disorders like fibroids, uterine prolapse, dysfunc onaluterinebleedingetc",
POL002_LIC_JEEVAN_AROGYA_C0111,POL002_LIC_JEEVAN_AROGYA,LIC_Jeevan_Arogya.pdf,16,16,13. Termina on of Policy,Specificwai ngperiod,v.,TreatmentforCataract,
POL002_LIC_JEEVAN_AROGYA_C0112,POL002_LIC_JEEVAN_AROGYA,LIC_Jeevan_Arogya.pdf,16,16,13. Termina on of Policy,Specificwai ngperiod,vi.,TreatmentforGallstones,
POL002_LIC_JEEVAN_AROGYA_C0113,POL002_LIC_JEEVAN_AROGYA,LIC_Jeevan_Arogya.pdf,16,16,13. Termina on of Policy,Specificwai ngperiod,vii.,Treatmentforslipdisc,
POL002_LIC_JEEVAN_AROGYA_C0114,POL002_LIC_JEEVAN_AROGYA,LIC_Jeevan_Arogya.pdf,16,16,13. Termina on of Policy,Specificwai ngperiod,viii.,TreatmentforPiles,
POL002_LIC_JEEVAN_AROGYA_C0115,POL002_LIC_JEEVAN_AROGYA,LIC_Jeevan_Arogya.pdf,16,16,13. Termina on of Policy,Specificwai ngperiod,ix.,Treatmentforbenignthyroiddisorders,
POL002_LIC_JEEVAN_AROGYA_C0116,POL002_LIC_JEEVAN_AROGYA,LIC_Jeevan_Arogya.pdf,16,16,13. Termina on of Policy,Specificwai ngperiod,x.,TreatmentforHernia,
POL002_LIC_JEEVAN_AROGYA_C0117,POL002_LIC_JEEVAN_AROGYA,LIC_Jeevan_Arogya.pdf,16,16,13. Termina on of Policy,Specificwai ngperiod,xi.,Treatmentforhydrocele,
POL002_LIC_JEEVAN_AROGYA_C0118,POL002_LIC_JEEVAN_AROGYA,LIC_Jeevan_Arogya.pdf,16,16,13. Termina on of Policy,Specificwai ngperiod,xii.,Treatmentfordegenera vejointcondi ons,
POL002_LIC_JEEVAN_AROGYA_C0119,POL002_LIC_JEEVAN_AROGYA,LIC_Jeevan_Arogya.pdf,16,16,13. Termina on of Policy,Specificwai ngperiod,xiii.,Treatmentforsinusdisorders,
POL002_LIC_JEEVAN_AROGYA_C0120,POL002_LIC_JEEVAN_AROGYA,LIC_Jeevan_Arogya.pdf,16,16,13. Termina on of Policy,Specificwai ngperiod,xiv.,Treatmentforkidneyorurinarytractstones,
POL002_LIC_JEEVAN_AROGYA_C0121,POL002_LIC_JEEVAN_AROGYA,LIC_Jeevan_Arogya.pdf,16,16,13. Termina on of Policy,Specificwai ngperiod,xv.,Treatmentforvaricoseveins,
POL002_LIC_JEEVAN_AROGYA_C0122,POL002_LIC_JEEVAN_AROGYA,LIC_Jeevan_Arogya.pdf,16,16,13. Termina on of Policy,Specificwai ngperiod,xvi.,"TreatmentforCarpaltunnelsyndrome forbenignbreastdisorderse.g.fibroadenoma,fibrocys cdiseaseetc",
POL002_LIC_JEEVAN_AROGYA_C0123,POL002_LIC_JEEVAN_AROGYA,LIC_Jeevan_Arogya.pdf,16,16,13. Termina on of Policy,Specificwai ngperiod,xvii.,Treatment The specific wai ng period in respect of the treatments specified in the list above shallbeasfollows:,
POL002_LIC_JEEVAN_AROGYA_C0124,POL002_LIC_JEEVAN_AROGYA,LIC_Jeevan_Arogya.pdf,16,16,13. Termina on of Policy,Specificwai ngperiod,i.,The specific wai ng period shall be 2 (two) years from the Date of Cover CommencementinrespectofeachInsured.,
POL002_LIC_JEEVAN_AROGYA_C0125,POL002_LIC_JEEVAN_AROGYA,LIC_Jeevan_Arogya.pdf,16,16,13. Termina on of Policy,Specificwai ngperiod,ii.,If the policy is revived a er discon nuance of the Cover then the following shallapplyinrespectofeachInsured:,
POL002_LIC_JEEVAN_AROGYA_C0126,POL002_LIC_JEEVAN_AROGYA,LIC_Jeevan_Arogya.pdf,17,17,14. Wai ng Period,,,"No benefits are available hereunder and no payment will be made by the Corpora onforanyclaimunderthispolicyonaccountofhospitaliza onorsurgery directly or indirectly caused by, based on, arising out of or howsoever a ributable toanyofthefollowing:",
POL002_LIC_JEEVAN_AROGYA_C0127,POL002_LIC_JEEVAN_AROGYA,LIC_Jeevan_Arogya.pdf,17,17,14. Wai ng Period,,i.,Any Pre-exis ng Condi on unless disclosed to and accepted by the Corpora on prior to the Date of Cover or the Date of Revival (if the Policy is revived effec ve a erdiscon nuanceoftheCover).,
POL002_LIC_JEEVAN_AROGYA_C0128,POL002_LIC_JEEVAN_AROGYA,LIC_Jeevan_Arogya.pdf,17,17,14. Wai ng Period,,ii.,Any treatment or Surgery not performed by a Physician/Surgeon or any treatment orSurgeryofapurelyexperimentalnature.,
POL002_LIC_JEEVAN_AROGYA_C0129,POL002_LIC_JEEVAN_AROGYA,LIC_Jeevan_Arogya.pdf,17,17,14. Wai ng Period,,iii.,Any orprescribedmedicalcheckuporexamina on. rou ne,
POL002_LIC_JEEVAN_AROGYA_C0130,POL002_LIC_JEEVAN_AROGYA,LIC_Jeevan_Arogya.pdf,17,17,14. Wai ng Period,,iv.,"Medical Expenses rela ng to any treatment primarily for diagnos c, X-ray or laboratoryexamina ons.",
POL002_LIC_JEEVAN_AROGYA_C0131,POL002_LIC_JEEVAN_AROGYA,LIC_Jeevan_Arogya.pdf,17,17,14. Wai ng Period,,v.,Any Sickness that has been classified as an Epidemic by the Central or State Government.,
POL002_LIC_JEEVAN_AROGYA_C0132,POL002_LIC_JEEVAN_AROGYA,LIC_Jeevan_Arogya.pdf,17,17,14. Wai ng Period,,vi.,"Circumcision, cosme c or aesthe c treatments of any descrip on, change of gender surgery, plas c surgery (unless such plas c surgery is necessary for the treatment of Illness or accidental Bodily Injury as a direct result of the insured eventandperformedwithin6monthsofthesame).",
POL002_LIC_JEEVAN_AROGYA_C0133,POL002_LIC_JEEVAN_AROGYA,LIC_Jeevan_Arogya.pdf,17,17,14. Wai ng Period,,vii.,Hospitalisa onorSurgeryfordona onofanorganbydonor.,
POL002_LIC_JEEVAN_AROGYA_C0134,POL002_LIC_JEEVAN_AROGYA,LIC_Jeevan_Arogya.pdf,17,17,14. Wai ng Period,,viii.,Treatmentforcorrec onofbirthdefectsorcongenitalanomalies.,
POL002_LIC_JEEVAN_AROGYA_C0135,POL002_LIC_JEEVAN_AROGYA,LIC_Jeevan_Arogya.pdf,17,17,14. Wai ng Period,,ix.,DentaltreatmentorsurgeryofanykindunlessnecessitatedbyAccidentalBodilyInjury.,
POL002_LIC_JEEVAN_AROGYA_C0136,POL002_LIC_JEEVAN_AROGYA,LIC_Jeevan_Arogya.pdf,17,17,14. Wai ng Period,,x.,"Convalescence, general debility, rest cure, congenital diseases or defect or anomaly, sterilisa on or infer lity (diagnosis and treatment), any sanatoriums, spa or rest cures or long term care or hospitaliza on undertaken as a preven ve or recupera vemeasure. x injuries",
POL002_LIC_JEEVAN_AROGYA_C0137,POL002_LIC_JEEVAN_AROGYA,LIC_Jeevan_Arogya.pdf,17,17,14. Wai ng Period,,i.,"Selfafflicted orcondi ons(a emptedsuicide),and/ortheuseormisuseof anydrugsoralcoholandcomplica onsarisingfromit.",
POL002_LIC_JEEVAN_AROGYA_C0138,POL002_LIC_JEEVAN_AROGYA,LIC_Jeevan_Arogya.pdf,17,17,14. Wai ng Period,,xii.,"Removalorcorrec onorreplacementofanymaterial/prosthesis/medicaldevices that was implanted in a former surgery before Date of Cover commencement or (ifthePolicyisreviveda erdiscon nuanceoftheCover). DateofRevival xi. diagnosis or treatment arising from or traceable to pregnancy (whether ii Any uterine or extra uterine), childbirth including caesarean sec on, medical termina on of pregnancy and/or any treatment related to pre and post natal care ofthemotherorthenewborn.",
POL002_LIC_JEEVAN_AROGYA_C0139,POL002_LIC_JEEVAN_AROGYA,LIC_Jeevan_Arogya.pdf,17,17,14. Wai ng Period,,xiv.,Hospitalisa on for the sole purpose of physiotherapy or any ailment for which hospitaliza onisnotwarrantedduetoadvancementinmedicaltechnology.,
POL002_LIC_JEEVAN_AROGYA_C0140,POL002_LIC_JEEVAN_AROGYA,LIC_Jeevan_Arogya.pdf,17,17,14. Wai ng Period,,a),"If the request for revival is received by the Corpora on within less than 90 (ninety) days from the due date of the first unpaid premium, then the specific wai ng period shall con nue to be ll 2 (two) years from the Date of Cover CommencementinrespectofeachInsured.",
POL002_LIC_JEEVAN_AROGYA_C0141,POL002_LIC_JEEVAN_AROGYA,LIC_Jeevan_Arogya.pdf,17,17,14. Wai ng Period,,b),"If the request for revival is received by the Corpora on beyond 90 (ninety) days from the due date of the first unpaid premium, then there shall be a specific wai ngperiodof2(two)yearsfromtheDateofRevivalinrespectofeachInsured. Nochargesforthisbenefitshallbededucteda erthebenefitceases.",
POL002_LIC_JEEVAN_AROGYA_C0142,POL002_LIC_JEEVAN_AROGYA,LIC_Jeevan_Arogya.pdf,18,18,15. Exclusions,,xv.,"War, invasion, act of foreign enemy, hos li es (whether war be declared or not), civil war, rebellion, revolu on, insurrec on military or usurped power of civilcommo onorlootorpillageinconnec onherewith.",
POL002_LIC_JEEVAN_AROGYA_C0143,POL002_LIC_JEEVAN_AROGYA,LIC_Jeevan_Arogya.pdf,18,18,15. Exclusions,,xvi.,"Naval military or opera ons(including du es of peace me) of the armed forces or air force and par cipa on in opera ons requiring the use of arms or which are ordered by military authori es for comba ng terrorists, rebels and thelike.",
POL002_LIC_JEEVAN_AROGYA_C0144,POL002_LIC_JEEVAN_AROGYA,LIC_Jeevan_Arogya.pdf,18,18,15. Exclusions,,xvii.,"Any natural peril (including but not limited to avalanche, earthquake, volcanic erup onsoranykindofnaturalhazard).",
POL002_LIC_JEEVAN_AROGYA_C0145,POL002_LIC_JEEVAN_AROGYA,LIC_Jeevan_Arogya.pdf,18,18,15. Exclusions,,xviii.,"Par cipa on in any hazardous ac vity or sports including but not limited to racing, scuba diving, aerial sports, bungee jumping and mountaineering or in anycriminalorillegalac vi es.",
POL002_LIC_JEEVAN_AROGYA_C0146,POL002_LIC_JEEVAN_AROGYA,LIC_Jeevan_Arogya.pdf,18,18,15. Exclusions,,xix.,"To any loss, damage or expense due to or arising out of, directly or indirectly, nuclear reac on, radia on or regardless of how it radioac ve contamina on wascaused.",
POL002_LIC_JEEVAN_AROGYA_C0147,POL002_LIC_JEEVAN_AROGYA,LIC_Jeevan_Arogya.pdf,18,18,15. Exclusions,,xx.,Hospitalisa on expenses related to Non allopathic - methods of treatment or surgery.,
POL002_LIC_JEEVAN_AROGYA_C0148,POL002_LIC_JEEVAN_AROGYA,LIC_Jeevan_Arogya.pdf,18,18,15. Exclusions,,xxi.,Par cipa oninanycriminalorillegalac vi es.,
POL002_LIC_JEEVAN_AROGYA_C0149,POL002_LIC_JEEVAN_AROGYA,LIC_Jeevan_Arogya.pdf,18,18,15. Exclusions,,xxii.,"Treatment fromtheInsured'sfailuretoactonpropermedicaladvice. arising StatutoryTaxes,ifany,imposedonsuchinsuranceplansbytheGovernmentofIndiaor any other cons tu onal Tax Authority of India shall be as per the Tax laws and the rate oftaxshallbeasapplicablefrom meto me. The amount of applicable taxes as per the prevailing rates, shall be payable by the Policyholder on premiums including extra premiums, if any, and shall be collected separately over and above in addi on to the premiums payable by the policyholder. The amount of tax paid shall not be considered for the calcula on of benefits payable undertheplan. Regarding Income tax benefits/implica ons on premium(s) paid and benefits payable underthisplan,pleaseconsultyourtaxadvisorfordetails.",
POL003_NIVA_BUPA_AROGYA_S_C0001,POL003_NIVA_BUPA_AROGYA_S,Niva_Bupa_Arogya_Sanjeevani.pdf,1,1,1. PREAMBLE,,,This Policy is a contract of insurance issued by Niva Bupa Health Insurance Company Limited (hereinafter called the ‘Company’) to the proposer mentioned in the schedule (hereinafter called the ‘Insured’) to cover the person(s) named in the schedule (hereinafter called the ‘Insured Persons’). The policy is based on the statements and declaration provided in the Proposal Form by the proposer and is subject to receipt of the requisite premium.,
POL003_NIVA_BUPA_AROGYA_S_C0002,POL003_NIVA_BUPA_AROGYA_S,Niva_Bupa_Arogya_Sanjeevani.pdf,1,1,2. OPERATIVE CLAUSE,,,"If during the policy period one or more Insured Person(s) is required to be hospitalized for treatment of an Illness or Injury at a Hospital/ Day Care Centre, following Medical Advice of a duly qualified Medical Practitioner, the Company shall indemnify Medically necessary, expenses towards the Coverage mentioned in the policy schedule. Provided further that, any amount payable under the policy shall be subject to the terms of coverage (including any co-pay, sub limits), exclusions, conditions and definitions contained herein. Maximum liability of the Company under all such Claims during each Policy Year shall be the Sum Insured (Individual or Floater) opted and Cumulative Bon us (if any) specified in the Schedule.",
POL003_NIVA_BUPA_AROGYA_S_C0003,POL003_NIVA_BUPA_AROGYA_S,Niva_Bupa_Arogya_Sanjeevani.pdf,1,1,3. DEFINITIONS,,,"The terms defined below and at other junctures in the Policy have the meanings ascribed to them wherever they appear in this Policy and, where, the context so requires, references to the singular include references to the plural; references to the male includes the female and references to any statutory enactment includes subsequent changes to the same. 3.1. Accident means a sudden, unforeseen and involuntary event caused by external, visible and violent means. 3.2. Age means age of the Insured person on last birthday as on date of commencement of the Policy. 3.3. Any One Illness means continuous period of illness and it includes relapse with in forty five days from the date of last consultation with the hospital where treatment has been taken. 3.4. AYUSH Treatmen refers to hospitalisation treatments given under Ayurveda, Yoga and Naturopathy, Unani, Siddha and Homeopathy systems. 3.5. An AYUSH Hospital is a healthcare facility wherein medical/surgical/para-surgical treatment procedures and interventions are carried out by AYUSH Medical Practitioner(s) comprising of any of the following:",
POL003_NIVA_BUPA_AROGYA_S_C0004,POL003_NIVA_BUPA_AROGYA_S,Niva_Bupa_Arogya_Sanjeevani.pdf,1,1,3. DEFINITIONS,,i.,Central or State Government AYUSH Hospital or,
POL003_NIVA_BUPA_AROGYA_S_C0005,POL003_NIVA_BUPA_AROGYA_S,Niva_Bupa_Arogya_Sanjeevani.pdf,1,1,3. DEFINITIONS,,ii.,Teaching hospital attached to AYUSH College recognized by the Central Government/Central Council of Indian Medicine/Central Council for Homeopathy; or,
POL003_NIVA_BUPA_AROGYA_S_C0006,POL003_NIVA_BUPA_AROGYA_S,Niva_Bupa_Arogya_Sanjeevani.pdf,1,1,3. DEFINITIONS,,iii.,"AYUSH Hospital, standalone or co-located with in-patient healthcare facility of any recognized system of medicine, registered with the local authorities, wherever applicable, and is under the supervision of a qualified registered AYUSH Medical Practitioner and must comply with all the following criterion:",
POL003_NIVA_BUPA_AROGYA_S_C0007,POL003_NIVA_BUPA_AROGYA_S,Niva_Bupa_Arogya_Sanjeevani.pdf,1,1,3. DEFINITIONS,,a.,Having at least 5 in-patient beds;,
POL003_NIVA_BUPA_AROGYA_S_C0008,POL003_NIVA_BUPA_AROGYA_S,Niva_Bupa_Arogya_Sanjeevani.pdf,1,1,3. DEFINITIONS,,b.,Having qualified AYUSH Medical Practitioner in charge round the clock;,
POL003_NIVA_BUPA_AROGYA_S_C0009,POL003_NIVA_BUPA_AROGYA_S,Niva_Bupa_Arogya_Sanjeevani.pdf,1,1,3. DEFINITIONS,,c.,Having dedicated AYUSH therapy sections as required and/or has equipped operation theatre where surgical procedures are to be carried out;,
POL003_NIVA_BUPA_AROGYA_S_C0010,POL003_NIVA_BUPA_AROGYA_S,Niva_Bupa_Arogya_Sanjeevani.pdf,1,2,3. DEFINITIONS,,d.,"Maintaining daily records of the patients and making them accessible to the insurance company‘s authorized representative. Arogya Sanjeevani Niva Bupa Health Insurance Co. Ltd. Policy Document Product Name: Arogya Sanjeevani, Niva Bupa Health Insurance Co. Ltd. Product UIN: NBHHLIP27056V042627 3.6. AYUSH Day Care Centre means and includes Community Health Centre (CHC), Primary Health Centre (PHC), Dispensary, Clinic, Polyclinic or any such health centre which is registered with the local authorities, wherever applicable and having facilities for carrying out treatment procedures and medical or surgical/para-surgical interventions or both under the supervision of registered AYUSH Medical Practitioner (s) on day care basis without in-patient services and must comply with all the following criterion:",
POL003_NIVA_BUPA_AROGYA_S_C0011,POL003_NIVA_BUPA_AROGYA_S,Niva_Bupa_Arogya_Sanjeevani.pdf,2,2,3. DEFINITIONS,,i.,Having qualified registered AYUSH Medical Practitioner(,
POL003_NIVA_BUPA_AROGYA_S_C0012,POL003_NIVA_BUPA_AROGYA_S,Niva_Bupa_Arogya_Sanjeevani.pdf,2,2,3. DEFINITIONS,,s),in charge;,
POL003_NIVA_BUPA_AROGYA_S_C0013,POL003_NIVA_BUPA_AROGYA_S,Niva_Bupa_Arogya_Sanjeevani.pdf,2,2,3. DEFINITIONS,,ii.,Having dedicated AYUSH therapy sections as required and/or has equipped operation theatre where surgical procedures are to be carried out;,
POL003_NIVA_BUPA_AROGYA_S_C0014,POL003_NIVA_BUPA_AROGYA_S,Niva_Bupa_Arogya_Sanjeevani.pdf,2,2,3. DEFINITIONS,,iii.,"Maintaining daily records of the patients and making them accessible to the insurance company’s authorized representative. 3.7. Break in Policy means the period of gap that occurs at the end of the existing policy term/instalment premium due date, when the premium due for renewal on a given policy or instalment premium due is not paid on or before the premium renewal date or grace period. 3.8. Cashless Facility means a facility extended by the insurer to the insured where the payments, of the costs of treatment undergone by the insured person in accordance with the Policy terms and conditions, are directly made to the network provider by the insurer to the extent pre-authorization is approved. 3.9. Condition Precedent means a Policy term or condition upon which the Company ‘s liability under the Policy is conditional upon. 3.10. Congenital Anomaly refers to a condition(s) which is present since birth, and which is abnormal with reference to form, structure or position.",
POL003_NIVA_BUPA_AROGYA_S_C0015,POL003_NIVA_BUPA_AROGYA_S,Niva_Bupa_Arogya_Sanjeevani.pdf,2,2,3. DEFINITIONS,,i.,Internal Congenital Anomaly Congenital anomaly which is not in the visible and accessible parts of the body.,
POL003_NIVA_BUPA_AROGYA_S_C0016,POL003_NIVA_BUPA_AROGYA_S,Niva_Bupa_Arogya_Sanjeevani.pdf,2,2,3. DEFINITIONS,,ii.,"External Congenital Anomaly Congenital anomaly which is in the visible and accessible parts of the body. 3.11. Co-payment means a cost sharing requirement under a health insurance policy that provides that the policyholder/insured will bear a specified percentage of the admissible claims amount. A co payment does not reduce the Sum Insured. 3.12. Cumulative Bonus means any increase or addition in the Sum Insured granted by the insurer without an associated increase in premium. 3.13. Day Care Centre means any institution established for day care treatment of disease/ injuries or a medical setup within a hospital and which has been registered with the local authorities, wherever applicable, and is under the supervision of a registered and qualified medical practitioner AND must comply with all minimum criteria as under:",
POL003_NIVA_BUPA_AROGYA_S_C0017,POL003_NIVA_BUPA_AROGYA_S,Niva_Bupa_Arogya_Sanjeevani.pdf,2,2,3. DEFINITIONS,,i.,has qualified nursing staff under its employment;,
POL003_NIVA_BUPA_AROGYA_S_C0018,POL003_NIVA_BUPA_AROGYA_S,Niva_Bupa_Arogya_Sanjeevani.pdf,2,2,3. DEFINITIONS,,ii.,has qualified medical practitioner(,
POL003_NIVA_BUPA_AROGYA_S_C0019,POL003_NIVA_BUPA_AROGYA_S,Niva_Bupa_Arogya_Sanjeevani.pdf,2,2,3. DEFINITIONS,,s),in charge;,
POL003_NIVA_BUPA_AROGYA_S_C0020,POL003_NIVA_BUPA_AROGYA_S,Niva_Bupa_Arogya_Sanjeevani.pdf,2,2,3. DEFINITIONS,,iii.,has a fully equipped operation theatre of its own where surgical procedures are carried out,
POL003_NIVA_BUPA_AROGYA_S_C0021,POL003_NIVA_BUPA_AROGYA_S,Niva_Bupa_Arogya_Sanjeevani.pdf,2,2,3. DEFINITIONS,,iv.,"maintains daily records of patients and shall make these accessible to the Company’s authorized personnel. 3.14. Day Care Treatment means medical treatment, and/or surgical procedure which is:",
POL003_NIVA_BUPA_AROGYA_S_C0022,POL003_NIVA_BUPA_AROGYA_S,Niva_Bupa_Arogya_Sanjeevani.pdf,2,2,3. DEFINITIONS,,i.,"undertaken under general or local anesthesia in a hospital/day care centre in less than twenty four hours because of technological advancement, and",
POL003_NIVA_BUPA_AROGYA_S_C0023,POL003_NIVA_BUPA_AROGYA_S,Niva_Bupa_Arogya_Sanjeevani.pdf,2,3,3. DEFINITIONS,,ii.,"which would have otherwise required a hospitalisation of more than twenty four hours. Treatment normally taken on an outpatient basis is not included in the scope of this definition. 3.15. Dental Treatment means a treatment carried out by a dental practitioner including examinations, fillings (where appropriate), crowns, extractions and surgery. Product Name: Arogya Sanjeevani, Niva Bupa Health Insurance Co. Ltd. Product UIN: NBHHLIP27056V042627 3.16. Disclosure to information norm: The policy shall be void and all premium paid thereon shall be forfeited to the Company in the event of misrepresentation, mis-description or non-disclosure of any material fact. 3.17. Emergency Care: Emergency care means management for an illness or injury which results in symptoms which occur suddenly and unexpectedly, and requires immediate care by a medical practitioner to prevent death or serious long term impairment of the insured person’s health. 3.18. Family means, the Family that consists of the proposer and any one or more of the family members as mentioned below:",
POL003_NIVA_BUPA_AROGYA_S_C0024,POL003_NIVA_BUPA_AROGYA_S,Niva_Bupa_Arogya_Sanjeevani.pdf,3,3,3. DEFINITIONS,,i.,legally wedded spouse.,
POL003_NIVA_BUPA_AROGYA_S_C0025,POL003_NIVA_BUPA_AROGYA_S,Niva_Bupa_Arogya_Sanjeevani.pdf,3,3,3. DEFINITIONS,,ii.,Parents and Parents-in-law.,
POL003_NIVA_BUPA_AROGYA_S_C0026,POL003_NIVA_BUPA_AROGYA_S,Niva_Bupa_Arogya_Sanjeevani.pdf,3,3,3. DEFINITIONS,,iii.,Dependent Children (i.,
POL003_NIVA_BUPA_AROGYA_S_C0027,POL003_NIVA_BUPA_AROGYA_S,Niva_Bupa_Arogya_Sanjeevani.pdf,3,3,3. DEFINITIONS,,e.,"natural or legally adopted) between the age 3 months to 25 years. If the child above 18 years of age is financially independent, he or she shall be ineligible for coverage in the subsequent renewals. 3.19. Grace Period means the specified period of time, immediately following the premium due date during which premium payment can be made to renew or continue a policy in force without loss of continuity benefits pertaining to waiting periods and coverage of preexisting diseases. Coverage need not be available during the period for which no premium is received. The grace period for payment of the premium for all types of insurance policies shall be: fifteen days where premium payment mode is monthly and thirty days in all other cases. Provided the insurers shall offer coverage during the grace period, if the premium is paid in instalments during the policy period. 3.20. Hospital means any institution established for in-patient care and day care treatment of disease/ injuries and which has been registered as a hospital with the local authorities under the Clinical Establishments (Registration and Regulation) Act, 2010 or under the enactments specified under Schedule of Section 56(1) of the said Act, OR complies with all minimum criteria as under:",
POL003_NIVA_BUPA_AROGYA_S_C0028,POL003_NIVA_BUPA_AROGYA_S,Niva_Bupa_Arogya_Sanjeevani.pdf,3,3,3. DEFINITIONS,,i.,has qualified nursing staff under its employment round the clock;,
POL003_NIVA_BUPA_AROGYA_S_C0029,POL003_NIVA_BUPA_AROGYA_S,Niva_Bupa_Arogya_Sanjeevani.pdf,3,3,3. DEFINITIONS,,ii.,"has at least ten inpatient beds, in those towns having a population of less than ten lakhs and fifteen in-patient beds in all other places;",
POL003_NIVA_BUPA_AROGYA_S_C0030,POL003_NIVA_BUPA_AROGYA_S,Niva_Bupa_Arogya_Sanjeevani.pdf,3,3,3. DEFINITIONS,,iii.,has qualified medical practitioner(,
POL003_NIVA_BUPA_AROGYA_S_C0031,POL003_NIVA_BUPA_AROGYA_S,Niva_Bupa_Arogya_Sanjeevani.pdf,3,3,3. DEFINITIONS,,s),in charge round the clock;,
POL003_NIVA_BUPA_AROGYA_S_C0032,POL003_NIVA_BUPA_AROGYA_S,Niva_Bupa_Arogya_Sanjeevani.pdf,3,3,3. DEFINITIONS,,iv.,has a fully equipped operation theatre of its own where surgical procedures are carried out,
POL003_NIVA_BUPA_AROGYA_S_C0033,POL003_NIVA_BUPA_AROGYA_S,Niva_Bupa_Arogya_Sanjeevani.pdf,3,3,3. DEFINITIONS,,v.,"maintains daily records of patients and shall make these accessible to the Company’s authorized personnel. 3.21. Hospitalisation means admission in a hospital for a minimum period of twenty-four (24) consecutive ‘In-patient care’ hours except for specified procedures/ treatments, where such admission could be for a period of less than twenty four (24) consecutive hours. 3.22. Illness means a sickness or a disease or pathological condition leading to the impairment of normal physiological function which manifests itself during the policy period and requires medical treatment.",
POL003_NIVA_BUPA_AROGYA_S_C0034,POL003_NIVA_BUPA_AROGYA_S,Niva_Bupa_Arogya_Sanjeevani.pdf,3,3,3. DEFINITIONS,,i.,"Acute Condition means a disease, illness or injury that is likely to response quickly to treatment which aims to return the person to his or her state of health immediately before suffering the disease/ illness/ injury which leads to full recovery.",
POL003_NIVA_BUPA_AROGYA_S_C0035,POL003_NIVA_BUPA_AROGYA_S,Niva_Bupa_Arogya_Sanjeevani.pdf,3,3,3. DEFINITIONS,,ii.,"Chronic Condition means a disease, illness, or injury that has one or more of the following characteristics",
POL003_NIVA_BUPA_AROGYA_S_C0036,POL003_NIVA_BUPA_AROGYA_S,Niva_Bupa_Arogya_Sanjeevani.pdf,3,3,3. DEFINITIONS,,a.,"it needs ongoing or long-term monitoring through consultations, examinations, check-ups, and/or tests",
POL003_NIVA_BUPA_AROGYA_S_C0037,POL003_NIVA_BUPA_AROGYA_S,Niva_Bupa_Arogya_Sanjeevani.pdf,3,3,3. DEFINITIONS,,b.,it needs ongoing or long-term control or relief of symptoms,
POL003_NIVA_BUPA_AROGYA_S_C0038,POL003_NIVA_BUPA_AROGYA_S,Niva_Bupa_Arogya_Sanjeevani.pdf,3,3,3. DEFINITIONS,,c.,it requires rehabilitation for the patient or for the patient to be special trained to cope with it,
POL003_NIVA_BUPA_AROGYA_S_C0039,POL003_NIVA_BUPA_AROGYA_S,Niva_Bupa_Arogya_Sanjeevani.pdf,3,3,3. DEFINITIONS,,d.,it continues indefinitely,
POL003_NIVA_BUPA_AROGYA_S_C0040,POL003_NIVA_BUPA_AROGYA_S,Niva_Bupa_Arogya_Sanjeevani.pdf,3,4,3. DEFINITIONS,,e.,"it recurs or is likely to recur 3.23. Injury means accidental physical bodily harm excluding illness or disease solely and directly caused by external, violent and visible and evident means which is verified and certified by a medical practitioner. Product Name: Arogya Sanjeevani, Niva Bupa Health Insurance Co. Ltd. Product UIN: NBHHLIP27056V042627 3.24. In-Patient Care means treatment for which the insured person has to stay in a hospital for more than 24 hours for a covered event.",
POL003_NIVA_BUPA_AROGYA_S_C0041,POL003_NIVA_BUPA_AROGYA_S,Niva_Bupa_Arogya_Sanjeevani.pdf,4,4,3. DEFINITIONS,,25.,Insured Person means person(,
POL003_NIVA_BUPA_AROGYA_S_C0042,POL003_NIVA_BUPA_AROGYA_S,Niva_Bupa_Arogya_Sanjeevani.pdf,4,4,3. DEFINITIONS,,s),"named in the schedule of the Policy. 3.26. Intensive Care Unit means an identified section, ward or wing of a hospital which is under the constant supervision of a dedicated medical practitioner(s), and which is specially equipped for the continuous monitoring and treatment of patients who are in a critical condition, or require life support facilities and where the level of care and supervision is considerably more sophisticated and intensive than in the ordinary and other wards. 3.27. ICU (Intensive Care Unit) Charges means the amount charged by a Hospital towards ICU expenses on a per day basis which shall include the expenses for ICU bed, general medical support services provided to any ICU patient including monitoring devices, critical care nursing and intensivist charges. 3.28. Medical Advice means any consultation or advice from a Medical Practitioner including the issue of any prescription or follow up prescription. 3.29. Medical Expenses means those expenses that an insured person has necessarily and actually incurred for medical treatment on account of illness or accident on the advice of a medical practitioner, as long as these are no more than would have been payable if the insured person had not been insured and no more than other hospitals or doctors in the same locality would have charged for the same medical treatment. 3.30. Medical Practitioner means a person who holds a valid registration from the Medical Council of any state or National Medical Commission or Council for Indian Medicine or for Homeopathy set up by the Government of India or a State Government and is thereby entitled to practice medicine within its jurisdiction; and is acting within the scope and jurisdiction of the licence. 3.31. Medically Necessary Treatment means any treatment, tests, medication, or stay in hospital or part of a stay in hospital which",
POL003_NIVA_BUPA_AROGYA_S_C0043,POL003_NIVA_BUPA_AROGYA_S,Niva_Bupa_Arogya_Sanjeevani.pdf,4,4,3. DEFINITIONS,,i.,is required for the medical management of illness or injury suffered by the insured;,
POL003_NIVA_BUPA_AROGYA_S_C0044,POL003_NIVA_BUPA_AROGYA_S,Niva_Bupa_Arogya_Sanjeevani.pdf,4,4,3. DEFINITIONS,,ii.,"must not exceed the level of care necessary to provide safe, adequate and appropriate medical care in scope, duration, or intensity;",
POL003_NIVA_BUPA_AROGYA_S_C0045,POL003_NIVA_BUPA_AROGYA_S,Niva_Bupa_Arogya_Sanjeevani.pdf,4,4,3. DEFINITIONS,,iii.,must have been prescribed by a medical practitioner;,
POL003_NIVA_BUPA_AROGYA_S_C0046,POL003_NIVA_BUPA_AROGYA_S,Niva_Bupa_Arogya_Sanjeevani.pdf,4,4,3. DEFINITIONS,,iv.,"must conform to the professional standards widely accepted in international medical practice or by the medical community in India. 3.32. Migration means a facility provided to policyholders, the right accorded to health insurance policy holders (including all members under family cover and group policies, to transfer the credit gained for pre-existing conditions and specific waiting periods from one health insurance policy to another with the same insurer 3.36. Out-Patient (OPD) Treatment means treatment in which the insured visits a clinic/ hospital or associated facility like a consultation room for diagnosis and treatment based on the advice of a medical practitioner. The insured is not admitted as a day care or inpatient. 3.37. Pre-Existing Disease (PED): Pre existing disease means any condition, ailment, injury or disease",
POL003_NIVA_BUPA_AROGYA_S_C0047,POL003_NIVA_BUPA_AROGYA_S,Niva_Bupa_Arogya_Sanjeevani.pdf,4,4,3. DEFINITIONS,,i.,"That is/are diagnosed by a physician not more than 36 months prior to the date of commencement of the policy issued by the insurer, or",
POL003_NIVA_BUPA_AROGYA_S_C0048,POL003_NIVA_BUPA_AROGYA_S,Niva_Bupa_Arogya_Sanjeevani.pdf,4,5,3. DEFINITIONS,,ii.,"For which medical advice or treatment was recommended by, or received from, a physician,, not more than 36 months prior to the date of commencement of the policy 3.33. Network Provider means hospitals en listed by insurer, TPA or jointly by an insurer and TPA to provide medical services to an insured by a cashless facility. 3.34. Non- Network Provider means any hospital that is not part of the network. 3.35. Notification of Claim means the process of intimating a claim to the Insurer or TPA through any of the recognized modes of communication. Nominee means a person named in the policy schedule or as declared with Policyholder who is nominated to receive the benefits under this Policy in accordance with terms of the Policy, if the Insured Person is deceased. Product Name: Arogya Sanjeevani, Niva Bupa Health Insurance Co. Ltd. Product UIN: NBHHLIP27056V042627 3.38. Pre-hospitalisation Medical Expenses means medical expenses incurred during the period of 30days preceding the hospitalisation of the Insured Person, provided that:",
POL003_NIVA_BUPA_AROGYA_S_C0049,POL003_NIVA_BUPA_AROGYA_S,Niva_Bupa_Arogya_Sanjeevani.pdf,5,5,3. DEFINITIONS,,i.,"Such Medical Expenses are incurred for the same condition for which the Insured Person ‘s Hospitalisation was required, and",
POL003_NIVA_BUPA_AROGYA_S_C0050,POL003_NIVA_BUPA_AROGYA_S,Niva_Bupa_Arogya_Sanjeevani.pdf,5,5,3. DEFINITIONS,,ii.,The In-patient Hospitalisation claim for such Hospitalisation is admissible by the Insurance Company. 3.39. Post-hospitalisation Medical Expenses means medical expenses incurred during the period of 60 days immediately after the insured person is discharged from the hospital provided that:,
POL003_NIVA_BUPA_AROGYA_S_C0051,POL003_NIVA_BUPA_AROGYA_S,Niva_Bupa_Arogya_Sanjeevani.pdf,5,5,3. DEFINITIONS,,i.,"Such Medical Expenses are for the same condition for which the insured person ‘s hospitalisation was required, and",
POL003_NIVA_BUPA_AROGYA_S_C0052,POL003_NIVA_BUPA_AROGYA_S,Niva_Bupa_Arogya_Sanjeevani.pdf,5,5,3. DEFINITIONS,,ii.,"The inpatient hospitalisation claim for such hospitalisation is admissible by the Insurance Company. 3.40. Policy means these Policy wordings, the Policy Schedule and any applicable endorsements or extensions attaching to or forming part thereof. The Policy contains details of the extent of cover available to the Insured person, what is excluded from the cover and the terms & conditions on which the Policy is issued to the Insured person. 3.41. Policy period means period of one policy year as mentioned in the schedule for which the Policy is issued. 3.42. Policy Schedule means the Policy Schedule attached to and forming part of Policy. 3.43. Policy year means a period of twelve months beginning from the date of commencement of the policy period and ending on the last day of such twelve-month period. For the purpose of subsequent years, policy year shall mean a period of twelve months commencing from the end of the previous policy year and lapsing on the last day of such twelve-month period, till the policy period, as mentioned in the schedule. 3.44. Portability means a facility provided to the health insurance policyholders (including all members under family cover), to transfer the credits gained for, pre-existing disease and specific waiting periods from one insurer to another. 3.45. Qualified Nurse means a person who holds a valid registration from the Nursing Council of India or the Nursing Council of any state in India. 3.46. Renewal: Renewal means the terms on which the contract of insurance can be renewed on mutual consent with a provision of grace period for treating the renewal continuous for the purpose of gaining credit for pre-existing diseases, time-bound exclusions and for all waiting periods. 3.47. Room Rent means the amount charged by a hospital towards Room and Boarding expenses and shall include the associated medical expenses. 3.48. Sub-limit means a cost sharing requirement under a health insurance policy in which an insurer wouId not be Iiable to pay any amount in excess of the pre-defined Iimit. 3.49. Sum Insured means the pre-defined limit specified in the Policy Schedule. Sum Insured and Cumulative Bonus represents the maximum, total and cumulative liability for any and all claims made under the Policy, in respect of that Insured Person (on Individual basis) or all Insured Persons (on Floater basis) during the Policy Year.",
POL003_NIVA_BUPA_AROGYA_S_C0053,POL003_NIVA_BUPA_AROGYA_S,Niva_Bupa_Arogya_Sanjeevani.pdf,5,5,3. DEFINITIONS,,50.,Surgery or Surgical Procedure means manual and/or operative procedure(,
POL003_NIVA_BUPA_AROGYA_S_C0054,POL003_NIVA_BUPA_AROGYA_S,Niva_Bupa_Arogya_Sanjeevani.pdf,5,6,3. DEFINITIONS,,s),"required for treatment of an illness or injury, correction of deformities and defects, diagnosis and cure of diseases, relief of suffering and prolongation of life, performed in a hospital or day care centre by a medical practitioner. 3.51. Third Party Administrator (TPA) means a Company registered with the Authority, and engaged by an insurer, for a fee or by whatever name called and as may be mentioned in the health services agreement, for providing health services. 3.52. Waiting Period means a period from the inception of this Policy during which specified diseases/treatments are not covered. On completion of the period, diseases/treatments shall be covered provided the Policy has been continuously renewed without any break. Product Name: Arogya Sanjeevani, Niva Bupa Health Insurance Co. Ltd. Product UIN: NBHHLIP27056V042627",
POL003_NIVA_BUPA_AROGYA_S_C0055,POL003_NIVA_BUPA_AROGYA_S,Niva_Bupa_Arogya_Sanjeevani.pdf,6,6,4. COVERAGE,,,"The covers listed below are in-built Policy benefits and shall be available to all Insured Persons in accordance with the procedures set out in this Policy. 4.1. Hospitalization The Company shall indemnify medical expenses incurred for Hospitalization of the Insured Person during the Policy year, up to the Sum Insured and Cumulative Bonus specified in the policy schedule, for,",
POL003_NIVA_BUPA_AROGYA_S_C0056,POL003_NIVA_BUPA_AROGYA_S,Niva_Bupa_Arogya_Sanjeevani.pdf,6,6,4. COVERAGE,,i.,"Room Rent, Boarding, Nursing Expenses as provided by the Hospital/ Nursing Home up to 2% of the sum insured subject to maximum of Rs.5000/- per day.",
POL003_NIVA_BUPA_AROGYA_S_C0057,POL003_NIVA_BUPA_AROGYA_S,Niva_Bupa_Arogya_Sanjeevani.pdf,6,6,4. COVERAGE,,ii.,"Intensive Care Unit (ICU) / Intensive Cardiac Care Unit (ICCU) expenses up to 5% of sum insured subject to maximum of Rs. 10,000/- per day.",
POL003_NIVA_BUPA_AROGYA_S_C0058,POL003_NIVA_BUPA_AROGYA_S,Niva_Bupa_Arogya_Sanjeevani.pdf,6,6,4. COVERAGE,,iii.,"Surgeon, Anesthetist, Medical Practitioner, Consultants, Specialist Fees whether paid directly to the treating doctor / surgeon or to the hospital",
POL003_NIVA_BUPA_AROGYA_S_C0059,POL003_NIVA_BUPA_AROGYA_S,Niva_Bupa_Arogya_Sanjeevani.pdf,6,6,4. COVERAGE,,iv.,"Anesthesia, blood, oxygen, operation theatre charges, surgical appliances, medicines and drugs, costs towards diagnostics, diagnostic imaging modalities and such similar other expenses. 4.1.1 Other expenses:",
POL003_NIVA_BUPA_AROGYA_S_C0060,POL003_NIVA_BUPA_AROGYA_S,Niva_Bupa_Arogya_Sanjeevani.pdf,6,6,4. COVERAGE,,i.,Expenses incurred on treatment of cataract subject to the sub limits,
POL003_NIVA_BUPA_AROGYA_S_C0061,POL003_NIVA_BUPA_AROGYA_S,Niva_Bupa_Arogya_Sanjeevani.pdf,6,6,4. COVERAGE,,ii.,"Dental treatment, necessitated due to disease or injury",
POL003_NIVA_BUPA_AROGYA_S_C0062,POL003_NIVA_BUPA_AROGYA_S,Niva_Bupa_Arogya_Sanjeevani.pdf,6,6,4. COVERAGE,,iii.,Plastic surgery necessitated due to disease or injury,
POL003_NIVA_BUPA_AROGYA_S_C0063,POL003_NIVA_BUPA_AROGYA_S,Niva_Bupa_Arogya_Sanjeevani.pdf,6,6,4. COVERAGE,,iv.,All the day care treatments,
POL003_NIVA_BUPA_AROGYA_S_C0064,POL003_NIVA_BUPA_AROGYA_S,Niva_Bupa_Arogya_Sanjeevani.pdf,6,6,4. COVERAGE,,v.,Expenses incurred on road Ambulance subject to a maximum of Rs.2000/- per hospitalisation.,
POL003_NIVA_BUPA_AROGYA_S_C0065,POL003_NIVA_BUPA_AROGYA_S,Niva_Bupa_Arogya_Sanjeevani.pdf,6,6,4. COVERAGE,Note,1.,"Expenses of Hospitalization for a minimum period of 24 consecutive hours only shall be admissible. However, the time limit shall not apply in respect of Day Care Treatment.",
POL003_NIVA_BUPA_AROGYA_S_C0066,POL003_NIVA_BUPA_AROGYA_S,Niva_Bupa_Arogya_Sanjeevani.pdf,6,7,4. COVERAGE,Note,2.,"If the Insured Person is admitted in a room / ICU / ICCU at rates exceeding the aforesaid limits, then We shall be liable to pay only a pro-rated portion of the total Associated Medical Expenses (including surcharge or taxes thereon) as per the following formula: (eligible Room limit / Room Rent actually incurred) * total Associated Medical Expenses Associated Medical Expenses shall include Room Rent, nursing charges, Medical Practitioners’ fees and operation theatre charges 4.2. AYUSH Treatment The Company shall indemnify medical expenses incurred for inpatient care treatment under Ayurveda, Yoga and Naturopathy, Unani, Siddha and Homeopathy systems of medicines during each Policy Year up to the Iimit of sum insured as specified in the policy schedule in any AYUSH Hospital. 4.3. Cataract Treatment The Company shall indemnify medical expenses incurred for treatment of Cataract, subject to a limit of 25% of Sum Insured or Rs. 40,000/-, whichever is lower, per each eye in one policy year. 4.4. Pre Hospitalization The company shall indemnify pre-hospitalization medical expenses incurred, related to an admissible hospitalization requiring in patient care, for a fixed period of 30 days prior to the date of admissible hospitalization covered under the policy. Product Name: Arogya Sanjeevani, Niva Bupa Health Insurance Co. Ltd. Product UIN: NBHHLIP27056V042627 4.5. Post Hospitalisation The company shall indemnify post-hospitalization medical expenses incurred, related to an admissible hospitalization requiring in patient care, for a fixed period of 60 days from the date of discharge from the hospital, following an admissible hospitalization covered under the policy. 4.6. The following procedures will be covered (wherever medically indicated) either as inpatient or as part of day care treatment in a hospital up to 50% of Sum Insured, specified in the policy schedule, during the policy period: A. Uterine Artery Embolization and HIFU (High Intensity Focused Ultrasound) B. Balloon Sinuplasty C. Deep Brain Stimulation D. Oral Chemotherapy E. lmmunotherapy- Monoclonal Antibody to be given as injection F. Intra Vitreal Injections G. Robotic Surgeries H. Stereotactic Radio Surgeries I. Bronchical Thermoplasty J. Vaporisation of the Prostrate (Green Laser treatment or Holmium Laser Treatment) K. IONM (Intra Operative Neuro Monitoring) L. Stem Cell Therapy: Hematopoietic stem cells for bone marrow transplant for haematological conditions to be covered. 4.7. The expenses that are not covered in this policy are placed under List-I of Annexure-A. The list of expenses that are to be subsumed into room charges, or procedure charges or costs of treatment are placed under List-II, List-III and List-IV of Annexure-A respectively.",
POL003_NIVA_BUPA_AROGYA_S_C0067,POL003_NIVA_BUPA_AROGYA_S,Niva_Bupa_Arogya_Sanjeevani.pdf,7,7,4. COVERAGE,Note,5.,"CUMULATIVE BONUS (CB) Cumulative Bonus will be increased by 5% in respect of each claim free policy year (where no claims are reported), provided the policy is renewed with the company without a break subject to maximum of 50% of the sum insured under the current policy year. If a claim is made in any particular year, the cumulative bonus accrued shall be reduced at the same rate at which it has accrued. However, sum insured will be maintained and will not be reduced in the policy year.",
POL003_NIVA_BUPA_AROGYA_S_C0068,POL003_NIVA_BUPA_AROGYA_S,Niva_Bupa_Arogya_Sanjeevani.pdf,7,7,4. COVERAGE,Notes,i.,"In case where the policy is on individual basis, the CB shall be added and available individually to the insured person if no claim has been reported. CB shall reduce only in case of claim from the same Insured Person.",
POL003_NIVA_BUPA_AROGYA_S_C0069,POL003_NIVA_BUPA_AROGYA_S,Niva_Bupa_Arogya_Sanjeevani.pdf,7,7,4. COVERAGE,Notes,ii.,"In case where the policy is on floater basis, the CB shall be added and available to the family on floater basis, provided no claim has been reported from any member of the family. CB shall reduce in case of claim from any of the Insured Persons.",
POL003_NIVA_BUPA_AROGYA_S_C0070,POL003_NIVA_BUPA_AROGYA_S,Niva_Bupa_Arogya_Sanjeevani.pdf,7,7,4. COVERAGE,Notes,iii.,CB shall be available only if the Policy is renewed / premium paid within the Grace Period.,
POL003_NIVA_BUPA_AROGYA_S_C0071,POL003_NIVA_BUPA_AROGYA_S,Niva_Bupa_Arogya_Sanjeevani.pdf,7,7,4. COVERAGE,Notes,iv.,"If the Insured Persons in the expiring policy are covered on an individual basis as specified in the Policy Schedule and there is an accumulated CB for such Insured Person under the expiring policy, and such expiring policy has been Renewed on a floater policy basis as specified in the Policy Schedule then the CB to be carried forward for credit in such Renewed Policy shall be the one that is applicable to the lowest among all the Insured Persons.",
POL003_NIVA_BUPA_AROGYA_S_C0072,POL003_NIVA_BUPA_AROGYA_S,Niva_Bupa_Arogya_Sanjeevani.pdf,7,8,4. COVERAGE,Notes,v.,"In case of floater policies where Insured Persons Renew their expiring policy by splitting the Sum Insured in to two or more floater policies/ individual policies or in cases where the policy is split due to the child attaining the age of 25 years, the CB of the expiring policy shall be apportioned to such Renewed Policies in the proportion of the Sum Insured of each Renewed Policy. Product Name: Arogya Sanjeevani, Niva Bupa Health Insurance Co. Ltd. Product UIN: NBHHLIP27056V042627",
POL003_NIVA_BUPA_AROGYA_S_C0073,POL003_NIVA_BUPA_AROGYA_S,Niva_Bupa_Arogya_Sanjeevani.pdf,8,8,4. COVERAGE,Notes,vi.,"If the Sum Insured has been reduced at the time of Renewal, the applicable CB shall be reduced in the same proportion to the Sum Insured in current Policy.",
POL003_NIVA_BUPA_AROGYA_S_C0074,POL003_NIVA_BUPA_AROGYA_S,Niva_Bupa_Arogya_Sanjeevani.pdf,8,8,4. COVERAGE,Notes,vii.,If the Sum Insured under the Policy has been increased at the time of Renewal the CB shall be calculated on the Sum Insured of the last completed Policy Year.,
POL003_NIVA_BUPA_AROGYA_S_C0075,POL003_NIVA_BUPA_AROGYA_S,Niva_Bupa_Arogya_Sanjeevani.pdf,8,8,4. COVERAGE,Notes,viii.,"If a claim is made in the expiring Policy Year,and is notified to Us after the acceptance of Renewal premium any awarded CB shall be withdrawn.",
POL003_NIVA_BUPA_AROGYA_S_C0076,POL003_NIVA_BUPA_AROGYA_S,Niva_Bupa_Arogya_Sanjeevani.pdf,8,8,6. WAITING PERIOD,,,The Company shall not be liable to make any payment under the policy in connection with or in respect of following expenses till the expiry of waiting period mentioned below: 6.1. Pre-Existing Diseases (Code- Excl 01),
POL003_NIVA_BUPA_AROGYA_S_C0077,POL003_NIVA_BUPA_AROGYA_S,Niva_Bupa_Arogya_Sanjeevani.pdf,8,8,6. WAITING PERIOD,,a),Expenses related to the treatment of a pre-existing Disease (PED) and its direct complications shall be excluded until the expiry of 36 months of continuous coverage after the date of inception of the first policy.,
POL003_NIVA_BUPA_AROGYA_S_C0078,POL003_NIVA_BUPA_AROGYA_S,Niva_Bupa_Arogya_Sanjeevani.pdf,8,8,6. WAITING PERIOD,,b),In case of enhancement of sum insured the exclusion shall apply afresh to the extent of sum insured increase.,
POL003_NIVA_BUPA_AROGYA_S_C0079,POL003_NIVA_BUPA_AROGYA_S,Niva_Bupa_Arogya_Sanjeevani.pdf,8,8,6. WAITING PERIOD,,c),"If the Insured Person is continuously covered without any break as defined under the portability norms of the extant IRDAI (Insurance Products) Regulations 2024, then waiting period for the same would be reduced to the extent of prior coverage.",
POL003_NIVA_BUPA_AROGYA_S_C0080,POL003_NIVA_BUPA_AROGYA_S,Niva_Bupa_Arogya_Sanjeevani.pdf,8,8,6. WAITING PERIOD,,d),Coverage under the policy after the expiry of 36 months for any pre-existing disease is subject to the same being declared at the time of application and accepted by us. 6.2. 30 Day Waiting Period (Code- Excl 03),
POL003_NIVA_BUPA_AROGYA_S_C0081,POL003_NIVA_BUPA_AROGYA_S,Niva_Bupa_Arogya_Sanjeevani.pdf,8,8,6. WAITING PERIOD,,a),"Expenses related to the treatment of any illness within 30 days from the first policy commencement date shall be excluded except claims arising due to an accident, provided the same are covered.",
POL003_NIVA_BUPA_AROGYA_S_C0082,POL003_NIVA_BUPA_AROGYA_S,Niva_Bupa_Arogya_Sanjeevani.pdf,8,8,6. WAITING PERIOD,,b),"This exclusion shall not, however, apply if the Insured Person has Continuous Coverage for more than twelve months.",
POL003_NIVA_BUPA_AROGYA_S_C0083,POL003_NIVA_BUPA_AROGYA_S,Niva_Bupa_Arogya_Sanjeevani.pdf,8,8,6. WAITING PERIOD,,c),The within referred waiting period is made applicable to the enhanced sum insured in the event of granting higher sum insured subsequently. 6.3. Specific Waiting Period (Code- Excl 02),
POL003_NIVA_BUPA_AROGYA_S_C0084,POL003_NIVA_BUPA_AROGYA_S,Niva_Bupa_Arogya_Sanjeevani.pdf,8,8,6. WAITING PERIOD,,a),"Expenses related to the treatment of the following listed conditions, surgeries/treatments shall be excluded until the expiry of 24/36 months of continuous coverage, as may be the case after the date of inception of the first policy with the insurer. This exclusion shall not be applicable for claims arising due to an accident.",
POL003_NIVA_BUPA_AROGYA_S_C0085,POL003_NIVA_BUPA_AROGYA_S,Niva_Bupa_Arogya_Sanjeevani.pdf,8,8,6. WAITING PERIOD,,b),In case of enhancement of sum insured the exclusion shall apply afresh to the extent of sum insured increase.,
POL003_NIVA_BUPA_AROGYA_S_C0086,POL003_NIVA_BUPA_AROGYA_S,Niva_Bupa_Arogya_Sanjeevani.pdf,8,8,6. WAITING PERIOD,,c),"If any of the specified disease/ procedure falls under the waiting period specified for pre-existing diseases, then the longer of the two waiting periods shall apply.",
POL003_NIVA_BUPA_AROGYA_S_C0087,POL003_NIVA_BUPA_AROGYA_S,Niva_Bupa_Arogya_Sanjeevani.pdf,8,8,6. WAITING PERIOD,,d),The waiting period for listed conditions shall apply even if contracted after the policy or declared and accepted without a specific exclusion.,
POL003_NIVA_BUPA_AROGYA_S_C0088,POL003_NIVA_BUPA_AROGYA_S,Niva_Bupa_Arogya_Sanjeevani.pdf,8,8,6. WAITING PERIOD,,e),"If the Insured Person is continuously covered without any break as defined under the applicable norms on portability stipulated by IRDAI, then waiting period for the same would be reduced to the extent of prior coverage. i) 24 Months waiting period",
POL003_NIVA_BUPA_AROGYA_S_C0089,POL003_NIVA_BUPA_AROGYA_S,Niva_Bupa_Arogya_Sanjeevani.pdf,8,8,6. WAITING PERIOD,,A),Benign ENT disorders,
POL003_NIVA_BUPA_AROGYA_S_C0090,POL003_NIVA_BUPA_AROGYA_S,Niva_Bupa_Arogya_Sanjeevani.pdf,8,8,6. WAITING PERIOD,,B),Tonsillectomy,
POL003_NIVA_BUPA_AROGYA_S_C0091,POL003_NIVA_BUPA_AROGYA_S,Niva_Bupa_Arogya_Sanjeevani.pdf,8,8,6. WAITING PERIOD,,C),Adenoidectomy,
POL003_NIVA_BUPA_AROGYA_S_C0092,POL003_NIVA_BUPA_AROGYA_S,Niva_Bupa_Arogya_Sanjeevani.pdf,8,9,6. WAITING PERIOD,,D),"Mastoidectomy Product Name: Arogya Sanjeevani, Niva Bupa Health Insurance Co. Ltd. Product UIN: NBHHLIP27056V042627",
POL003_NIVA_BUPA_AROGYA_S_C0093,POL003_NIVA_BUPA_AROGYA_S,Niva_Bupa_Arogya_Sanjeevani.pdf,9,9,6. WAITING PERIOD,,E),Tympanoplasty,
POL003_NIVA_BUPA_AROGYA_S_C0094,POL003_NIVA_BUPA_AROGYA_S,Niva_Bupa_Arogya_Sanjeevani.pdf,9,9,6. WAITING PERIOD,,F),Hysterectomy,
POL003_NIVA_BUPA_AROGYA_S_C0095,POL003_NIVA_BUPA_AROGYA_S,Niva_Bupa_Arogya_Sanjeevani.pdf,9,9,6. WAITING PERIOD,,G),"All internal and external benign tumours, cysts, polyps of any kind, including benign breast lumps",
POL003_NIVA_BUPA_AROGYA_S_C0096,POL003_NIVA_BUPA_AROGYA_S,Niva_Bupa_Arogya_Sanjeevani.pdf,9,9,6. WAITING PERIOD,,H),Benign prostate hypertrophy,
POL003_NIVA_BUPA_AROGYA_S_C0097,POL003_NIVA_BUPA_AROGYA_S,Niva_Bupa_Arogya_Sanjeevani.pdf,9,9,6. WAITING PERIOD,,I),Cataract and age related eye ailments,
POL003_NIVA_BUPA_AROGYA_S_C0098,POL003_NIVA_BUPA_AROGYA_S,Niva_Bupa_Arogya_Sanjeevani.pdf,9,9,6. WAITING PERIOD,,J),Gastric/ Duodenal Ulcer,
POL003_NIVA_BUPA_AROGYA_S_C0099,POL003_NIVA_BUPA_AROGYA_S,Niva_Bupa_Arogya_Sanjeevani.pdf,9,9,6. WAITING PERIOD,,K),Gout and Rheumatism,
POL003_NIVA_BUPA_AROGYA_S_C0100,POL003_NIVA_BUPA_AROGYA_S,Niva_Bupa_Arogya_Sanjeevani.pdf,9,9,6. WAITING PERIOD,,L),Hernia of all types,
POL003_NIVA_BUPA_AROGYA_S_C0101,POL003_NIVA_BUPA_AROGYA_S,Niva_Bupa_Arogya_Sanjeevani.pdf,9,9,6. WAITING PERIOD,,M),Hydrocele,
POL003_NIVA_BUPA_AROGYA_S_C0102,POL003_NIVA_BUPA_AROGYA_S,Niva_Bupa_Arogya_Sanjeevani.pdf,9,9,6. WAITING PERIOD,,N),Non Infective Arthritis,
POL003_NIVA_BUPA_AROGYA_S_C0103,POL003_NIVA_BUPA_AROGYA_S,Niva_Bupa_Arogya_Sanjeevani.pdf,9,9,6. WAITING PERIOD,,O),"Piles, Fissures and Fistula in anus",
POL003_NIVA_BUPA_AROGYA_S_C0104,POL003_NIVA_BUPA_AROGYA_S,Niva_Bupa_Arogya_Sanjeevani.pdf,9,9,6. WAITING PERIOD,,P),"Pilonidal sinus, Sinusitis and related disorders",
POL003_NIVA_BUPA_AROGYA_S_C0105,POL003_NIVA_BUPA_AROGYA_S,Niva_Bupa_Arogya_Sanjeevani.pdf,9,9,6. WAITING PERIOD,,Q),Prolapse inter Vertebral Disc and Spinal Diseases unless arising from accident,
POL003_NIVA_BUPA_AROGYA_S_C0106,POL003_NIVA_BUPA_AROGYA_S,Niva_Bupa_Arogya_Sanjeevani.pdf,9,9,6. WAITING PERIOD,,R),"Calculi in urinary system, Gall Bladder and Bile duct, excluding malignancy.",
POL003_NIVA_BUPA_AROGYA_S_C0107,POL003_NIVA_BUPA_AROGYA_S,Niva_Bupa_Arogya_Sanjeevani.pdf,9,9,6. WAITING PERIOD,,S),Varicose Veins and Varicose Ulcers,
POL003_NIVA_BUPA_AROGYA_S_C0108,POL003_NIVA_BUPA_AROGYA_S,Niva_Bupa_Arogya_Sanjeevani.pdf,9,9,6. WAITING PERIOD,,T),Internal Congenital Anomalies ii) 36 Months waiting period,
POL003_NIVA_BUPA_AROGYA_S_C0109,POL003_NIVA_BUPA_AROGYA_S,Niva_Bupa_Arogya_Sanjeevani.pdf,9,9,6. WAITING PERIOD,A) Treatment for joint replacement unless arising from accident,B),Age-related Osteoarthritis & Osteoporosis,
POL003_NIVA_BUPA_AROGYA_S_C0110,POL003_NIVA_BUPA_AROGYA_S,Niva_Bupa_Arogya_Sanjeevani.pdf,9,9,7. EXCLUSIONS,,,"The Company shall not be liable to make any payment under the policy, in respect of any expenses incurred in connection with or in respect of: 7.1. Investigation & Evaluation (Code- Excl04)",
POL003_NIVA_BUPA_AROGYA_S_C0111,POL003_NIVA_BUPA_AROGYA_S,Niva_Bupa_Arogya_Sanjeevani.pdf,9,9,7. EXCLUSIONS,,a),Expenses related to any admission primarily for diagnostics and evaluation purposes.,
POL003_NIVA_BUPA_AROGYA_S_C0112,POL003_NIVA_BUPA_AROGYA_S,Niva_Bupa_Arogya_Sanjeevani.pdf,9,9,7. EXCLUSIONS,,b),Any diagnostic expenses which are not related or not incidental to the current diagnosis and treatment.,
POL003_NIVA_BUPA_AROGYA_S_C0113,POL003_NIVA_BUPA_AROGYA_S,Niva_Bupa_Arogya_Sanjeevani.pdf,9,9,7. EXCLUSIONS,,c),"Expenses towards any treatment which are not Medically Necessary Treatment, shall not be payable 7.2. Rest Cure, rehabilitation and respite care (Code- Excl05)",
POL003_NIVA_BUPA_AROGYA_S_C0114,POL003_NIVA_BUPA_AROGYA_S,Niva_Bupa_Arogya_Sanjeevani.pdf,9,9,7. EXCLUSIONS,,a),Expenses related to any admission primarily for enforced bed rest and not for receiving treatment. This also includes:,
POL003_NIVA_BUPA_AROGYA_S_C0115,POL003_NIVA_BUPA_AROGYA_S,Niva_Bupa_Arogya_Sanjeevani.pdf,9,9,7. EXCLUSIONS,,i),"Custodial care either at home or in a nursing facility for personal care such as help with activities of daily living such as bathing, dressing, moving around either by skilled nurses or assistant or non-skilled persons.",
POL003_NIVA_BUPA_AROGYA_S_C0116,POL003_NIVA_BUPA_AROGYA_S,Niva_Bupa_Arogya_Sanjeevani.pdf,9,9,7. EXCLUSIONS,,ii),"Any services for people who are terminally ill to address physical, social, emotional and spiritual needs. 7.3. Obesity/ Weight Control (Code- Excl06) Expenses related to the surgical treatment of obesity that does not fulfil all the below conditions:",
POL003_NIVA_BUPA_AROGYA_S_C0117,POL003_NIVA_BUPA_AROGYA_S,Niva_Bupa_Arogya_Sanjeevani.pdf,9,9,7. EXCLUSIONS,,1),Surgery to be conducted is upon the advice of the Doctor.,
POL003_NIVA_BUPA_AROGYA_S_C0118,POL003_NIVA_BUPA_AROGYA_S,Niva_Bupa_Arogya_Sanjeevani.pdf,9,9,7. EXCLUSIONS,,2),The surgery/ Procedure conducted should be supported by clinical protocols.,
POL003_NIVA_BUPA_AROGYA_S_C0119,POL003_NIVA_BUPA_AROGYA_S,Niva_Bupa_Arogya_Sanjeevani.pdf,9,10,7. EXCLUSIONS,,3),"The member has to be 18 years of age or older and Product Name: Arogya Sanjeevani, Niva Bupa Health Insurance Co. Ltd. Product UIN: NBHHLIP27056V042627",
POL003_NIVA_BUPA_AROGYA_S_C0120,POL003_NIVA_BUPA_AROGYA_S,Niva_Bupa_Arogya_Sanjeevani.pdf,10,10,7. EXCLUSIONS,,4),Body Mass Index (BMI):,
POL003_NIVA_BUPA_AROGYA_S_C0121,POL003_NIVA_BUPA_AROGYA_S,Niva_Bupa_Arogya_Sanjeevani.pdf,10,10,7. EXCLUSIONS,,a),greater than or equal to 40 or,
POL003_NIVA_BUPA_AROGYA_S_C0122,POL003_NIVA_BUPA_AROGYA_S,Niva_Bupa_Arogya_Sanjeevani.pdf,10,10,7. EXCLUSIONS,,b),greater than or equal to 35 in conjunction with any of the following severe co-morbidities following failure of less invasive methods of weight loss:,
POL003_NIVA_BUPA_AROGYA_S_C0123,POL003_NIVA_BUPA_AROGYA_S,Niva_Bupa_Arogya_Sanjeevani.pdf,10,10,7. EXCLUSIONS,,i),Obesity-related cardiomyopathy,
POL003_NIVA_BUPA_AROGYA_S_C0124,POL003_NIVA_BUPA_AROGYA_S,Niva_Bupa_Arogya_Sanjeevani.pdf,10,10,7. EXCLUSIONS,,ii),Coronary heart disease,
POL003_NIVA_BUPA_AROGYA_S_C0125,POL003_NIVA_BUPA_AROGYA_S,Niva_Bupa_Arogya_Sanjeevani.pdf,10,10,7. EXCLUSIONS,,iii),Severe Sleep Apnea,
POL003_NIVA_BUPA_AROGYA_S_C0126,POL003_NIVA_BUPA_AROGYA_S,Niva_Bupa_Arogya_Sanjeevani.pdf,10,11,7. EXCLUSIONS,,iv),"Uncontrolled Type 2 Diabetes 7.4. Change-of-Gender treatments (Code- Excl07) Expenses related to any treatment, including surgical management, to change characteristics of the body to those of the opposite sex. 7.5. Cosmetic or plastic Surgery (Code- Excl08) Expenses for cosmetic or plastic surgery or any treatment to change appearance unless for reconstruction following an Accident, Burn(s) or Cancer or as part of medically necessary treatment to remove a direct and immediate health risk to the insured. For this to be considered a medical necessity, it must be certified by the attending Medical Practitioner. 7.6. Hazardous or Adventure sports (Code- Excl09) Expenses related to any treatment necessitated due to participation as a professional in hazardous or adventure sports, including but not limited to, para-jumping, rock climbing, mountaineering, rafting, motor racing, horse racing or scuba diving, hand gliding, sky diving, deep-sea diving. 7.7. Breach of law (Code- Excl10) Expenses for treatment directly arising from or consequent upon any Insured Person committing or attempting to commit a breach of law with criminal intent. 7.8. Excluded Providers (Code-Excl11) Expenses incurred towards treatment in any hospital or by any Medical Practitioner or any other provider specifically excluded by the Insurer and disclosed in its website/ notified to the policyholders are not admissible. However, in case of life threatening situations or following an accident, expenses up to the stage of stabilization are payable but not the complete claim. 7.9. Treatment for, Alcoholism, drug or substance abuse or any addictive condition and consequences thereof (Code- Excl12) 7.10. Treatments received in heath hydros, nature cure clinics, spas or similar establishments or private beds registered as a nursing home attached to such establishments or where admission is arranged wholly or partly for domestic reasons. (Code- Excl13) 7.11. Dietary supplements and substances that can be purchased without prescription, including but not limited to Vitamins, minerals and organic substances unless prescribed by a medical practitioner as part of hospitalization claim or day care procedure (CodeExcl14) 7.12. Refractive Error (Code- Excl15) Expenses related to the treatment for correction of eye sight due to refractive error less than 7.5 dioptres. 7.13. Unproven Treatments (Code- Excl16) Expenses related to any unproven treatment, services and supplies for or in connection with any treatment. Unproven treatments are treatments, procedures or supplies that lack significant medical documentation to support their effectiveness. Product Name: Arogya Sanjeevani, Niva Bupa Health Insurance Co. Ltd. Product UIN: NBHHLIP27056V042627 7.14. Sterility and Infertility (Code- Excl17) Expenses related to sterility and infertility. This includes: (i) Any type of sterilization (ii) Assisted Reproduction services including artificial insemination and advanced reproductive technologies such as IVF, ZIFT, GIFT, lCSl (iii) Gestational Surrogacy (iv) Reversal of sterilization 7.15. Maternity Expenses (Code- Excl18)",
POL003_NIVA_BUPA_AROGYA_S_C0127,POL003_NIVA_BUPA_AROGYA_S,Niva_Bupa_Arogya_Sanjeevani.pdf,11,11,7. EXCLUSIONS,,i.,Medical treatment expenses traceable to child birth (including complicated deliveries and caesarean sections incurred during hospitalization) except ectopic pregnancy;,
POL003_NIVA_BUPA_AROGYA_S_C0128,POL003_NIVA_BUPA_AROGYA_S,Niva_Bupa_Arogya_Sanjeevani.pdf,11,11,7. EXCLUSIONS,,ii.,"Expenses towards miscarriage (unless due to an accident) and lawful medical termination of pregnancy during the policy period. 7.16. War (whether declared or not) and war like occurrence or invasion, acts of foreign enemies, hostilities, civil war, rebellion, revolutions, insurrections, mutiny, military or usurped power, seizure, capture, arrest, restraints and detainment of all kinds. 7.17. Nuclear, chemical or biological attack or weapons, contributed to, caused by, resulting from or from any other cause or event contributing concurrently or in any other sequence to the loss, claim or expense. For the purpose of this exclusion",
POL003_NIVA_BUPA_AROGYA_S_C0129,POL003_NIVA_BUPA_AROGYA_S,Niva_Bupa_Arogya_Sanjeevani.pdf,11,11,7. EXCLUSIONS,,a),"Nuclear attack or weapons means the use of any nuclear weapon or device or waste or combustion of nuclear fuel or the emission, discharge, dispersal, release or escape of fissile/ fusion material emitting a level of radioactivity capable of causing any Illness, incapacitating disablement or death.",
POL003_NIVA_BUPA_AROGYA_S_C0130,POL003_NIVA_BUPA_AROGYA_S,Niva_Bupa_Arogya_Sanjeevani.pdf,11,11,7. EXCLUSIONS,,b),"Chemical attack or weapons means the emission, discharge, dispersal, release or escape of any solid, liquid or gaseous chemical compound which, when suitably distributed, is capable of causing any Illness, incapacitating disablement or death.",
POL003_NIVA_BUPA_AROGYA_S_C0131,POL003_NIVA_BUPA_AROGYA_S,Niva_Bupa_Arogya_Sanjeevani.pdf,11,11,7. EXCLUSIONS,,c),"Biological attack or weapons means the emission, discharge, dispersal, release or escape of any pathogenic (disease producing) micro-organisms and/or biologically produced toxins (including genetically modified organisms and chemically synthesized toxins) which are capable of causing any Illness, incapacitating disablement or death. 7.18. Any expenses incurred on Domiciliary Hospitalization and OPD treatment 7.19. Treatment taken outside the geographical limits of India. 7.20. In respect of the existing diseases, disclosed by the insured and mentioned in the policy schedule (based on insured’s consent), policyholder is not entitled to get the coverage for specified ICD codes.",
POL003_NIVA_BUPA_AROGYA_S_C0132,POL003_NIVA_BUPA_AROGYA_S,Niva_Bupa_Arogya_Sanjeevani.pdf,11,12,8. MORATORIUM PERIOD,,,"After completion of sixty continuous months of coverage (including portability and migration) in health insurance policy, no policy and claim shall be contestable by the insurer on the grounds of non-disclosure, misrepresentation, except on grounds of established fraud. The period of sixty continuous months is called as moratorium period. The moratorium will be applicable for the sums insured of the first policy. Wherever, the sum insured is enhanced, completion of sixty continuous months would applicable from the date of enhancement of sums insured only on the enhanced limits. The policies would however be subject to all limits, sub limits, co-payments, deductibles as per the Policy contract. Note: the accrued credits gained under the ported and migrated policies shall be counted for the purpose of calculating the Moratorium Period. Product Name: Arogya Sanjeevani, Niva Bupa Health Insurance Co. Ltd. Product UIN: NBHHLIP27056V042627",
POL003_NIVA_BUPA_AROGYA_S_C0133,POL003_NIVA_BUPA_AROGYA_S,Niva_Bupa_Arogya_Sanjeevani.pdf,12,12,9. CLAIM PROCEDURE,Procedure for Cashless claims,,"(i) Treatment may be taken in a network provider and is subject to pre authorization by the Company or its authorized TPA. (ii) Cashless request form available with the network provider and TPA shall be completed and sent to the Company/TPA for authorization. (iii) The Company/ TPA upon getting cashless request form and related medical information from the insured person/ network provider will issue pre-authorization letter to the hospital after verification. (iv) At the time of discharge, the insured person has to verify and sign the discharge papers, pay for non-medical and inadmissible expenses. (v) The Company / TPA reserves the right to deny pre-authorization in case the insured person is unable to provide the relevant medical details. (vi) In case of denial of cashless access, the insured person may obtain the treatment as per treating doctor’s advice and submit the claim documents to the Company / TPA for reimbursement. Once the final authorization request is received for discharge, the same will be processed within three hours from the final documents received. In case of delay from our end, any additional amount charged by the hospital will be borne by us. This amount will be paid over and above the policy limits. Note: We offer Cashless Everywhere, even in hospitals which are not part of our network. For More details and process please visit our website: https://transactions.nivabupa.com/cashlessclaims/pages/intimation-claim.aspx 9.2.",
POL003_NIVA_BUPA_AROGYA_S_C0134,POL003_NIVA_BUPA_AROGYA_S,Niva_Bupa_Arogya_Sanjeevani.pdf,12,12,9. CLAIM PROCEDURE,Procedure for reimbursement of claims,,We shall be provided with the following necessary information and documentation in respect of all claims at Your/Insured Person’s expense at the earliest possible time 9.3. Notification of Claim Notice with full particulars shall be sent to the Company/ TPA (if applicable) as under:,
POL003_NIVA_BUPA_AROGYA_S_C0135,POL003_NIVA_BUPA_AROGYA_S,Niva_Bupa_Arogya_Sanjeevani.pdf,12,12,9. CLAIM PROCEDURE,Procedure for reimbursement of claims,i.,"Within 24hours from the date of emergency hospitalization required or before the Insured Person’s discharge from Hospital, whichever is earlier.",
POL003_NIVA_BUPA_AROGYA_S_C0136,POL003_NIVA_BUPA_AROGYA_S,Niva_Bupa_Arogya_Sanjeevani.pdf,12,12,9. CLAIM PROCEDURE,Procedure for reimbursement of claims,ii.,At least 48 hours prior to admission in Hospital in case of a planned Hospitalization. 9.4.,
POL003_NIVA_BUPA_AROGYA_S_C0137,POL003_NIVA_BUPA_AROGYA_S,Niva_Bupa_Arogya_Sanjeevani.pdf,12,12,9. CLAIM PROCEDURE,Documents to be submitted,,The reimbursement claim is to be supported with the following documents and submitted within the prescribed time limit.,
POL003_NIVA_BUPA_AROGYA_S_C0138,POL003_NIVA_BUPA_AROGYA_S,Niva_Bupa_Arogya_Sanjeevani.pdf,12,12,9. CLAIM PROCEDURE,Documents to be submitted,i.,Duly Completed claim form,
POL003_NIVA_BUPA_AROGYA_S_C0139,POL003_NIVA_BUPA_AROGYA_S,Niva_Bupa_Arogya_Sanjeevani.pdf,12,12,9. CLAIM PROCEDURE,Documents to be submitted,ii.,Photo Identity proof of the patient,
POL003_NIVA_BUPA_AROGYA_S_C0140,POL003_NIVA_BUPA_AROGYA_S,Niva_Bupa_Arogya_Sanjeevani.pdf,12,12,9. CLAIM PROCEDURE,Documents to be submitted,iii.,Medical practitioner’s prescription advising admission,
POL003_NIVA_BUPA_AROGYA_S_C0141,POL003_NIVA_BUPA_AROGYA_S,Niva_Bupa_Arogya_Sanjeevani.pdf,12,12,9. CLAIM PROCEDURE,Documents to be submitted,iv.,Original bills with itemized break-up,
POL003_NIVA_BUPA_AROGYA_S_C0142,POL003_NIVA_BUPA_AROGYA_S,Niva_Bupa_Arogya_Sanjeevani.pdf,12,12,9. CLAIM PROCEDURE,Documents to be submitted,v.,"Details of past medical history record, first and subsequent consultation",
POL003_NIVA_BUPA_AROGYA_S_C0143,POL003_NIVA_BUPA_AROGYA_S,Niva_Bupa_Arogya_Sanjeevani.pdf,12,12,9. CLAIM PROCEDURE,Documents to be submitted,vi.,Payment receipts,
POL003_NIVA_BUPA_AROGYA_S_C0144,POL003_NIVA_BUPA_AROGYA_S,Niva_Bupa_Arogya_Sanjeevani.pdf,12,12,9. CLAIM PROCEDURE,Documents to be submitted,vii.,Discharge summary (original) including complete medical history of the patient along with other details.,
POL003_NIVA_BUPA_AROGYA_S_C0145,POL003_NIVA_BUPA_AROGYA_S,Niva_Bupa_Arogya_Sanjeevani.pdf,12,12,9. CLAIM PROCEDURE,Documents to be submitted,viii.,Investigation/ Diagnostic test reports etc. supported by the prescription from attending medical practitioner.,
POL003_NIVA_BUPA_AROGYA_S_C0146,POL003_NIVA_BUPA_AROGYA_S,Niva_Bupa_Arogya_Sanjeevani.pdf,12,12,9. CLAIM PROCEDURE,Documents to be submitted,ix.,OT notes or Surgeon’s certificate giving details of the operation performed (for surgical cases).,
POL003_NIVA_BUPA_AROGYA_S_C0147,POL003_NIVA_BUPA_AROGYA_S,Niva_Bupa_Arogya_Sanjeevani.pdf,12,13,9. CLAIM PROCEDURE,Documents to be submitted,x.,"Sticker/ Invoice of the Implants (original), wherever applicable. Product Name: Arogya Sanjeevani, Niva Bupa Health Insurance Co. Ltd. Product UIN: NBHHLIP27056V042627",
POL003_NIVA_BUPA_AROGYA_S_C0148,POL003_NIVA_BUPA_AROGYA_S,Niva_Bupa_Arogya_Sanjeevani.pdf,13,13,9. CLAIM PROCEDURE,Documents to be submitted,xi.,NEFT Details (to enable direct credit of claim amount in bank account) and cancelled cheque,
POL003_NIVA_BUPA_AROGYA_S_C0149,POL003_NIVA_BUPA_AROGYA_S,Niva_Bupa_Arogya_Sanjeevani.pdf,13,13,9. CLAIM PROCEDURE,Documents to be submitted,xii.,"KYC (Identity proof with Address) of the proposer, where claim liability is above Rs 1 Lakh as per AML Guidelines.",
POL003_NIVA_BUPA_AROGYA_S_C0150,POL003_NIVA_BUPA_AROGYA_S,Niva_Bupa_Arogya_Sanjeevani.pdf,13,13,9. CLAIM PROCEDURE,Documents to be submitted,xiii.,"Legal heir/succession certificate, wherever applicable.",
POL003_NIVA_BUPA_AROGYA_S_C0151,POL003_NIVA_BUPA_AROGYA_S,Niva_Bupa_Arogya_Sanjeevani.pdf,13,13,9. CLAIM PROCEDURE,Documents to be submitted,xiv.,Any other relevant document required by Company/ TPA for assessment of the claim.,
POL003_NIVA_BUPA_AROGYA_S_C0152,POL003_NIVA_BUPA_AROGYA_S,Niva_Bupa_Arogya_Sanjeevani.pdf,13,13,9. CLAIM PROCEDURE,Documents to be submitted,xv.,Age / Identity proof document of Insured Person in case of claim approved under Cashless Facility (not required if submitted at the time of pre-authorization request) and Policyholder in case of Reimbursement claim,
POL003_NIVA_BUPA_AROGYA_S_C0153,POL003_NIVA_BUPA_AROGYA_S,Niva_Bupa_Arogya_Sanjeevani.pdf,13,13,9. CLAIM PROCEDURE,Documents to be submitted,a.,Self attested copy of valid age proof (passport / driving license / PAN card / class X certificate / birth certificate),
POL003_NIVA_BUPA_AROGYA_S_C0154,POL003_NIVA_BUPA_AROGYA_S,Niva_Bupa_Arogya_Sanjeevani.pdf,13,13,9. CLAIM PROCEDURE,Documents to be submitted,b.,Self attested copy of identity proof (passport / driving license / PAN card / voter identity card),
POL003_NIVA_BUPA_AROGYA_S_C0155,POL003_NIVA_BUPA_AROGYA_S,Niva_Bupa_Arogya_Sanjeevani.pdf,13,13,9. CLAIM PROCEDURE,Documents to be submitted,c.,Recent passport size photograph,
POL003_NIVA_BUPA_AROGYA_S_C0156,POL003_NIVA_BUPA_AROGYA_S,Niva_Bupa_Arogya_Sanjeevani.pdf,13,13,9. CLAIM PROCEDURE,Documents to be submitted,xvi.,For Medico-legal cases (,
POL003_NIVA_BUPA_AROGYA_S_C0157,POL003_NIVA_BUPA_AROGYA_S,Niva_Bupa_Arogya_Sanjeevani.pdf,13,13,9. CLAIM PROCEDURE,Documents to be submitted,MLC),or in case of Accident:,
POL003_NIVA_BUPA_AROGYA_S_C0158,POL003_NIVA_BUPA_AROGYA_S,Niva_Bupa_Arogya_Sanjeevani.pdf,13,13,9. CLAIM PROCEDURE,Documents to be submitted,a.,MLC/ Panchnama / First Information Report (FIR) copy attested by the concerned Hospital / police station (if applicable).,
POL003_NIVA_BUPA_AROGYA_S_C0159,POL003_NIVA_BUPA_AROGYA_S,Niva_Bupa_Arogya_Sanjeevani.pdf,13,13,9. CLAIM PROCEDURE,Documents to be submitted,b.,Original self-narration of incident in absence of MLC / FIR.,
POL003_NIVA_BUPA_AROGYA_S_C0160,POL003_NIVA_BUPA_AROGYA_S,Niva_Bupa_Arogya_Sanjeevani.pdf,13,13,9. CLAIM PROCEDURE,Note,1.,The company shall only accept bills/invoices/medical treatment related documents only in the Insured Person’s name for whom the claim is submitted.,
POL003_NIVA_BUPA_AROGYA_S_C0161,POL003_NIVA_BUPA_AROGYA_S,Niva_Bupa_Arogya_Sanjeevani.pdf,13,13,9. CLAIM PROCEDURE,Note,2.,"In the event of a claim lodged under the Policy and the original documents having been submitted to any other insurer, the Company shall accept the copy of the documents and claim settlement advice, duly certified by the other insurer subject to satisfaction of the Company.",
POL003_NIVA_BUPA_AROGYA_S_C0162,POL003_NIVA_BUPA_AROGYA_S,Niva_Bupa_Arogya_Sanjeevani.pdf,13,13,9. CLAIM PROCEDURE,Note,3.,Any delay in notification or submission may be condoned on merit where delay is proved to be for reasons beyond the control of the Insured Person. 9.5. Co-payment Each and every claim under the Policy shall be subject to a Copayment of 5% applicable to claim amount admissible and payable as per the terms and conditions of the Policy. The amount payable shall be after deduction of the copayment. 9.6. Claim Settlement (provision for Penal Interest),
POL003_NIVA_BUPA_AROGYA_S_C0163,POL003_NIVA_BUPA_AROGYA_S,Niva_Bupa_Arogya_Sanjeevani.pdf,13,13,9. CLAIM PROCEDURE,Note,i.,"The Company shall settle or reject a claim, as the case may be, within 15 days from the claim submission date.",
POL003_NIVA_BUPA_AROGYA_S_C0164,POL003_NIVA_BUPA_AROGYA_S,Niva_Bupa_Arogya_Sanjeevani.pdf,13,13,9. CLAIM PROCEDURE,Note,ii.,"ln the case of delay in the payment of a claim, the Company shall be liable to pay interest from the date of receipt of claim intimation till the date of payment of claim at a rate of 2% above the bank rate. (Explanation: “Bank rate” shall mean the rate fixed by the Reserve Bank of lndia (RBl) at the beginning of the financial year in which claim has fallen due) 9.7. Payment of Claim All claims under the policy shall be paid in Indian currency only.",
POL003_NIVA_BUPA_AROGYA_S_C0165,POL003_NIVA_BUPA_AROGYA_S,Niva_Bupa_Arogya_Sanjeevani.pdf,13,14,10. GENERAL TERMS AND CONDITIONS,,,"10.1. Disclosure of Information The Policy shall be void and all premium paid thereon shall be forfeited to the Company in the event of misrepresentation, misdescription or non-disclosure of any material fact by the policyholder (Explanation: “Material facts” for the purpose of this policy shall mean all relevant information sought by the company in the proposal form and other connected documents to enable it to take informed decision in the context of underwriting the risk). Product Name: Arogya Sanjeevani, Niva Bupa Health Insurance Co. Ltd. Product UIN: NBHHLIP27056V042627 10.2. Condition Precedent to Admission of Liability The terms and conditions of the policy must be fulfilled by the insured person for the Company to make any payment for claim(s) arising under the policy. 10.3. Material Change The Insured shall notify the Company in writing of any material change in the risk in relation to the declaration made in the proposal form or medical examination report at each Renewal and the Company may, adjust the scope of cover and /or premium, if necessary, accordingly. 10.4. Records to be Maintained The Insured person shall keep an accurate record containing all relevant medical records and shall allow the Company or its representatives to inspect such records. The Policyholder or Insured Person shall furnish such information as the Company may require for settlement of any claim under the Policy, within reasonable time limit and within the time limit specified in the Policy. 10.5. Complete Discharge Any payment to the policyholder, insured person or his/ her nominees or his/ her legal representative or assignee or to the Hospital, as the case may be, for any benefit under the policy shall be a valid discharge towards payment of claim by the Company to the extent of that amount for the particular claim. 10.6. Notice and Communication",
POL003_NIVA_BUPA_AROGYA_S_C0166,POL003_NIVA_BUPA_AROGYA_S,Niva_Bupa_Arogya_Sanjeevani.pdf,14,14,10. GENERAL TERMS AND CONDITIONS,,i.,"Any notice, direction, instruction or any other communication related to the Policy should be made in writing.",
POL003_NIVA_BUPA_AROGYA_S_C0167,POL003_NIVA_BUPA_AROGYA_S,Niva_Bupa_Arogya_Sanjeevani.pdf,14,14,10. GENERAL TERMS AND CONDITIONS,,ii.,Such communication shall be sent to the address of the Company or through any other electronic modes specified in the Policy Schedule.,
POL003_NIVA_BUPA_AROGYA_S_C0168,POL003_NIVA_BUPA_AROGYA_S,Niva_Bupa_Arogya_Sanjeevani.pdf,14,14,10. GENERAL TERMS AND CONDITIONS,,iii.,The Company shall communicate to the Insured at the address or through any other electronic mode mentioned in the schedule. 10.7. Territorial Limit All medical treatment for the purpose of this insurance will have to be taken in India only. 10.8. Multiple Policies A.,
POL003_NIVA_BUPA_AROGYA_S_C0169,POL003_NIVA_BUPA_AROGYA_S,Niva_Bupa_Arogya_Sanjeevani.pdf,14,14,10. GENERAL TERMS AND CONDITIONS,Indemnity Based Policies,a.,"In case of multiple policies taken by an Insured Person during a period from one or more insurers to indemnify treatment costs, the Insured Person shall have the right to require a settlement of his / her claim in terms of any of his / her policies. In all such cases the insurer chosen by the Policyholder shall be considered as the Primary Insurer and will be obliged to settle the claim as long as the claim is within the limits of and according to the terms of the chosen Policy.",
POL003_NIVA_BUPA_AROGYA_S_C0170,POL003_NIVA_BUPA_AROGYA_S,Niva_Bupa_Arogya_Sanjeevani.pdf,14,14,10. GENERAL TERMS AND CONDITIONS,Indemnity Based Policies,b.,"If the amount to be claimed exceeds the available coverage of the said policy, then the primary insurer shall seek the details of other available policies of the policyholder and shall coordinate with other insurers to ensure settlement pf the balance amount as per the policy conditions, without causing any hassles to the policy holder. B.",
POL003_NIVA_BUPA_AROGYA_S_C0171,POL003_NIVA_BUPA_AROGYA_S,Niva_Bupa_Arogya_Sanjeevani.pdf,14,15,10. GENERAL TERMS AND CONDITIONS,Benefit Based Policies,a.,"On occurrence of the insured event, the policy holder can claim from all Insurers under all policies. 10.9. Fraud lf any claim made by the insured person, is in any respect fraudulent, or if any false statement, or declaration is made or used in support thereof, or if any fraudulent means or devices are used by the insured person or anyone acting on his/her behalf to obtain any benefit under this policy, all benefits under this policy and the premium paid shall be forfeited. Any amount already paid against claims made under this policy but which are found fraudulent later shall be repaid by all recipient(s)/ policyholder(s), who has made that particular claim, who shall be jointly and severally liable for such repayment to the insurer. Product Name: Arogya Sanjeevani, Niva Bupa Health Insurance Co. Ltd. Product UIN: NBHHLIP27056V042627 For the purpose of this clause, the expression “fraud” means any of the following acts committed by the insured person or by his agent or the hospital/doctor/any other party acting on behalf of the insured person, with intent to deceive the insurer or to induce the insurer to issue an insurance policy: a) the suggestion, as a fact of that which is not true and which the insured person does not believe to be true;",
POL003_NIVA_BUPA_AROGYA_S_C0172,POL003_NIVA_BUPA_AROGYA_S,Niva_Bupa_Arogya_Sanjeevani.pdf,15,15,10. GENERAL TERMS AND CONDITIONS,Benefit Based Policies,b),the active concealment of a fact by the insured person having knowledge or belief of the fact;,
POL003_NIVA_BUPA_AROGYA_S_C0173,POL003_NIVA_BUPA_AROGYA_S,Niva_Bupa_Arogya_Sanjeevani.pdf,15,15,10. GENERAL TERMS AND CONDITIONS,Benefit Based Policies,c),"any other act fitted to deceive; and d) any such act or omission as the law specially declares to be fraudulent The Company shall not repudiate the claim and / or forfeit the policy benefits on the ground of Fraud, if the insured person / beneficiary can prove that the misstatement was true to the best of his knowledge and there was no deliberate intention to suppress the fact or that such misstatement of or suppression of material fact are within the knowledge of the insurer. 10.10. Cancellation The policy holder may cancel his/her policy at any time during the term, by giving 7 days’ notice in writing. The insurer shall:",
POL003_NIVA_BUPA_AROGYA_S_C0174,POL003_NIVA_BUPA_AROGYA_S,Niva_Bupa_Arogya_Sanjeevani.pdf,15,15,10. GENERAL TERMS AND CONDITIONS,Benefit Based Policies,a.,"Refund proportionate premium for unexpired policy period, if the term of the policy upto one year and there is no claim(s) made during the policy period.",
POL003_NIVA_BUPA_AROGYA_S_C0175,POL003_NIVA_BUPA_AROGYA_S,Niva_Bupa_Arogya_Sanjeevani.pdf,15,15,10. GENERAL TERMS AND CONDITIONS,Benefit Based Policies,b.,"Refund premium for the unexpired policy period, in respect of policies with term more than 1 year and risk coverage for such policy years are not commenced. 10.11. Automatic change in Coverage under the policy The coverage for the Insured person(s) shall automatically terminate:",
POL003_NIVA_BUPA_AROGYA_S_C0176,POL003_NIVA_BUPA_AROGYA_S,Niva_Bupa_Arogya_Sanjeevani.pdf,15,15,10. GENERAL TERMS AND CONDITIONS,Benefit Based Policies,1.,In the case of his/her (Insured Person’,
POL003_NIVA_BUPA_AROGYA_S_C0177,POL003_NIVA_BUPA_AROGYA_S,Niva_Bupa_Arogya_Sanjeevani.pdf,15,15,10. GENERAL TERMS AND CONDITIONS,Benefit Based Policies,s),"demise: However the cover shall continue for the remaining Insured Persons till the end of the Policy Period. The other Insured Persons may also apply to renew the policy. In case, the other insured person is minor, the policy shall be renewed only through any one of his/her natural guardian or guardian appointed by court. All relevant particulars in respect of such person (including his/her relationship with the insured person) must be submitted to the company along with the application. Provided no claim has been made, and termination takes place on account of death of the insured person, pro-rata refund of premium of the deceased insured person for the balance period of the policy will be effective.",
POL003_NIVA_BUPA_AROGYA_S_C0178,POL003_NIVA_BUPA_AROGYA_S,Niva_Bupa_Arogya_Sanjeevani.pdf,15,15,10. GENERAL TERMS AND CONDITIONS,Benefit Based Policies,2.,"Upon exhaustion of sum insured and cumulative bonus, for the policy year. However, the policy is subject to renewal on the due date as per the applicable terms and conditions. 10.12. Territorial Jurisdiction All disputes or differences under or in relation to the interpretation of terms, conditions, validity, construct, limitations and/or exclusions contained in the Policy shall be determined by the Indian Court and according to Indian law. 10.13. Arbitration",
POL003_NIVA_BUPA_AROGYA_S_C0179,POL003_NIVA_BUPA_AROGYA_S,Niva_Bupa_Arogya_Sanjeevani.pdf,15,15,10. GENERAL TERMS AND CONDITIONS,Benefit Based Policies,i.,"If any dispute or difference shall arise as to the quantum to be paid by the Policy, (liability being otherwise admitted) such difference shall independently of all other questions, be referred to the decision of a sole arbitrator to be appointed in writing by the parties here to or if they cannot agree upon a single arbitrator within thirty days of any party invoking arbitration, the same shall be referred to a panel of three arbitrators, comprising two arbitrators, one to be appointed by each of the parties to the dispute/difference and the third arbitrator to be appointed by such two arbitrators and arbitration shall be conducted under and in accordance with the provisions of the Arbitration and Conciliation Act 1996, as amended by Arbitration and Conciliation (Amendment) Act, 2015 (No. 3 of 2016).",
POL003_NIVA_BUPA_AROGYA_S_C0180,POL003_NIVA_BUPA_AROGYA_S,Niva_Bupa_Arogya_Sanjeevani.pdf,15,15,10. GENERAL TERMS AND CONDITIONS,Benefit Based Policies,ii.,"It is clearly agreed and understood that no difference or dispute shall be preferable to arbitration as herein before provided, if the Company has disputed or not accepted liability under or in respect of the Policy.",
POL003_NIVA_BUPA_AROGYA_S_C0181,POL003_NIVA_BUPA_AROGYA_S,Niva_Bupa_Arogya_Sanjeevani.pdf,15,16,10. GENERAL TERMS AND CONDITIONS,Benefit Based Policies,iii.,"It is hereby expressly stipulated and declared that it shall be a condition precedent to any right of action or suit upon the policy that award by such arbitrator/ arbitrators of the amount of expenses shall be first obtained. Product Name: Arogya Sanjeevani, Niva Bupa Health Insurance Co. Ltd. Product UIN: NBHHLIP27056V042627 10.14. Migration In case of migration of one policy to another with the same Insurer, the policyholder (including all members under family cover and group insurance policies) can transfer the credits gained to the extent of the Sum Insured, No Claim Bonus, Specific Waiting periods, waiting period for pre-existing diseases, Moratorium period etc. in the previous policy to the migrated policy. The insurer may underwrite the proposal in case of migration, if the insured is not continuously covered for 36 months. 10.15. Portability A Policyholder has the choice to port his/ her policies from one Insurer to another irrespective of individual or group policy subject to the Board approved underwriting policy of the insurers. The policyholder is entitled to transfer the credits gained to the extent of the Sum Insured, No Claim Bonus, specific waiting periods, waiting period for pre-existing disease, Moratorium period etc. from the Existing Insurer to the Acquiring Insurer in the previous policy. 10.16. Renewal of Policy A health insurance policy shall be renewable except on grounds of established fraud or non-disclosure or misrepresentation by the insured. An insurer shall not deny the renewal of a health insurance policy on the ground that the insured had made a claim or claims in the preceding policy years, except for benefit based policies where the policy terminates following payment of the benefit covered under the policy.",
POL003_NIVA_BUPA_AROGYA_S_C0182,POL003_NIVA_BUPA_AROGYA_S,Niva_Bupa_Arogya_Sanjeevani.pdf,16,16,10. GENERAL TERMS AND CONDITIONS,Benefit Based Policies,a.,Request for renewal along with requisite premium shall be received by the Company before the end of the policy period.,
POL003_NIVA_BUPA_AROGYA_S_C0183,POL003_NIVA_BUPA_AROGYA_S,Niva_Bupa_Arogya_Sanjeevani.pdf,16,16,10. GENERAL TERMS AND CONDITIONS,Benefit Based Policies,b.,"At the end of the policy period, the policy shall terminate and can be renewed within the Grace Period of 30 days (annual installment) to maintain continuity of benefits without break in policy.",
POL003_NIVA_BUPA_AROGYA_S_C0184,POL003_NIVA_BUPA_AROGYA_S,Niva_Bupa_Arogya_Sanjeevani.pdf,16,16,10. GENERAL TERMS AND CONDITIONS,Benefit Based Policies,c.,"No loading shall apply on renewals based on individual claims experience. However, discount in premium may be provided by insurers to individual policyholders for good claims experience.",
POL003_NIVA_BUPA_AROGYA_S_C0185,POL003_NIVA_BUPA_AROGYA_S,Niva_Bupa_Arogya_Sanjeevani.pdf,16,16,10. GENERAL TERMS AND CONDITIONS,Benefit Based Policies,d.,"Insurer shall not resort to fresh underwriting by calling for medical examination, fresh proposal form etc at renewal stage where there is no change in sum insured offered. In case increase in sum insured is requested by the policyholder, the Insurer may underwrite only to the extent of increased sum insured 10.17. Premium Payment in Instalments If the insured person has opted for Payment of Premium on an instalment basis i.",
POL003_NIVA_BUPA_AROGYA_S_C0186,POL003_NIVA_BUPA_AROGYA_S,Niva_Bupa_Arogya_Sanjeevani.pdf,16,16,10. GENERAL TERMS AND CONDITIONS,Benefit Based Policies,e.,"Half Yearly, Quarterly or Monthly, as mentioned in Your Policy Schedule/ Certificate of Insurance, the following conditions shall apply (notwithstanding any terms contrary elsewhere in the Policy).",
POL003_NIVA_BUPA_AROGYA_S_C0187,POL003_NIVA_BUPA_AROGYA_S,Niva_Bupa_Arogya_Sanjeevani.pdf,16,16,10. GENERAL TERMS AND CONDITIONS,Benefit Based Policies,i.,"Grace Period of 30 days in all types of policies, and a period of 15 days in case of monthly instalments.",
POL003_NIVA_BUPA_AROGYA_S_C0188,POL003_NIVA_BUPA_AROGYA_S,Niva_Bupa_Arogya_Sanjeevani.pdf,16,16,10. GENERAL TERMS AND CONDITIONS,Benefit Based Policies,ii.,"For policies where premium is paid in instalments only, the coverage will be given during grace period.",
POL003_NIVA_BUPA_AROGYA_S_C0189,POL003_NIVA_BUPA_AROGYA_S,Niva_Bupa_Arogya_Sanjeevani.pdf,16,16,10. GENERAL TERMS AND CONDITIONS,Benefit Based Policies,iii.,"The insured person will get the accrued continuity benefit in respect of the “Waiting Periods”, “Specified Waiting Periods” in the event of payment of premium within the stipulated grace period.",
POL003_NIVA_BUPA_AROGYA_S_C0190,POL003_NIVA_BUPA_AROGYA_S,Niva_Bupa_Arogya_Sanjeevani.pdf,16,16,10. GENERAL TERMS AND CONDITIONS,Benefit Based Policies,iv.,No interest will be charged if the instalment premium is not paid on due date,
POL003_NIVA_BUPA_AROGYA_S_C0191,POL003_NIVA_BUPA_AROGYA_S,Niva_Bupa_Arogya_Sanjeevani.pdf,16,16,10. GENERAL TERMS AND CONDITIONS,Benefit Based Policies,v.,"In case of instalment premium due not received within the Grace Period, the Policy will get cancelled.",
POL003_NIVA_BUPA_AROGYA_S_C0192,POL003_NIVA_BUPA_AROGYA_S,Niva_Bupa_Arogya_Sanjeevani.pdf,16,16,10. GENERAL TERMS AND CONDITIONS,Benefit Based Policies,vi.,"In the event of a claim, all subsequent premium instalments shall immediately become due and payable.",
POL003_NIVA_BUPA_AROGYA_S_C0193,POL003_NIVA_BUPA_AROGYA_S,Niva_Bupa_Arogya_Sanjeevani.pdf,16,17,10. GENERAL TERMS AND CONDITIONS,Benefit Based Policies,vii.,"The company has the right to recover and deduct all the pending instalments from the claim amount due under the policy. Product Name: Arogya Sanjeevani, Niva Bupa Health Insurance Co. Ltd. Product UIN: NBHHLIP27056V042627 10.18. Possibility of Revision of Terms of the Policy Including the Premium Rates The Company, in accordance with applicable regulations and laws may revise or modify the terms of the Policy including the premium rates. The Insured Person shall be notified prior to the changes are effected. For avoidance of doubt, the renewal premium may vary from one policy period to another on account of Insured Person attaining a higher age band or other factors as may be considered relevant by the Insurance Company. It is clarified that change in premium due to change in higher age band shall not be considered as premium revision. 10.19. Free Look Period The Free Look Period shall be applicable on individual health insurance policies and not on renewals. The insured person shall be allowed free look period of thirty days from date of receipt of the policy document to review the terms and conditions of the policy. If he/she is not satisfied with any of the terms and conditions, he/she has the option to cancel his/her policy. In the event the policyholder disagrees to any of the policy terms or conditions, or otherwise and has not made any claim, he/she shall have the option to return the policy to the insurer for cancellation, stating the reasons for the same. Irrespective of the reasons mentioned, the policyholder shall be entitled to a refund of the premium paid subject only to a deduction of a proportionate risk premium for the period of cover and the expenses, if any, incurred by the insurer on medical examination of the proposer and stamp duty charges. 10.20. Endorsements (Changes in Policy)",
POL003_NIVA_BUPA_AROGYA_S_C0194,POL003_NIVA_BUPA_AROGYA_S,Niva_Bupa_Arogya_Sanjeevani.pdf,17,17,10. GENERAL TERMS AND CONDITIONS,Benefit Based Policies,i.,This policy constitutes the complete contract of insurance. This Policy cannot be modified by anyone (including an insurance agent or broker) except the company. Any change made by the company shall be evidenced by a written endorsement signed and stamped.,
POL003_NIVA_BUPA_AROGYA_S_C0195,POL003_NIVA_BUPA_AROGYA_S,Niva_Bupa_Arogya_Sanjeevani.pdf,17,17,10. GENERAL TERMS AND CONDITIONS,Benefit Based Policies,ii.,The policyholder may be changed only at the time of renewal. The new policyholder must be the legal heir/immediate family member. Such change would be subject to acceptance by the company and payment of premium (if any). The renewed Policy shall be treated as having been renewed without break.,
POL003_NIVA_BUPA_AROGYA_S_C0196,POL003_NIVA_BUPA_AROGYA_S,Niva_Bupa_Arogya_Sanjeevani.pdf,17,18,10. GENERAL TERMS AND CONDITIONS,Benefit Based Policies,iii.,"The policyholder may be changed only at the time of the renewal. The new policyholder must be the legal heir/ immediate family member. Such change would be subject to acceptance by the company and payment of premium (if any). The renewed Policy shall be treated as having been renewed without a break. The policyholder may be changed during the Policy Period only in case of his/her demise or him/her moving out of India. 10.21. Change of Sum Insured Sum insured can be changed (increased/ decreased) only at the time of renewal or at any time, subject to underwriting by the Company. For any increase in SI, the waiting period shall start afresh only for the enhanced portion of the sum insured. 10.22. Terms and conditions of the Policy The terms and conditions contained herein and in the Policy Schedule shall be deemed to form part of the Policy and shall be read together as one document. 10.23. Nomination The policyholder is required at the inception of the policy to make a nomination for the purpose of payment of claims under the policy in the event of death of the policyholder. Any change of nomination shall be communicated to the company in writing and such change shall be effective only when an endorsement on the policy is made. ln the event of death of the policyholder, the Company will pay the nominee {as named in the Policy Schedule/Policy Certificate/Endorsement (if any)} and in case there is no subsisting nominee, to the legal heirs or legal representatives of the policyholder whose discharge shall be treated as full and final discharge of its liability under the policy. The insurer shall obtain nomination at the time of new business and at the time of renewal for existing policies. Product Name: Arogya Sanjeevani, Niva Bupa Health Insurance Co. Ltd. Product UIN: NBHHLIP27056V042627 10.24. Withdrawal of Policy ln the likelihood of this product being withdrawn in future, the Company will intimate the insured person about the same 90 days prior to expiry of the policy. lnsured Person will have the option to either renew (up to 90 days from renewal date) same product or to migrate to a suitable health insurance product, any other existing product or modified version of the withdrawn product available with the Company at the time of renewal with all the accrued continuity benefits such as cumulative bonus, waiver of waiting period as per IRDAI guidelines, provided the policy has been maintained without a break.",
POL003_NIVA_BUPA_AROGYA_S_C0197,POL003_NIVA_BUPA_AROGYA_S,Niva_Bupa_Arogya_Sanjeevani.pdf,18,18,11. REDRESSAL OF GRIEVANCE,,a.,ln case of any grievance the insured person may contact the company through,
POL003_NIVA_BUPA_AROGYA_S_C0198,POL003_NIVA_BUPA_AROGYA_S,Niva_Bupa_Arogya_Sanjeevani.pdf,18,18,11. REDRESSAL OF GRIEVANCE,E-mail,,Email us through our service platform https://rules.nivabupa.com/customer-service/ (Senior citizens may write to us at: seniorcitizensupport@nivabupa.com),
POL003_NIVA_BUPA_AROGYA_S_C0199,POL003_NIVA_BUPA_AROGYA_S,Niva_Bupa_Arogya_Sanjeevani.pdf,18,18,11. REDRESSAL OF GRIEVANCE,Courier,,"Customer Services Department Niva Bupa Health Insurance Company Limited 2nd Floor, Plot No D-5, Sec-59, Noida, Gautam Buddh Nagar, Uttar Pradesh – 201301 lnsured person may also approach the grievance cell at any of the company’s branches with the details of grievance lf lnsured person is not satisfied with the redressal of grievance through one of the above methods, insured person may contact the grievance officer at Head – Customer Services Niva Bupa Health Insurance Company Limited 2nd Floor, Plot No D-5, Sec-59, Noida, Gautam Buddh Nagar, Uttar Pradesh – 201301 Contact No: 1860-500-8888 Fax No.: +91 11 41743397",
POL003_NIVA_BUPA_AROGYA_S_C0200,POL003_NIVA_BUPA_AROGYA_S,Niva_Bupa_Arogya_Sanjeevani.pdf,18,19,11. REDRESSAL OF GRIEVANCE,Email ID,,"Email our Grievance officer through our Grievance Redressal platform https://transactions.nivabupa.com/pages/ grievance-redressal.aspx For updated details of grievance officer, kindly refer the link https://www.nivabupa.com/customer-care/health-services/grievanceredressal.aspx If the Insured person is not satisfied with the above, they can escalate to GRO@nivabupa.com. lf lnsured person is not satisfied with the redressal of grievance through above methods, the insured person may also approach the office of lnsurance Ombudsman of the respective area/region for redressal of grievance as per lnsurance Ombudsman Rules 2017 (at the addresses given in Annexure B). Grievance may also be lodged at IRDAI integrated Grievance Management System – www.bimabharosa.irdai.gov.in Product Name: Arogya Sanjeevani, Niva Bupa Health Insurance Co. Ltd. Product UIN: NBHHLIP27056V042627",
POL003_NIVA_BUPA_AROGYA_S_C0201,POL003_NIVA_BUPA_AROGYA_S,Niva_Bupa_Arogya_Sanjeevani.pdf,19,19,12. TABLE OF BENEFITS,,,"Name Arogya Sanjeevani Policy, Niva Bupa Health Insurance Co. Ltd. Product Type Individual/Floater Category of Cover Indemnity Sum Insured INR 50,000 to 10 Lacs (in multiples of INR 50,000) On Individual basis- SI shall apply to each individual family member On Floater basis- SI shall apply to the entire family Policy Period 1 year Eligibility Policy can be availed by persons between the age of 18 years to 65 years, as Proposer. Proposer with higher age can obtain policy for family, without covering self. Policy can be availed for Self and the following family members",
POL003_NIVA_BUPA_AROGYA_S_C0202,POL003_NIVA_BUPA_AROGYA_S,Niva_Bupa_Arogya_Sanjeevani.pdf,19,19,12. TABLE OF BENEFITS,,i.,Legally wedded spouse,
POL003_NIVA_BUPA_AROGYA_S_C0203,POL003_NIVA_BUPA_AROGYA_S,Niva_Bupa_Arogya_Sanjeevani.pdf,19,19,12. TABLE OF BENEFITS,,ii.,Parents and Parents-in-law,
POL003_NIVA_BUPA_AROGYA_S_C0204,POL003_NIVA_BUPA_AROGYA_S,Niva_Bupa_Arogya_Sanjeevani.pdf,19,19,12. TABLE OF BENEFITS,,iii.,Dependent Children (i.,
POL003_NIVA_BUPA_AROGYA_S_C0205,POL003_NIVA_BUPA_AROGYA_S,Niva_Bupa_Arogya_Sanjeevani.pdf,19,19,12. TABLE OF BENEFITS,,e.,"natural or legally adopted) between the age 3 months to 25 years. If the child above 18 years of age is financially independent, he or she shall be ineligible for coverage in the subsequent renewals. Grace Period For Yearly payment of mode, a fixed period of 30 days is to be allowed as Grace Period and for all other modes of payment a fixed period of 15 days be allowed as grace period. Hospitalisation Expenses Expenses of hospitalisation for a minimum period of 24 consecutive hours only shall be admissible. Time limit of 24 hours shall not apply when the treatment is undergone in a Day Care Centre. Pre Hospitalisation For 30 days prior to the date of hospitalisation Post Hospitalisation For 60 days from the date of discharge from the hospital Sublimit for room/ doctors’ fees I. Room Rent, Boarding, Nursing Expenses all inclusive as provided by the Hospital/ Nursing Home up to 2% of the sum insured subject to a maximum of Rs.5,000/- per day.",
POL003_NIVA_BUPA_AROGYA_S_C0206,POL003_NIVA_BUPA_AROGYA_S,Niva_Bupa_Arogya_Sanjeevani.pdf,19,21,12. TABLE OF BENEFITS,,II.,"Intensive Care Unit (ICU) charges/ Intensive Cardiac Care Unit (ICCU) charges all inclusive as provided by the hospital/Nursing Home up to 5% of the sum insured subject to maximum of Rs.10,000/- per day Cataract Treatment Up to 25% of Sum Insured or Rs. 40,000/-, whichever is lower, per eye, under one policy year. AYUSH Expenses incurred for Inpatient Care treatment under Ayurveda, Yoga and Naturopathy, Unani, Siddha and Homeopathy systems of medicines shall be covered up to sum insured, during each Policy year as specified in the policy schedule. Pre Existing Disease Only PEDs declared in the Proposal Form and accepted for coverage by the company shall be covered after a waiting period of 3 years. Cumulative Bonus Increase in the sum insured by 5% in respect of each claim free year subject to a maximum of 50% of SI. In the event of claim the cumulative bonus shall be reduced at the same rate. Co pay 5% co pay on all claims Product Name: Arogya Sanjeevani, Niva Bupa Health Insurance Co. Ltd. Product UIN: NBHHLIP27056V042627 Annexure-A List I- Items for which coverage is not available in the policy Sl. No. Item 1 BABY FOOD 2 BABY UTILITIES CHARGES 3 BEAUTY SERVICES 4 BELTS/ BRACES 5 BUDS 6 COLD PACK/HOT PACK 7 CARRY BAGS 8 EMAIL / INTERNET CHARGES 9 FOOD CHARGES (OTHER THAN PATIENT’s DIET PROVIDED BY HOSPITAL) 10 LEGGINGS 11 LAUNDRY CHARGES 12 MINERAL WATER 13 SANITARY PAD 14 TELEPHONE CHARGES 15 GUEST SERVICES 16 CREPE BANDAGE 17 DIAPER OF ANY TYPE 18 EYELET COLLAR 19 SLINGS 20 BLOOD GROUPING AND CROSS MATCHING OF DONORS SAMPLES 21 SERVICE CHARGES WHERE NURSING CHARGE ALSO CHARGED 22 TELEVISION CHARGES 23 SURCHARGES 24 ATTENDANT CHARGES 25 EXTRA DIET OF PATIENT (OTHER THAN THAT WHICH FORMS PART OF BED CHARGE) 26 BIRTH CERTIFICATE 27 CERTIFICATE CHARGES 28 COURIER CHARGES 29 CONVEYANCE CHARGES 30 MEDICAL CERTIFICATE 31 MEDICAL RECORDS 32 PHOTOCOPIES CHARGES 33 MORTUARY CHARGES 34 WALKING AIDS CHARGES 35 OXYGEN CYLINDER (FOR USAGE OUTSIDE THE HOSPITAL) 36 SPACER 37 SPIROMETRE 38 NEBULIZER KIT 39 STEAM INHALER 40 ARMSLING 41 THERMOMETER 42 CERVICAL COLLAR 43 SPLINT 44 DIABETIC FOOT WEAR Product Name: Arogya Sanjeevani, Niva Bupa Health Insurance Co. Ltd. Product UIN: NBHHLIP27056V042627 45 KNEE BRACES (LONG/ SHORT/ HINGED) 46 KNEE IMMOBILIZER/SHOULDER IMMOBILIZER 47 LUMBO SACRAL BELT 48 NIMBUS BED OR WATER OR AIR BED CHARGES 49 AMBULANCE COLLAR 50 AMBULANCE EQUIPMENT 51 ABDOMINAL BINDER 52 PRIVATE NURSES CHARGES- SPECIAL NURSING CHARGES",
POL003_NIVA_BUPA_AROGYA_S_C0207,POL003_NIVA_BUPA_AROGYA_S,Niva_Bupa_Arogya_Sanjeevani.pdf,21,22,12. TABLE OF BENEFITS,,53.,"SUGAR FREE Tablets 54 CREAMS POWDERS LOTIONS (Toiletries are not payable, only prescribed medical pharmaceuticals payable) 55 ECG ELECTRODES 56 GLOVES 57 NEBULISATION KIT 58 ANY KIT WITH NO DETAILS MENTIONED [DELIVERY KIT, ORTHOKIT, RECOVERY KIT, ETC] 59 KIDNEY TRAY 60 MASK 61 OUNCE GLASS 62 OXYGEN MASK 63 PELVIC TRACTION BELT 64 PAN CAN 65 TROLLY COVER 66 UROMETER, URINE JUG 67 AMBULANCE 68 VASOFIX SAFETY List II- Items that are to be subsumed into Room Charges Sl. No. Item 1 BABY CHARGES (UNLESS SPECIFIED/INDICATED) 2 HAND WASH 3 SHOE COVER 4 CAPS 5 CRADLE CHARGES 6 COMB 7 EAU-DE-COLOGNE / ROOM FRESHNERS 8 FOOT COVER 9 GOWN 10 SLIPPERS 11 TISSUE PAPER 12 TOOTH PASTE 13 TOOTH BRUSH 14 BED PAN 15 FACE MASK 16 FLEXI MASK 17 HAND HOLDER 18 SPUTUM CUP 19 DISINFECTANT LOTIONS 20 LUXURY TAX Product Name: Arogya Sanjeevani, Niva Bupa Health Insurance Co. Ltd. Product UIN: NBHHLIP27056V042627 21 HVAC 22 HOUSE KEEPING CHARGES 23 AIR CONDITIONER CHARGES 24 IM IV INJECTION CHARGES 25 CLEAN SHEET 26 BLANKET/WARMER BLANKET 27 ADMISSION KIT 28 DIABETIC CHART CHARGES 29 DOCUMENTATION CHARGES/ ADMINISTRATIVE EXPENSES/ TPA CHARGES LEVIED BY THE HOSPITAL",
POL003_NIVA_BUPA_AROGYA_S_C0208,POL003_NIVA_BUPA_AROGYA_S,Niva_Bupa_Arogya_Sanjeevani.pdf,22,22,12. TABLE OF BENEFITS,,30.,DISCHARGE PROCEDURE CHARGES 31 DAILY CHART CHARGES 32 ENTRANCE PASS / VISITORS PASS CHARGES,
POL003_NIVA_BUPA_AROGYA_S_C0209,POL003_NIVA_BUPA_AROGYA_S,Niva_Bupa_Arogya_Sanjeevani.pdf,22,23,12. TABLE OF BENEFITS,,33.,"EXPENSES RELATED TO PRESCRIPTION ON DISCHARGE 34 FILE OPENING CHARGES 35 INCIDENTAL EXPENSES / MISC. CHARGES (NOT EXPLAINED) 36 PATIENT IDENTIFICATION BAND / NAME TAG 37 PULSEOXYMETER CHARGES List III- Items that are to be subsumed into Procedure Charges Sl. No. Item 1 HAIR REMOVAL CREAM 2 DISPOSABLES RAZORS CHARGES (for site preparations) 3 EYE PAD 4 EYE SHEILD 5 CAMERA COVER 6 DVD, CD CHARGES 7 GAUSE SOFT 8 GAUZE 9 WARD AND THEATRE BOOKING CHARGES 10 ARTHROSCOPY AND ENDOSCOPY INSTRUMENTS 11 MICROSCOPE COVER 12 SURGICAL BLADES, HARMONICSCALPEL,SHAVER 13 SURGICAL DRILL 14 EYE KIT 15 EYE DRAPE 16 X-RAY FILM 17 BOYLES APPARATUS CHARGES 18 COTTON 19 COTTON BANDAGE 20 SURGICAL TAPE 21 APRON 22 TORNIQUET 23 ORTHOBUNDLE, GYNAEC BUNDLE Product Name: Arogya Sanjeevani, Niva Bupa Health Insurance Co. Ltd. Product UIN: NBHHLIP27056V042627 List IV- Items that are to be subsumed into costs of treatment Sl. No. Item 1 ADMISSION/REGISTRATION CHARGES",
POL003_NIVA_BUPA_AROGYA_S_C0210,POL003_NIVA_BUPA_AROGYA_S,Niva_Bupa_Arogya_Sanjeevani.pdf,23,24,12. TABLE OF BENEFITS,,2.,"HOSPITALISATION FOR EVALUATION/ DIAGNOSTIC PURPOSE 3 URINE CONTAINER 4 BLOOD RESERVATION CHARGES AND ANTE NATAL BOOKING CHARGES 5 BIPAP MACHINE 6 CPAP/ CAPD EQUIPMENTS 7 INFUSION PUMP– COST 8 HYDROGEN PEROXIDE\SPIRIT\ DISINFECTANTS ETC 9 NUTRITION PLANNING CHARGES - DIETICIAN CHARGES- DIET CHARGES 10 HIV KIT 11 ANTISEPTIC MOUTHWASH 12 LOZENGES 13 MOUTH PAINT 14 VACCINATION CHARGES 15 ALCOHOL SWABES 16 SCRUB SOLUTION/STERILLIUM 17 GLUCOMETER & STRIPS 18 URINE BAG Product Name: Arogya Sanjeevani, Niva Bupa Health Insurance Co. Ltd. Product UIN: NBHHLIP27056V042627 Annexure B The contact details of the Insurance Ombudsman offices are as below: Office Details Jurisdiction of Office Union Territory, District) AHMEDABAD - Shri Kuldip Singh Office of the Insurance Ombudsman, Jeevan Prakash Building, 6th floor, Tilak Marg, Relief Road, Ahmedabad – 380 001. Tel.: 079 - 25501201/02/05/06 Email: bimalokpal.ahmedabad@cioins.co.in Gujarat, UT of Dadra & Nagar Haveli, Daman and Diu. BENGALURU - Smt. Neerja Shah Office of the Insurance Ombudsman, Jeevan Soudha Building,PID No. 57-27-N-19 Ground Floor, 19/19, 24th Main Road, JP Nagar, Ist Phase, Bengaluru – 560 078. Tel.: 080 - 26652048 / 26652049 Email: bimalokpal.bengaluru@cioins.co.in Karnataka. BHOPAL - Shri Guru Saran Shrivastava Office of the Insurance Ombudsman, Janak Vihar Complex, 2nd Floor, 6, Malviya Nagar, Opp. Airtel Office, Near New Market, Bhopal – 462 003. Tel.: 0755 - 2769201 / 2769202 Fax: 0755 - 2769203 Email: bimalokpal.bhopal@cioins.co.in Madhya Pradesh Chhattisgarh. BHUBANESHWAR - Shri Suresh Chandra Panda Office of the Insurance Ombudsman, 62, Forest park, Bhubneshwar – 751 009. Tel.: 0674 - 2596461 /2596455 Fax: 0674 - 2596429 Email: bimalokpal.bhubaneswar@cioins.co.in Orissa. CHANDIGARH - Dr. Dinesh Kumar Verma Office of the Insurance Ombudsman, S. C.",
POL003_NIVA_BUPA_AROGYA_S_C0211,POL003_NIVA_BUPA_AROGYA_S,Niva_Bupa_Arogya_Sanjeevani.pdf,24,25,12. TABLE OF BENEFITS,,O.,"No. 101, 102 & 103, 2nd Floor, Batra Building, Sector 17 – D, Chandigarh – 160 017. Tel.: 0172 - 2706196 / 2706468 Fax: 0172 - 2708274 Email: bimalokpal.chandigarh@cioins.co.in Punjab, Haryana (excluding Gurugram, Faridabad, Sonepat and Bahadurgarh), Himachal Pradesh, UT of Jammu & Kashmir, Ladakh and Chandigarh. Product Name: Arogya Sanjeevani, Niva Bupa Health Insurance Co. Ltd. Product UIN: NBHHLIP27056V042627 Office Details Jurisdiction of Office Union Territory, District) CHENNAI - Shri M. Vasantha Krishna Office of the Insurance Ombudsman, Fatima Akhtar Court, 4th Floor, 453, Anna Salai, Teynampet, CHENNAI – 600 018. Tel.: 044 - 24333668 / 24335284 Fax: 044 - 24333664 Email: bimalokpal.chennai@cioins.co.in Tamil Nadu, UTPondicherry Town and Karaikal (which are part of UT of Pondicherry). DELHI - Shri Sudhir Krishna Office of the Insurance Ombudsman, 2/2 A, Universal Insurance Building, Asaf Ali Road, New Delhi – 110 002. Tel.: 011 - 23232481/23213504 Email: bimalokpal.delhi@cioins.co.in Delhi & Following Districts of Haryana - Gurugram, Faridabad, Sonepat & Bahadurgarh. GUWAHATI - Shri Kiriti.B. Saha Office of the Insurance Ombudsman, Jeevan Nivesh, 5th Floor, Nr. Panbazar over bridge, S.",
POL003_NIVA_BUPA_AROGYA_S_C0212,POL003_NIVA_BUPA_AROGYA_S,Niva_Bupa_Arogya_Sanjeevani.pdf,25,25,12. TABLE OF BENEFITS,,S.,"Road, Guwahati – 781001(ASSAM). Tel.: 0361 - 2632204 / 2602205 Email: bimalokpal.guwahati@cioins.co.in Assam, Meghalaya, Manipur, Mizoram, Arunachal Pradesh, Nagaland and Tripura HYDERABAD - Shri I. Suresh Babu Office of the Insurance Ombudsman, 6-2-46, 1st floor, “Moin Court”, Lane Opp. Saleem Function Palace, A.",
POL003_NIVA_BUPA_AROGYA_S_C0213,POL003_NIVA_BUPA_AROGYA_S,Niva_Bupa_Arogya_Sanjeevani.pdf,25,26,12. TABLE OF BENEFITS,,C.,"Guards, Lakdi-Ka-Pool, Hyderabad - 500 004. Tel.: 040 - 23312122 Fax: 040 - 23376599 Email: bimalokpal.hyderabad@cioins.co.in Andhra Pradesh, Telangana, UT of Yanam and part of UT of Pondicherry. JAIPUR - Smt. Sandhya Baliga Office of the Insurance Ombudsman, Jeevan Nidhi – II Bldg., Gr. Floor, Bhawani Singh Marg, Jaipur - 302 005. Tel.: 0141 - 2740363 Email: bimalokpal.jaipur@cioins.co.in Rajasthan. Product Name: Arogya Sanjeevani, Niva Bupa Health Insurance Co. Ltd. Product UIN: NBHHLIP27056V042627 Office Details Jurisdiction of Office Union Territory, District) ERNAKULAM - Ms. Poonam Bodra Office of the Insurance Ombudsman, 2nd Floor, Pulinat Bldg., Opp. Cochin Shipyard, M.",
POL003_NIVA_BUPA_AROGYA_S_C0214,POL003_NIVA_BUPA_AROGYA_S,Niva_Bupa_Arogya_Sanjeevani.pdf,26,26,12. TABLE OF BENEFITS,,G.,"Road, Ernakulam - 682 015. Tel.: 0484 - 2358759 / 2359338 Fax: 0484 - 2359336 Email: bimalokpal.ernakulam@cioins.co.in Kerala, UT of Lakshadweep, Mahe-a part of UT of Pondicherry. KOLKATA - Shri P.",
POL003_NIVA_BUPA_AROGYA_S_C0215,POL003_NIVA_BUPA_AROGYA_S,Niva_Bupa_Arogya_Sanjeevani.pdf,26,26,12. TABLE OF BENEFITS,,K.,"Rath Office of the Insurance Ombudsman, Hindustan Bldg. Annexe, 4th Floor, C.",
POL003_NIVA_BUPA_AROGYA_S_C0216,POL003_NIVA_BUPA_AROGYA_S,Niva_Bupa_Arogya_Sanjeevani.pdf,26,26,12. TABLE OF BENEFITS,,R.,"Avenue, KOLKATA - 700 072. Tel.: 033 - 22124339 / 22124340 Fax: 033 - 22124341 Email: bimalokpal.kolkata@cioins.co.in West Bengal, Sikkim, UT of Andaman & Nicobar Islands. LUCKNOW -Shri Justice Anil Kumar Srivastava Office of the Insurance Ombudsman, 6th Floor, Jeevan Bhawan, Phase-II, Nawal Kishore Road, Hazratganj, Lucknow - 226 001. Tel.: 0522 - 2231330 / 2231331 Fax: 0522 - 2231310 Email: bimalokpal.lucknow@cioins.co.in",
POL003_NIVA_BUPA_AROGYA_S_C0217,POL003_NIVA_BUPA_AROGYA_S,Niva_Bupa_Arogya_Sanjeevani.pdf,26,26,12. TABLE OF BENEFITS,Districts of Uttar Pradesh,,"Lalitpur, Jhansi, Mahoba, Hamirpur, Banda, Chitrakoot, Allahabad, Mirzapur, Sonbhabdra, Fatehpur, Pratapgarh, Jaunpur,Varanasi, Gazipur, Jalaun, Kanpur, Lucknow, Unnao, Sitapur, Lakhimpur, Bahraich, Barabanki, Raebareli, Sravasti, Gonda, Faizabad, Amethi, Kaushambi, Balrampur, Basti, Ambedkarnagar, Sultanpur, Maharajgang, Santkabirnagar, Azamgarh, Kushinagar, Gorkhpur, Deoria, Mau, Ghazipur, Chandauli, Ballia, Sidharathnagar. MUMBAI - Shri Milind A. Kharat Office of the Insurance Ombudsman, 3rd Floor, Jeevan Seva Annexe, S.",
POL003_NIVA_BUPA_AROGYA_S_C0218,POL003_NIVA_BUPA_AROGYA_S,Niva_Bupa_Arogya_Sanjeevani.pdf,26,27,12. TABLE OF BENEFITS,Districts of Uttar Pradesh,V.,"Road, Santacruz (W), Mumbai - 400 054. Tel.: 022 - 26106552 / 26106960 Fax: 022 - 26106052 Email: bimalokpal.mumbai@cioins.co.in Goa, Mumbai Metropolitan Region excluding Navi Mumbai & Thane. Product Name: Arogya Sanjeevani, Niva Bupa Health Insurance Co. Ltd. Product UIN: NBHHLIP27056V042627 Office Details Jurisdiction of Office Union Territory, District) NOIDA - Shri Chandra Shekhar Prasad Office of the Insurance Ombudsman, Bhagwan Sahai Palace 4th Floor, Main Road, Naya Bans, Sector 15, Distt: Gautam Buddh Nagar, U.P-201301. Tel.: 0120-2514252 / 2514253 Email: bimalokpal.noida@cioins.co.in State of Uttaranchal and the following Districts of Uttar Pradesh: Agra, Aligarh, Bagpat, Bareilly, Bijnor, Budaun, Bulandshehar, Etah, Kanooj, Mainpuri, Mathura, Meerut, Moradabad, Muzaffarnagar, Oraiyya, Pilibhit, Etawah, Farrukhabad, Firozbad, Gautambodhanagar, Ghaziabad, Hardoi, Shahjahanpur, Hapur, Shamli, Rampur, Kashganj, Sambhal, Amroha, Hathras, Kanshiramnagar, Saharanpur. PATNA - Shri N.",
POL003_NIVA_BUPA_AROGYA_S_C0219,POL003_NIVA_BUPA_AROGYA_S,Niva_Bupa_Arogya_Sanjeevani.pdf,27,27,12. TABLE OF BENEFITS,Districts of Uttar Pradesh,K.,"Singh Office of the Insurance Ombudsman, 1st Floor,Kalpana Arcade Building,, Bazar Samiti Road, Bahadurpur, Patna 800 006. Tel.: 0612-2680952 Email: bimalokpal.patna@cioins.co.in Bihar, Jharkhand. PUNE - Shri Vinay Sah Office of the Insurance Ombudsman, Jeevan Darshan Bldg., 3rd Floor, C. T.",
POL003_NIVA_BUPA_AROGYA_S_C0220,POL003_NIVA_BUPA_AROGYA_S,Niva_Bupa_Arogya_Sanjeevani.pdf,27,27,12. TABLE OF BENEFITS,Districts of Uttar Pradesh,S.,"No. s. 195 to 198, N.",
POL003_NIVA_BUPA_AROGYA_S_C0221,POL003_NIVA_BUPA_AROGYA_S,Niva_Bupa_Arogya_Sanjeevani.pdf,27,27,12. TABLE OF BENEFITS,Districts of Uttar Pradesh,C.,"Kelkar Road, Narayan Peth, Pune – 411 030. Tel.: 020-41312555 Email: bimalokpal.pune@cioins.co.in Maharashtra, Area of Navi Mumbai and Thane excluding Mumbai Metropolitan Region. EXECUTIVE COUNCIL OF INSURERS 3rd Floor, Jeevan Seva Annexe, S.",
POL003_NIVA_BUPA_AROGYA_S_C0222,POL003_NIVA_BUPA_AROGYA_S,Niva_Bupa_Arogya_Sanjeevani.pdf,27,27,12. TABLE OF BENEFITS,Districts of Uttar Pradesh,V.,"Road, Santacruz (W), Mumbai - 400 054. Tel.: 022 - 69038801/03/04/05/06/07/08/09 Email: inscoun@cioins.co.in Shri B.",
POL003_NIVA_BUPA_AROGYA_S_C0223,POL003_NIVA_BUPA_AROGYA_S,Niva_Bupa_Arogya_Sanjeevani.pdf,27,27,12. TABLE OF BENEFITS,Districts of Uttar Pradesh,C.,"Patnaik, Secretary General Smt Poornima Gaitonde, Secretary Ombudsmen details are subject to change. Please refer this link for the updated details: CIO (cioins.co.in)”",
POL004_STAR_COMPREHENSIVE_C0001,POL004_STAR_COMPREHENSIVE,Star_Comprehensive.pdf,2,2,,of Sum Insured for both,,of Sum Insured for both related and unrelated illnesses,
POL004_STAR_COMPREHENSIVE_C0002,POL004_STAR_COMPREHENSIVE,Star_Comprehensive.pdf,2,2,,Coverage for Outpatient,,Coverage for Outpatient consultation including,
POL004_STAR_COMPREHENSIVE_C0003,POL004_STAR_COMPREHENSIVE,Star_Comprehensive.pdf,2,2,,Cumulative Bonus,,Cumulative Bonus accumulation up to,
POL004_STAR_COMPREHENSIVE_C0004,POL004_STAR_COMPREHENSIVE,Star_Comprehensive.pdf,3,3,,,,"Favourable Claim Experience Discount: Insured Person may be eligible for a discount of 5% during renewals on Policy premium based on the past claim history at the Policy level. This discount is applicable only if no claim is made under the Policy or the total claim amount is up to Rs. 25,000/- in the preceding three years.",
POL004_STAR_COMPREHENSIVE_C0005,POL004_STAR_COMPREHENSIVE,Star_Comprehensive.pdf,3,3,,Long-term Discount:,,Long-term Discount: 2-year policy term – 10% discount on the 2nd year premium 3-year policy term – 10% discount on the 2nd year premium and 12.5% discount on the 3rd year premium,
POL004_STAR_COMPREHENSIVE_C0006,POL004_STAR_COMPREHENSIVE,Star_Comprehensive.pdf,3,3,,Wellness Discount:,,Wellness Discount: Up to 10% on renewal premium,
POL004_STAR_COMPREHENSIVE_C0007,POL004_STAR_COMPREHENSIVE,Star_Comprehensive.pdf,3,3,,Online Discount:,,"Online Discount: 5% discount when you buy this Insurance online at www.starhealth.in Monthly, Quarterly and Half-yearly options are available 1 / 2 / 3 years ₹5 L, ₹7.5 L, ₹10 L, ₹15 L, ₹20 L, ₹25 L, ₹50 L, ₹75 L, ₹1 Cr",
POL004_STAR_COMPREHENSIVE_C0008,POL004_STAR_COMPREHENSIVE,Star_Comprehensive.pdf,3,3,,Sum Insured (SI),,Sum Insured (SI) For Adults: 18 years to 65 years For Dependent Children: 91 days to 25 years (Floater Policy),
POL004_STAR_COMPREHENSIVE_C0009,POL004_STAR_COMPREHENSIVE,Star_Comprehensive.pdf,4,4,,,,"Medical expenses for Inpatient Hospitalization incurred on treatment under Ayurveda, Unani, Siddha and Homeopathy systems of medicines in an AYUSH Hospital are payable up to the Sum Insured. Note: Claims under Yoga and Naturopathy system of treatment will be payable subject to prior approval from the company.",
POL004_STAR_COMPREHENSIVE_C0010,POL004_STAR_COMPREHENSIVE,Star_Comprehensive.pdf,4,4,,AYUSH Treatment,,"AYUSH Treatment All day care procedures are covered up to Sum Insured. This policy is subject to Co-payment of 10% of each and every claim amount for fresh as well as renewal policies for Insured Persons whose age at the time of entry is 61 years and above. This co-payment will not apply for those Insured Persons who have entered the policy before attaining 61 years of age and renew the policy continuously without any break. For detailed understanding of this benefit, kindly refer the Prospectus document of Star Comprehensive Insurance Policy available in our website download section.",
POL004_STAR_COMPREHENSIVE_C0011,POL004_STAR_COMPREHENSIVE,Star_Comprehensive.pdf,4,4,,Day Care Treatment,,"Day Care Treatment This discount is only applicable for Insured Persons aged up to 59 years. In case of floater policies, age of the eldest member will be taken into consideration for the calculation of this discount.",
POL004_STAR_COMPREHENSIVE_C0012,POL004_STAR_COMPREHENSIVE,Star_Comprehensive.pdf,4,4,,Co-Payment,,"Co-Payment Covered up to Sum Insured for expenses such as Room Rent (Single Private A/C Room), Boarding and Nursing Expenses, ICU charges, Fees for Surgeon, Anesthetist,",
POL004_STAR_COMPREHENSIVE_C0013,POL004_STAR_COMPREHENSIVE,Star_Comprehensive.pdf,4,4,,"Medical Practitioner, Consultants and Specialists, Anesthesia, Blood, Oxygen,",,"Medical Practitioner, Consultants and Specialists, Anesthesia, Blood, Oxygen, Operation Theatre charges, Surgical Appliances, Medicines and Drugs, Diagnostic Materials and X-ray, diagnostic imaging modalities, Dialysis, Chemotherapy, Radiotherapy, cost of Pacemaker, stent and such other similar expenses.",
POL004_STAR_COMPREHENSIVE_C0014,POL004_STAR_COMPREHENSIVE,Star_Comprehensive.pdf,5,5,,,,"Subject to an admissible hospitalization claim, Road Ambulance expenses incurred for the following are payable up to Sum Insured;",
POL004_STAR_COMPREHENSIVE_C0015,POL004_STAR_COMPREHENSIVE,Star_Comprehensive.pdf,5,5,,Road Ambulance,,Road Ambulance (or) Coverage for medical expenses incurred up to 90 days immediately after the Insured Person is discharged from the hospital.,
POL004_STAR_COMPREHENSIVE_C0016,POL004_STAR_COMPREHENSIVE,Star_Comprehensive.pdf,5,5,,Post Hospitalization Expenses,,Post Hospitalization Expenses Coverage for Medical expenses incurred up to 60 days immediately before the Insured Person is hospitalized.,
POL004_STAR_COMPREHENSIVE_C0017,POL004_STAR_COMPREHENSIVE,Star_Comprehensive.pdf,5,5,,Pre Hospitalization Expenses,,Pre Hospitalization Expenses Coverage available for the below listed Modern Treatments up to the limits as specified in the Policy Wordings;,
POL004_STAR_COMPREHENSIVE_C0018,POL004_STAR_COMPREHENSIVE,Star_Comprehensive.pdf,5,5,,Coverage for Modern Treatments,,Coverage for Modern Treatments Immunotherapy-Monoclonal Antibody to be given as injection Stem Cell Therapy: Hematopoietic stem cells for Bone Marror Transplant,
POL004_STAR_COMPREHENSIVE_C0019,POL004_STAR_COMPREHENSIVE,Star_Comprehensive.pdf,5,5,,IONM-(Intra Operative Neuro Monitoring),,IONM-(Intra Operative Neuro Monitoring) Vaporisation of the prostate (Green Laser Treatment or Holmium Laser Treatment),
POL004_STAR_COMPREHENSIVE_C0020,POL004_STAR_COMPREHENSIVE,Star_Comprehensive.pdf,5,5,,Balloon Sinoplasty,,Balloon Sinoplasty For transportation of the Insured Person by private ambulance service to go to hospital when this is needed for medical reasons.,
POL004_STAR_COMPREHENSIVE_C0021,POL004_STAR_COMPREHENSIVE,Star_Comprehensive.pdf,5,5,,Uterine Artery Embolization and HIFU,,Uterine Artery Embolization and HIFU,
POL004_STAR_COMPREHENSIVE_C0022,POL004_STAR_COMPREHENSIVE,Star_Comprehensive.pdf,6,6,,,,"The coverage limit under this section is over and above the Limit of Coverage and up to the basic Sum Insured. This additional Sum Insured can be utilized by the Donor and not by the Insured Person. Coverage available for medical treatment (including AYUSH) for a period exceeding three days, for an illness/disease/injury, which in the normal course, would require care and treatment at a Hospital but, on the advice of the attending Medical Practitioner, is taken whilst confined at home under any of the following circumstances;",
POL004_STAR_COMPREHENSIVE_C0023,POL004_STAR_COMPREHENSIVE,Star_Comprehensive.pdf,6,6,,Domiciliary Hospitalization,,"Domiciliary Hospitalization Payable up to 10% of the Sum Insured subject to maximum of ₹5 lac in a Policy Year, for treatment availed by the Insured Person at home, only for the specified conditions.",
POL004_STAR_COMPREHENSIVE_C0024,POL004_STAR_COMPREHENSIVE,Star_Comprehensive.pdf,6,6,,Home Care Treatment,,"Home Care Treatment In patient hospitalization expenses incurred for organ transplantation from the Donor to the Recipient Insured Person are payable provided the claim for transplantation is payable. In addition, the expenses incurred by the Donor, (if any) for the complications that necessitate a redo Surgery / ICU admission will be covered.",
POL004_STAR_COMPREHENSIVE_C0025,POL004_STAR_COMPREHENSIVE,Star_Comprehensive.pdf,6,6,,Organ Donor Expenses,,"Organ Donor Expenses Subject to an admissible hospitalization claim, the Insured Person(s) is/are eligible for reimbursement of expenses incurred towards the cost of air ambulance service up to ₹2,50,000/- per hospitalization not exceeding ₹5,00,000/- per Policy Year.",
POL004_STAR_COMPREHENSIVE_C0026,POL004_STAR_COMPREHENSIVE,Star_Comprehensive.pdf,6,6,,Air Ambulance,,Air Ambulance For transportation of the Insured Person from the hospital where treatment is taken to their place of residence provided the requirement of an ambulance to the residence is certified by the medical practitioner. (or) For transportation of the Insured Person by private ambulance service from one hospital to another hospital for better medical treatment.,
POL004_STAR_COMPREHENSIVE_C0027,POL004_STAR_COMPREHENSIVE,Star_Comprehensive.pdf,7,7,,,,"(or) Treatment of the New Born. Expenses incurred as in-patient for Delivery including Delivery by Caesarean section (including prenatal and post-natal expenses) are payable for a maximum of 2 deliveries during the lifetime under this policy. Where the Sum Insured under the Policy is ₹7.5 Lac or above, the Insured Person will be eligible for Cumulative bonus calculated at 100% of the basic Sum Insured for each claim free year subject to a maximum of 100% of the basic Sum Insured. Coverage is available for the below; This Benefit is not available for Modern Treatment. The basic Sum Insured shall be automatically restored once in a Policy Year by 100% upon exhaustion of basic Sum Insured and accrued Cumulative Bonus, if any. Such Restored basic Sum Insured can be utilized for all claims during the policy period.",
POL004_STAR_COMPREHENSIVE_C0028,POL004_STAR_COMPREHENSIVE,Star_Comprehensive.pdf,7,7,,Automatic Restoration of SI,,"Automatic Restoration of SI Where the Sum Insured under the Policy is ₹5 Lac, the Insured Person will be eligible for Cumulative bonus calculated at 50% of the basic Sum Insured for each claim free year subject to a maximum of 100% of the basic Sum Insured.",
POL004_STAR_COMPREHENSIVE_C0029,POL004_STAR_COMPREHENSIVE,Star_Comprehensive.pdf,7,7,,Cumulative Bonus,,"Cumulative Bonus However, this benefit shall not cover Asthma, Bronchitis, Chronic Nephritis and Nephritic Syndrome, Diarrhoea and all types of Dysenteries including Gastro-enteritis, Diabetes Mellitus and Insipidus, Epilepsy, Hypertension, Influenza, Cough and Cold, all Psychiatric or Psychosomatic Disorders, Pyrexia of unknown origin for less than 10 days, Tonsillitis and Upper Respiratory Tract infection including Laryngitis and Pharyngitis, Arthritis, Gout and Rheumatism. The patient takes treatment at home on account of non-availability of room in a hospital. The condition of the patient is such that he/she is not in a condition to be removed to a hospital.",
POL004_STAR_COMPREHENSIVE_C0030,POL004_STAR_COMPREHENSIVE,Star_Comprehensive.pdf,8,8,,Sum Insured (₹),,"Sum Insured (₹) 5,00,000/- to 25,00,000/- Limit per Policy Period (₹) 5,000",
POL004_STAR_COMPREHENSIVE_C0031,POL004_STAR_COMPREHENSIVE,Star_Comprehensive.pdf,8,8,,"Above 25,00,000/-",,"Above 25,00,000/- 10,000 Vaccination expenses for the new born baby are payable up to the limits mentioned in the table below until the new born baby completes one year of age and is added in the policy on renewal. Applicable Limits for Delivery Expenses and treatment of New Born",
POL004_STAR_COMPREHENSIVE_C0032,POL004_STAR_COMPREHENSIVE,Star_Comprehensive.pdf,8,8,,Sum Insured (₹),,"Sum Insured (₹) 1,00,000/- 50,000/- 40,000/-",
POL004_STAR_COMPREHENSIVE_C0033,POL004_STAR_COMPREHENSIVE,Star_Comprehensive.pdf,8,8,,New Born Cover (₹),,"New Born Cover (₹) 2,00,000/- 1,00,000/- 1,00,000/- 1,00,000/- 20,000/-",
POL004_STAR_COMPREHENSIVE_C0034,POL004_STAR_COMPREHENSIVE,Star_Comprehensive.pdf,8,8,,Delivery (₹),,"Delivery (₹) 50,000/- 30,000/- 25,000/- 15,000/- 5,00,000/- 7,50,000/- 10,00,000/- to 25,00,000/- 50,00,000/- to 1,00,00,000/- Both Self and Spouse are covered under this policy either on floater basis or on individual basis and both Self and Spouse should have been covered for a continuous period of 24 months under Star Comprehensive Insurance Policy.",
POL004_STAR_COMPREHENSIVE_C0035,POL004_STAR_COMPREHENSIVE,Star_Comprehensive.pdf,8,8,,Note:,,Note: A waiting period of 24 months will apply afresh following a claim under delivery. The policy covering the self and spouse are in force when the benefit under this Section becomes payable. This cover is available only when; Pre-hospitalization and Post Hospitalization expenses and Hospital Cash Benefit are not applicable for this Section.,
POL004_STAR_COMPREHENSIVE_C0036,POL004_STAR_COMPREHENSIVE,Star_Comprehensive.pdf,9,9,,,,"Out-patient Medical Consultation Expenses incurred as Outpatient on acute treatment to a natural tooth or teeth or Eye are payable up to the specified limits, once every block of 3 years of continuous coverage. This benefit is payable only on cashless basis.",
POL004_STAR_COMPREHENSIVE_C0037,POL004_STAR_COMPREHENSIVE,Star_Comprehensive.pdf,9,9,,Out-patient Dental and Ophthalmic Treatment,,Out-patient Dental and Ophthalmic Treatment Expenses on Medical Consultations as an Outpatient for other than Dental and Ophthalmic treatments are payable with a limit of ₹300/- per consultation. This benefit is payable only on cashless basis.,
POL004_STAR_COMPREHENSIVE_C0038,POL004_STAR_COMPREHENSIVE,Star_Comprehensive.pdf,9,9,,Out-patient Medical Consultation,,Out-patient Medical Consultation The limit of cover for Bariatric Surgery forms part of base Sum Insured and is subject to a waiting period of 36 months.,
POL004_STAR_COMPREHENSIVE_C0039,POL004_STAR_COMPREHENSIVE,Star_Comprehensive.pdf,9,9,,Sum Insured (₹),,"Sum Insured (₹) Limit of per consultation is ₹300/- 50,00,000/-, 75,00,000/- and 1,00,00,000/- 5,000/- 25,00,000/- 3,300/- 20,00,000/- 3,000/- 15,00,000/- 2,400/- 10,00,000/- 2,100/- 7,50,000/- 1,500/- 5,00,000/-",
POL004_STAR_COMPREHENSIVE_C0040,POL004_STAR_COMPREHENSIVE,Star_Comprehensive.pdf,9,9,,Limit for Outpatient consultation per,,Limit for Outpatient consultation per Policy Period for other than Dental and,
POL004_STAR_COMPREHENSIVE_C0041,POL004_STAR_COMPREHENSIVE,Star_Comprehensive.pdf,9,9,,Ophthalmic Treatments (up to ₹),,"Ophthalmic Treatments (up to ₹) 1,200/-",
POL004_STAR_COMPREHENSIVE_C0042,POL004_STAR_COMPREHENSIVE,Star_Comprehensive.pdf,9,9,,Sum Insured (₹),,"Sum Insured (₹) 5,00,000/- to 15,00,000/- Limit per Policy Period (₹) 2,50,000/-",
POL004_STAR_COMPREHENSIVE_C0043,POL004_STAR_COMPREHENSIVE,Star_Comprehensive.pdf,9,9,,"Above 15,00,000/-",,"Above 15,00,000/- 5,00,000/- The expenses incurred on hospitalization for bariatric surgical procedure and its complications thereof are payable up to the specified limits during the policy period.",
POL004_STAR_COMPREHENSIVE_C0044,POL004_STAR_COMPREHENSIVE,Star_Comprehensive.pdf,10,10,,,,"The Company will pay a Cash Benefit as applicable for each completed day of hospitalization subject to a maximum of 7 days per hospitalization and 120 days during the policy period, provided there is a valid claim for hospitalization under this policy. This benefit is subject to 1 day Deductible. The Insured Person can avail, AI-driven face scan facility by using Star Health mobile app to know the vital parameters such as heart rate, oxygen saturation, respiration rate up to two times per month per Insured Person in a Policy Year.",
POL004_STAR_COMPREHENSIVE_C0045,POL004_STAR_COMPREHENSIVE,Star_Comprehensive.pdf,10,10,,Hospital Cash Benefit,,Hospital Cash Benefit The Insured Person can avail unlimited number of Tele-consultations on Star Health mobile application or digital platforms. The Insured Person is given the facility of obtaining an “E-Domestic Second Medical Opinion” from the Company’s network of Medical Practitioners.,
POL004_STAR_COMPREHENSIVE_C0046,POL004_STAR_COMPREHENSIVE,Star_Comprehensive.pdf,10,10,,E-Domestic Second Medical Opinion,,E-Domestic Second Medical Opinion We will arrange for a Preventive Health Check-up at Our Network Providers for the applicable package as specified below as per opted Sum Insured.,
POL004_STAR_COMPREHENSIVE_C0047,POL004_STAR_COMPREHENSIVE,Star_Comprehensive.pdf,10,10,,Package B,,"Package B 5,00,000/- to 10,00,000/-",
POL004_STAR_COMPREHENSIVE_C0048,POL004_STAR_COMPREHENSIVE,Star_Comprehensive.pdf,10,10,,Out-patient Dental and Ophthalmic Treatment,,Out-patient Dental and Ophthalmic Treatment,
POL004_STAR_COMPREHENSIVE_C0049,POL004_STAR_COMPREHENSIVE,Star_Comprehensive.pdf,10,10,,"Above 25,00,000/-",,"Above 25,00,000/- 15,000/- 10,00,000/- to 25,00,000/- 10,000/- 5,00,000/- and 7,50,000/-",
POL004_STAR_COMPREHENSIVE_C0050,POL004_STAR_COMPREHENSIVE,Star_Comprehensive.pdf,10,10,,Ophthalmic Treatments for each block,,"Ophthalmic Treatments for each block of 3 continuous years (up to ₹) 5,000/-",
POL004_STAR_COMPREHENSIVE_C0051,POL004_STAR_COMPREHENSIVE,Star_Comprehensive.pdf,11,11,,,,Wellness Points Earned 751 to 1000 10% 601 to 750 7% 351 to 600 5% 200 to 350,
POL004_STAR_COMPREHENSIVE_C0052,POL004_STAR_COMPREHENSIVE,Star_Comprehensive.pdf,11,11,,Discount in Premium,,"Discount in Premium 2% * The sum insured for this cover is separately indicated in policy schedule. Cover is available for one Insured Person as opted by the Proposer. Dependent children and persons above 70 years can be covered under accidental death and permanent total disablement up to the Sum Insured of ₹10,00,000/- Permanent Total Disability following an accident For more information, Please visit our website: www.starhealth.in.",
POL004_STAR_COMPREHENSIVE_C0053,POL004_STAR_COMPREHENSIVE,Star_Comprehensive.pdf,11,11,,Accidental Death,,"Accidental Death This program is intended to promote, incentivize and to reward the Insured Persons’ healthy lifestyle through various wellness activities. The wellness activities as detailed in the website is designed to help the Insured Person to earn wellness reward points which will be tracked and monitored by the Company. The wellness points earned by the Insured Person(s) under the wellness program, can be utilized to get discount in premium. The following table shows the discount on premiums available under the Wellness Program.",
POL004_STAR_COMPREHENSIVE_C0054,POL004_STAR_COMPREHENSIVE,Star_Comprehensive.pdf,11,11,,Accidental Death and Permanent Total Disablement,,Accidental Death and Permanent Total Disablement,
POL004_STAR_COMPREHENSIVE_C0055,POL004_STAR_COMPREHENSIVE,Star_Comprehensive.pdf,11,11,,Sum Insured (₹),,"Sum Insured (₹) 50,00,000/-, 75,00,000/- and 1,00,00,000/- 2,500/- 25,00,000/- 1,500/- 15,00,000/- and 20,00,000/- 1,000/- 7,50,000/- and 10,00,000/- 750/- 5,00,000/-",
POL004_STAR_COMPREHENSIVE_C0056,POL004_STAR_COMPREHENSIVE,Star_Comprehensive.pdf,11,11,,Hospital Cash Benefit - Limit of Company’s,,Hospital Cash Benefit - Limit of Company’s liability per day (₹) 500/-,
POL004_STAR_COMPREHENSIVE_C0057,POL004_STAR_COMPREHENSIVE,Star_Comprehensive.pdf,12,12,,Delivery Expenses and New Born: 24 months,,Delivery Expenses and New Born: 24 months,
POL004_STAR_COMPREHENSIVE_C0058,POL004_STAR_COMPREHENSIVE,Star_Comprehensive.pdf,12,12,,Pre-Existing Disease Waiting Period: 36 months,,Pre-Existing Disease Waiting Period: 36 months,
POL004_STAR_COMPREHENSIVE_C0059,POL004_STAR_COMPREHENSIVE,Star_Comprehensive.pdf,12,12,,Specified Disease/ Procedure Waiting Period: 24 months,,"Specified Disease/ Procedure Waiting Period: 24 months Upon purchase of this optional cover, the PED Waiting Period reduces from 36 months to 12 months. Zone A: Delhi, New Delhi, Faridabad, Gurugram, Shahdara, Gautam Buddha Nagar,",
POL004_STAR_COMPREHENSIVE_C0060,POL004_STAR_COMPREHENSIVE,Star_Comprehensive.pdf,12,12,,"Ghaziabad, Mewat, Alwar, Baghpat, Bharatpur, Bhiwani, Bulandshahar, Fatehabad,",,"Ghaziabad, Mewat, Alwar, Baghpat, Bharatpur, Bhiwani, Bulandshahar, Fatehabad, Hisar, Jhajjar, Jind, Kaithal, Karnal, Kurukshetra, Mahendragarh, Meerut, Muzaffar Nagar, Palwal, Panchsheel Nagar (Hapur), Panipat, Rewari, Rohtak, Saharanpur, Sirsa, Sonipat, Charkhi Dadri, Gujarat, Daman and Diu, Dadra and Nagar Haveli, Mumbai (including suburban), Thane, Palghar and Raigad",
POL004_STAR_COMPREHENSIVE_C0061,POL004_STAR_COMPREHENSIVE,Star_Comprehensive.pdf,12,12,,Zone E: Rest of India,,"Zone E: Rest of India Zone D: Rest of Uttar Pradesh, Rest of Tamil Nadu, Rest of Kerala, Rest of Maharashtra, Rest of Haryana, Rest of Madhya Pradesh, Rest of Karnataka, Rest of Rajasthan, Andhra Pradesh, Punjab, Kolkata, North 24 Parganas and Paschim Bardhaman Zone C: Chennai, Bengaluru, Chengalpattu, Kanchipuram, Tiruvallur, Indore and Gwalior",
POL004_STAR_COMPREHENSIVE_C0062,POL004_STAR_COMPREHENSIVE,Star_Comprehensive.pdf,12,12,,"Zone B: Telangana, Ernakulam, Kollam, Wayanad, Thiruvananthapuram, Mathura,",,"Zone B: Telangana, Ernakulam, Kollam, Wayanad, Thiruvananthapuram, Mathura,",
POL004_STAR_COMPREHENSIVE_C0063,POL004_STAR_COMPREHENSIVE,Star_Comprehensive.pdf,12,12,,"Aligarh, Pune, Nashik and Ahmed Nagar",,"Aligarh, Pune, Nashik and Ahmed Nagar (Premiums are payable as per applicable Zone)",
POL004_STAR_COMPREHENSIVE_C0064,POL004_STAR_COMPREHENSIVE,Star_Comprehensive.pdf,12,12,,Buy Back of Pre-Existing Disease Waiting Period,,Buy Back of Pre-Existing Disease Waiting Period,
POL004_STAR_COMPREHENSIVE_C0065,POL004_STAR_COMPREHENSIVE,Star_Comprehensive.pdf,13,13,,,,"The information provided in this brochure is only indicative. This is only a summary of selective SI and features of this Product. For more details on the risk factors, terms and conditions, please read the policy wordings before concluding sale Or visit our website www.starhealth.in",
POL004_STAR_COMPREHENSIVE_C0066,POL004_STAR_COMPREHENSIVE,Star_Comprehensive.pdf,13,13,,Key Exclusions*,,"Key Exclusions* Expenses related to any admission primarily for diagnostics and evaluation purposes only, Rest Cure, rehabilitation and respite care, Change of Gender treatments, Cosmetic or plastic Surgery, Breach of law, Treatment for Alcoholism, drug or substance abuse or any addictive condition and consequences thereof, Unproven Treatments, Intentional self-injury, Any hospitalizations which are not medically necessary / does not warrant hospitalization. *Refer to the policy document for complete list of Exclusions under this Product. Prohibition of Rebates (Section 41 of Insurance Act 1938) This is only a summary of the product features and is for reference purposes only. The details of benefits available shall be as described in the prospectus, and will be subject to the policy wording, terms, conditions and exclusions. Please call our customer service if you require any further information (044 - 6900 6900).",
POL004_STAR_COMPREHENSIVE_C0067,POL004_STAR_COMPREHENSIVE,Star_Comprehensive.pdf,13,13,,Services,,"Services Insurance is the subject matter of solicitation | BRO / COMP / V.18 / 2025 Star Health and Allied Insurance Co. Ltd. For more details on risk factors, terms and conditions, please read the prospectus carefully before concluding a sale. IRDAI or its officials do not involve in activities like selling insurance policies, announcing",
POL004_STAR_COMPREHENSIVE_C0068,POL004_STAR_COMPREHENSIVE,Star_Comprehensive.pdf,13,13,,bonus or investment of premiums. Public,,"bonus or investment of premiums. Public receiving such phone calls are requested to lodge a police complaint. Registered Office: No: 1, New Tank Street, Valluvarkottam High Road, Nungambakkam, Chennai – 600 034 | Phone: 044 - 2828 8800 Corporate Office: No. 148, Acropolis, Dr. Radha Krishnan Salai, Mylapore, Chennai - 600 004 | Phone: 044 - 4788 6666 Email: support@starhealth.in | Website: www.starhealth.in CIN: L66010TN2005PLC056649 | IRDAI Regn. No.: 129 No person shall allow or offer to allow, either directly or indirectly, as an inducement to any person to take out or renew or continue an insurance in respect of any kind of risk relating to lives or property in India, any rebate of the whole or part of the commission payable or any rebate of the premium shown on the policy, nor shall any person taking out or renewing or continuing a policy accept any rebate, except such rebate as may be allowed in accordance with the published prospectuses or tables of the insurer. Any person making default in complying with the provisions of this section shall be liable for a penalty which may extend to ten lakhs rupees.",
